0,0,0
0,0,7
0,0,15
0,0,23
0,0,31
0,0,39
0,0,47
0,0,55
0,0,63
0,0,71
0,0,79
0,0,87
0,0,95
0,0,103
0,0,111
0,0,119
0,0,127
0,0,135
0,0,143
0,0,151
0,0,159
0,0,167
0,0,175
0,0,183
0,0,191
0,0,199
0,0,207
0,0,215
0,0,223
0,0,231
0,0,239
0,0,247
0,0,255
0,7,0
0,7,7
0,7,15
0,7,23
0,7,31
0,7,39
0,7,47
0,7,55
0,7,63
0,7,71
0,7,79
0,7,87
0,7,95
0,7,103
0,7,111
0,7,119
0,7,127
0,7,135
0,7,143
0,7,151
0,7,159
0,7,167
0,7,175
0,7,183
0,7,191
0,7,199
0,7,207
0,7,215
0,7,223
0,7,231
0,7,239
0,7,247
0,7,255
0,15,0
0,15,7
0,15,15
0,15,23
0,15,31
0,15,39
0,15,47
0,15,55
0,15,63
0,15,71
0,15,79
0,15,87
0,15,95
0,15,103
0,15,111
0,15,119
0,15,127
0,15,135
0,15,143
0,15,151
0,15,159
0,15,167
0,15,175
0,15,183
0,15,191
0,15,199
0,15,207
0,15,215
0,15,223
0,15,231
0,15,239
0,15,247
0,15,255
0,23,0
0,23,7
0,23,15
0,23,23
0,23,31
0,23,39
0,23,47
0,23,55
0,23,63
0,23,71
0,23,79
0,23,87
0,23,95
0,23,103
0,23,111
0,23,119
0,23,127
0,23,135
0,23,143
0,23,151
0,23,159
0,23,167
0,23,175
0,23,183
0,23,191
0,23,199
0,23,207
0,23,215
0,23,223
0,23,231
0,23,239
0,23,247
0,23,255
0,31,0
0,31,7
0,31,15
0,31,23
0,31,31
0,31,39
0,31,47
0,31,55
0,31,63
0,31,71
0,31,79
0,31,87
0,31,95
0,31,103
0,31,111
0,31,119
0,31,127
0,31,135
0,31,143
0,31,151
0,31,159
0,31,167
0,31,175
0,31,183
0,31,191
0,31,199
0,31,207
0,31,215
0,31,223
0,31,231
0,31,239
0,31,247
0,31,255
0,39,0
0,39,7
0,39,15
0,39,23
0,39,31
0,39,39
0,39,47
0,39,55
0,39,63
0,39,71
0,39,79
0,39,87
0,39,95
0,39,103
0,39,111
0,39,119
0,39,127
0,39,135
0,39,143
0,39,151
0,39,159
0,39,167
0,39,175
0,39,183
0,39,191
0,39,199
0,39,207
0,39,215
0,39,223
0,39,231
0,39,239
0,39,247
0,39,255
0,47,0
0,47,7
0,47,15
0,47,23
0,47,31
0,47,39
0,47,47
0,47,55
0,47,63
0,47,71
0,47,79
0,47,87
0,47,95
0,47,103
0,47,111
0,47,119
0,47,127
0,47,135
0,47,143
0,47,151
0,47,159
0,47,167
0,47,175
0,47,183
0,47,191
0,47,199
0,47,207
0,47,215
0,47,223
0,47,231
0,47,239
0,47,247
0,47,255
0,55,0
0,55,7
0,55,15
0,55,23
0,55,31
0,55,39
0,55,47
0,55,55
0,55,63
0,55,71
0,55,79
0,55,87
0,55,95
0,55,103
0,55,111
0,55,119
0,55,127
0,55,135
0,55,143
0,55,151
0,55,159
0,55,167
0,55,175
0,55,183
0,55,191
0,55,199
0,55,207
0,55,215
0,55,223
0,55,231
0,55,239
0,55,247
0,55,255
0,63,0
0,63,7
0,63,15
0,63,23
0,63,31
0,63,39
0,63,47
0,63,55
0,63,63
0,63,71
0,63,79
0,63,87
0,63,95
0,63,103
0,63,111
0,63,119
0,63,127
0,63,135
0,63,143
0,63,151
0,63,159
0,63,167
0,63,175
0,63,183
0,63,191
0,63,199
0,63,207
0,63,215
0,63,223
0,63,231
0,63,239
0,63,247
0,63,255
0,71,0
0,71,7
0,71,15
0,71,23
0,71,31
0,71,39
0,71,47
0,71,55
0,71,63
0,71,71
0,71,79
0,71,87
0,71,95
0,71,103
0,71,111
0,71,119
0,71,127
0,71,135
0,71,143
0,71,151
0,71,159
0,71,167
0,71,175
0,71,183
0,71,191
0,71,199
0,71,207
0,71,215
0,71,223
0,71,231
0,71,239
0,71,247
0,71,255
0,79,0
0,79,7
0,79,15
0,79,23
0,79,31
0,79,39
0,79,47
0,79,55
0,79,63
0,79,71
0,79,79
0,79,87
0,79,95
0,79,103
0,79,111
0,79,119
0,79,127
0,79,135
0,79,143
0,79,151
0,79,159
0,79,167
0,79,175
0,79,183
0,79,191
0,79,199
0,79,207
0,79,215
0,79,223
0,79,231
0,79,239
0,79,247
0,79,255
0,87,0
0,87,7
0,87,15
0,87,23
0,87,31
0,87,39
0,87,47
0,87,55
0,87,63
0,87,71
0,87,79
0,87,87
0,87,95
0,87,103
0,87,111
0,87,119
0,87,127
0,87,135
0,87,143
0,87,151
0,87,159
0,87,167
0,87,175
0,87,183
0,87,191
0,87,199
0,87,207
0,87,215
0,87,223
0,87,231
0,87,239
0,87,247
0,87,255
0,95,0
0,95,7
0,95,15
0,95,23
0,95,31
0,95,39
0,95,47
0,95,55
0,95,63
0,95,71
0,95,79
0,95,87
0,95,95
0,95,103
0,95,111
0,95,119
0,95,127
0,95,135
0,95,143
0,95,151
0,95,159
0,95,167
0,95,175
0,95,183
0,95,191
0,95,199
0,95,207
0,95,215
0,95,223
0,95,231
0,95,239
0,95,247
0,95,255
0,103,0
0,103,7
0,103,15
0,103,23
0,103,31
0,103,39
0,103,47
0,103,55
0,103,63
0,103,71
0,103,79
0,103,87
0,103,95
0,103,103
0,103,111
0,103,119
0,103,127
0,103,135
0,103,143
0,103,151
0,103,159
0,103,167
0,103,175
0,103,183
0,103,191
0,103,199
0,103,207
0,103,215
0,103,223
0,103,231
0,103,239
0,103,247
0,103,255
0,111,0
0,111,7
0,111,15
0,111,23
0,111,31
0,111,39
0,111,47
0,111,55
0,111,63
0,111,71
0,111,79
0,111,87
0,111,95
0,111,103
0,111,111
0,111,119
0,111,127
0,111,135
0,111,143
0,111,151
0,111,159
0,111,167
0,111,175
0,111,183
0,111,191
0,111,199
0,111,207
0,111,215
0,111,223
0,111,231
0,111,239
0,111,247
0,111,255
0,119,0
0,119,7
0,119,15
0,119,23
0,119,31
0,119,39
0,119,47
0,119,55
0,119,63
0,119,71
0,119,79
0,119,87
0,119,95
0,119,103
0,119,111
0,119,119
0,119,127
0,119,135
0,119,143
0,119,151
0,119,159
0,119,167
0,119,175
0,119,183
0,119,191
0,119,199
0,119,207
0,119,215
0,119,223
0,119,231
0,119,239
0,119,247
0,119,255
0,127,0
0,127,7
0,127,15
0,127,23
0,127,31
0,127,39
0,127,47
0,127,55
0,127,63
0,127,71
0,127,79
0,127,87
0,127,95
0,127,103
0,127,111
0,127,119
0,127,127
0,127,135
0,127,143
0,127,151
0,127,159
0,127,167
0,127,175
0,127,183
0,127,191
0,127,199
0,127,207
0,127,215
0,127,223
0,127,231
0,127,239
0,127,247
0,127,255
0,135,0
0,135,7
0,135,15
0,135,23
0,135,31
0,135,39
0,135,47
0,135,55
0,135,63
0,135,71
0,135,79
0,135,87
0,135,95
0,135,103
0,135,111
0,135,119
0,135,127
0,135,135
0,135,143
0,135,151
0,135,159
0,135,167
0,135,175
0,135,183
0,135,191
0,135,199
0,135,207
0,135,215
0,135,223
0,135,231
0,135,239
0,135,247
0,135,255
0,143,0
0,143,7
0,143,15
0,143,23
0,143,31
0,143,39
0,143,47
0,143,55
0,143,63
0,143,71
0,143,79
0,143,87
0,143,95
0,143,103
0,143,111
0,143,119
0,143,127
0,143,135
0,143,143
0,143,151
0,143,159
0,143,167
0,143,175
0,143,183
0,143,191
0,143,199
0,143,207
0,143,215
0,143,223
0,143,231
0,143,239
0,143,247
0,143,255
0,151,0
0,151,7
0,151,15
0,151,23
0,151,31
0,151,39
0,151,47
0,151,55
0,151,63
0,151,71
0,151,79
0,151,87
0,151,95
0,151,103
0,151,111
0,151,119
0,151,127
0,151,135
0,151,143
0,151,151
0,151,159
0,151,167
0,151,175
0,151,183
0,151,191
0,151,199
0,151,207
0,151,215
0,151,223
0,151,231
0,151,239
0,151,247
0,151,255
0,159,0
0,159,7
0,159,15
0,159,23
0,159,31
0,159,39
0,159,47
0,159,55
0,159,63
0,159,71
0,159,79
0,159,87
0,159,95
0,159,103
0,159,111
0,159,119
0,159,127
0,159,135
0,159,143
0,159,151
0,159,159
0,159,167
0,159,175
0,159,183
0,159,191
0,159,199
0,159,207
0,159,215
0,159,223
0,159,231
0,159,239
0,159,247
0,159,255
0,167,0
0,167,7
0,167,15
0,167,23
0,167,31
0,167,39
0,167,47
0,167,55
0,167,63
0,167,71
0,167,79
0,167,87
0,167,95
0,167,103
0,167,111
0,167,119
0,167,127
0,167,135
0,167,143
0,167,151
0,167,159
0,167,167
0,167,175
0,167,183
0,167,191
0,167,199
0,167,207
0,167,215
0,167,223
0,167,231
0,167,239
0,167,247
0,167,255
0,175,0
0,175,7
0,175,15
0,175,23
0,175,31
0,175,39
0,175,47
0,175,55
0,175,63
0,175,71
0,175,79
0,175,87
0,175,95
0,175,103
0,175,111
0,175,119
0,175,127
0,175,135
0,175,143
0,175,151
0,175,159
0,175,167
0,175,175
0,175,183
0,175,191
0,175,199
0,175,207
0,175,215
0,175,223
0,175,231
0,175,239
0,175,247
0,175,255
0,183,0
0,183,7
0,183,15
0,183,23
0,183,31
0,183,39
0,183,47
0,183,55
0,183,63
0,183,71
0,183,79
0,183,87
0,183,95
0,183,103
0,183,111
0,183,119
0,183,127
0,183,135
0,183,143
0,183,151
0,183,159
0,183,167
0,183,175
0,183,183
0,183,191
0,183,199
0,183,207
0,183,215
0,183,223
0,183,231
0,183,239
0,183,247
0,183,255
0,191,0
0,191,7
0,191,15
0,191,23
0,191,31
0,191,39
0,191,47
0,191,55
0,191,63
0,191,71
0,191,79
0,191,87
0,191,95
0,191,103
0,191,111
0,191,119
0,191,127
0,191,135
0,191,143
0,191,151
0,191,159
0,191,167
0,191,175
0,191,183
0,191,191
0,191,199
0,191,207
0,191,215
0,191,223
0,191,231
0,191,239
0,191,247
0,191,255
0,199,0
0,199,7
0,199,15
0,199,23
0,199,31
0,199,39
0,199,47
0,199,55
0,199,63
0,199,71
0,199,79
0,199,87
0,199,95
0,199,103
0,199,111
0,199,119
0,199,127
0,199,135
0,199,143
0,199,151
0,199,159
0,199,167
0,199,175
0,199,183
0,199,191
0,199,199
0,199,207
0,199,215
0,199,223
0,199,231
0,199,239
0,199,247
0,199,255
0,207,0
0,207,7
0,207,15
0,207,23
0,207,31
0,207,39
0,207,47
0,207,55
0,207,63
0,207,71
0,207,79
0,207,87
0,207,95
0,207,103
0,207,111
0,207,119
0,207,127
0,207,135
0,207,143
0,207,151
0,207,159
0,207,167
0,207,175
0,207,183
0,207,191
0,207,199
0,207,207
0,207,215
0,207,223
0,207,231
0,207,239
0,207,247
0,207,255
0,215,0
0,215,7
0,215,15
0,215,23
0,215,31
0,215,39
0,215,47
0,215,55
0,215,63
0,215,71
0,215,79
0,215,87
0,215,95
0,215,103
0,215,111
0,215,119
0,215,127
0,215,135
0,215,143
0,215,151
0,215,159
0,215,167
0,215,175
0,215,183
0,215,191
0,215,199
0,215,207
0,215,215
0,215,223
0,215,231
0,215,239
0,215,247
0,215,255
0,223,0
0,223,7
0,223,15
0,223,23
0,223,31
0,223,39
0,223,47
0,223,55
0,223,63
0,223,71
0,223,79
0,223,87
0,223,95
0,223,103
0,223,111
0,223,119
0,223,127
0,223,135
0,223,143
0,223,151
0,223,159
0,223,167
0,223,175
0,223,183
0,223,191
0,223,199
0,223,207
0,223,215
0,223,223
0,223,231
0,223,239
0,223,247
0,223,255
0,231,0
0,231,7
0,231,15
0,231,23
0,231,31
0,231,39
0,231,47
0,231,55
0,231,63
0,231,71
0,231,79
0,231,87
0,231,95
0,231,103
0,231,111
0,231,119
0,231,127
0,231,135
0,231,143
0,231,151
0,231,159
0,231,167
0,231,175
0,231,183
0,231,191
0,231,199
0,231,207
0,231,215
0,231,223
0,231,231
0,231,239
0,231,247
0,231,255
0,239,0
0,239,7
0,239,15
0,239,23
0,239,31
0,239,39
0,239,47
0,239,55
0,239,63
0,239,71
0,239,79
0,239,87
0,239,95
0,239,103
0,239,111
0,239,119
0,239,127
0,239,135
0,239,143
0,239,151
0,239,159
0,239,167
0,239,175
0,239,183
0,239,191
0,239,199
0,239,207
0,239,215
0,239,223
0,239,231
0,239,239
0,239,247
0,239,255
0,247,0
0,247,7
0,247,15
0,247,23
0,247,31
0,247,39
0,247,47
0,247,55
0,247,63
0,247,71
0,247,79
0,247,87
0,247,95
0,247,103
0,247,111
0,247,119
0,247,127
0,247,135
0,247,143
0,247,151
0,247,159
0,247,167
0,247,175
0,247,183
0,247,191
0,247,199
0,247,207
0,247,215
0,247,223
0,247,231
0,247,239
0,247,247
0,247,255
0,255,0
0,255,7
0,255,15
0,255,23
0,255,31
0,255,39
0,255,47
0,255,55
0,255,63
0,255,71
0,255,79
0,255,87
0,255,95
0,255,103
0,255,111
0,255,119
0,255,127
0,255,135
0,255,143
0,255,151
0,255,159
0,255,167
0,255,175
0,255,183
0,255,191
0,255,199
0,255,207
0,255,215
0,255,223
0,255,231
0,255,239
0,255,247
0,255,255
7,0,0
7,0,7
7,0,15
7,0,23
7,0,31
7,0,39
7,0,47
7,0,55
7,0,63
7,0,71
7,0,79
7,0,87
7,0,95
7,0,103
7,0,111
7,0,119
7,0,127
7,0,135
7,0,143
7,0,151
7,0,159
7,0,167
7,0,175
7,0,183
7,0,191
7,0,199
7,0,207
7,0,215
7,0,223
7,0,231
7,0,239
7,0,247
7,0,255
7,7,0
7,7,7
7,7,15
7,7,23
7,7,31
7,7,39
7,7,47
7,7,55
7,7,63
7,7,71
7,7,79
7,7,87
7,7,95
7,7,103
7,7,111
7,7,119
7,7,127
7,7,135
7,7,143
7,7,151
7,7,159
7,7,167
7,7,175
7,7,183
7,7,191
7,7,199
7,7,207
7,7,215
7,7,223
7,7,231
7,7,239
7,7,247
7,7,255
7,15,0
7,15,7
7,15,15
7,15,23
7,15,31
7,15,39
7,15,47
7,15,55
7,15,63
7,15,71
7,15,79
7,15,87
7,15,95
7,15,103
7,15,111
7,15,119
7,15,127
7,15,135
7,15,143
7,15,151
7,15,159
7,15,167
7,15,175
7,15,183
7,15,191
7,15,199
7,15,207
7,15,215
7,15,223
7,15,231
7,15,239
7,15,247
7,15,255
7,23,0
7,23,7
7,23,15
7,23,23
7,23,31
7,23,39
7,23,47
7,23,55
7,23,63
7,23,71
7,23,79
7,23,87
7,23,95
7,23,103
7,23,111
7,23,119
7,23,127
7,23,135
7,23,143
7,23,151
7,23,159
7,23,167
7,23,175
7,23,183
7,23,191
7,23,199
7,23,207
7,23,215
7,23,223
7,23,231
7,23,239
7,23,247
7,23,255
7,31,0
7,31,7
7,31,15
7,31,23
7,31,31
7,31,39
7,31,47
7,31,55
7,31,63
7,31,71
7,31,79
7,31,87
7,31,95
7,31,103
7,31,111
7,31,119
7,31,127
7,31,135
7,31,143
7,31,151
7,31,159
7,31,167
7,31,175
7,31,183
7,31,191
7,31,199
7,31,207
7,31,215
7,31,223
7,31,231
7,31,239
7,31,247
7,31,255
7,39,0
7,39,7
7,39,15
7,39,23
7,39,31
7,39,39
7,39,47
7,39,55
7,39,63
7,39,71
7,39,79
7,39,87
7,39,95
7,39,103
7,39,111
7,39,119
7,39,127
7,39,135
7,39,143
7,39,151
7,39,159
7,39,167
7,39,175
7,39,183
7,39,191
7,39,199
7,39,207
7,39,215
7,39,223
7,39,231
7,39,239
7,39,247
7,39,255
7,47,0
7,47,7
7,47,15
7,47,23
7,47,31
7,47,39
7,47,47
7,47,55
7,47,63
7,47,71
7,47,79
7,47,87
7,47,95
7,47,103
7,47,111
7,47,119
7,47,127
7,47,135
7,47,143
7,47,151
7,47,159
7,47,167
7,47,175
7,47,183
7,47,191
7,47,199
7,47,207
7,47,215
7,47,223
7,47,231
7,47,239
7,47,247
7,47,255
7,55,0
7,55,7
7,55,15
7,55,23
7,55,31
7,55,39
7,55,47
7,55,55
7,55,63
7,55,71
7,55,79
7,55,87
7,55,95
7,55,103
7,55,111
7,55,119
7,55,127
7,55,135
7,55,143
7,55,151
7,55,159
7,55,167
7,55,175
7,55,183
7,55,191
7,55,199
7,55,207
7,55,215
7,55,223
7,55,231
7,55,239
7,55,247
7,55,255
7,63,0
7,63,7
7,63,15
7,63,23
7,63,31
7,63,39
7,63,47
7,63,55
7,63,63
7,63,71
7,63,79
7,63,87
7,63,95
7,63,103
7,63,111
7,63,119
7,63,127
7,63,135
7,63,143
7,63,151
7,63,159
7,63,167
7,63,175
7,63,183
7,63,191
7,63,199
7,63,207
7,63,215
7,63,223
7,63,231
7,63,239
7,63,247
7,63,255
7,71,0
7,71,7
7,71,15
7,71,23
7,71,31
7,71,39
7,71,47
7,71,55
7,71,63
7,71,71
7,71,79
7,71,87
7,71,95
7,71,103
7,71,111
7,71,119
7,71,127
7,71,135
7,71,143
7,71,151
7,71,159
7,71,167
7,71,175
7,71,183
7,71,191
7,71,199
7,71,207
7,71,215
7,71,223
7,71,231
7,71,239
7,71,247
7,71,255
7,79,0
7,79,7
7,79,15
7,79,23
7,79,31
7,79,39
7,79,47
7,79,55
7,79,63
7,79,71
7,79,79
7,79,87
7,79,95
7,79,103
7,79,111
7,79,119
7,79,127
7,79,135
7,79,143
7,79,151
7,79,159
7,79,167
7,79,175
7,79,183
7,79,191
7,79,199
7,79,207
7,79,215
7,79,223
7,79,231
7,79,239
7,79,247
7,79,255
7,87,0
7,87,7
7,87,15
7,87,23
7,87,31
7,87,39
7,87,47
7,87,55
7,87,63
7,87,71
7,87,79
7,87,87
7,87,95
7,87,103
7,87,111
7,87,119
7,87,127
7,87,135
7,87,143
7,87,151
7,87,159
7,87,167
7,87,175
7,87,183
7,87,191
7,87,199
7,87,207
7,87,215
7,87,223
7,87,231
7,87,239
7,87,247
7,87,255
7,95,0
7,95,7
7,95,15
7,95,23
7,95,31
7,95,39
7,95,47
7,95,55
7,95,63
7,95,71
7,95,79
7,95,87
7,95,95
7,95,103
7,95,111
7,95,119
7,95,127
7,95,135
7,95,143
7,95,151
7,95,159
7,95,167
7,95,175
7,95,183
7,95,191
7,95,199
7,95,207
7,95,215
7,95,223
7,95,231
7,95,239
7,95,247
7,95,255
7,103,0
7,103,7
7,103,15
7,103,23
7,103,31
7,103,39
7,103,47
7,103,55
7,103,63
7,103,71
7,103,79
7,103,87
7,103,95
7,103,103
7,103,111
7,103,119
7,103,127
7,103,135
7,103,143
7,103,151
7,103,159
7,103,167
7,103,175
7,103,183
7,103,191
7,103,199
7,103,207
7,103,215
7,103,223
7,103,231
7,103,239
7,103,247
7,103,255
7,111,0
7,111,7
7,111,15
7,111,23
7,111,31
7,111,39
7,111,47
7,111,55
7,111,63
7,111,71
7,111,79
7,111,87
7,111,95
7,111,103
7,111,111
7,111,119
7,111,127
7,111,135
7,111,143
7,111,151
7,111,159
7,111,167
7,111,175
7,111,183
7,111,191
7,111,199
7,111,207
7,111,215
7,111,223
7,111,231
7,111,239
7,111,247
7,111,255
7,119,0
7,119,7
7,119,15
7,119,23
7,119,31
7,119,39
7,119,47
7,119,55
7,119,63
7,119,71
7,119,79
7,119,87
7,119,95
7,119,103
7,119,111
7,119,119
7,119,127
7,119,135
7,119,143
7,119,151
7,119,159
7,119,167
7,119,175
7,119,183
7,119,191
7,119,199
7,119,207
7,119,215
7,119,223
7,119,231
7,119,239
7,119,247
7,119,255
7,127,0
7,127,7
7,127,15
7,127,23
7,127,31
7,127,39
7,127,47
7,127,55
7,127,63
7,127,71
7,127,79
7,127,87
7,127,95
7,127,103
7,127,111
7,127,119
7,127,127
7,127,135
7,127,143
7,127,151
7,127,159
7,127,167
7,127,175
7,127,183
7,127,191
7,127,199
7,127,207
7,127,215
7,127,223
7,127,231
7,127,239
7,127,247
7,127,255
7,135,0
7,135,7
7,135,15
7,135,23
7,135,31
7,135,39
7,135,47
7,135,55
7,135,63
7,135,71
7,135,79
7,135,87
7,135,95
7,135,103
7,135,111
7,135,119
7,135,127
7,135,135
7,135,143
7,135,151
7,135,159
7,135,167
7,135,175
7,135,183
7,135,191
7,135,199
7,135,207
7,135,215
7,135,223
7,135,231
7,135,239
7,135,247
7,135,255
7,143,0
7,143,7
7,143,15
7,143,23
7,143,31
7,143,39
7,143,47
7,143,55
7,143,63
7,143,71
7,143,79
7,143,87
7,143,95
7,143,103
7,143,111
7,143,119
7,143,127
7,143,135
7,143,143
7,143,151
7,143,159
7,143,167
7,143,175
7,143,183
7,143,191
7,143,199
7,143,207
7,143,215
7,143,223
7,143,231
7,143,239
7,143,247
7,143,255
7,151,0
7,151,7
7,151,15
7,151,23
7,151,31
7,151,39
7,151,47
7,151,55
7,151,63
7,151,71
7,151,79
7,151,87
7,151,95
7,151,103
7,151,111
7,151,119
7,151,127
7,151,135
7,151,143
7,151,151
7,151,159
7,151,167
7,151,175
7,151,183
7,151,191
7,151,199
7,151,207
7,151,215
7,151,223
7,151,231
7,151,239
7,151,247
7,151,255
7,159,0
7,159,7
7,159,15
7,159,23
7,159,31
7,159,39
7,159,47
7,159,55
7,159,63
7,159,71
7,159,79
7,159,87
7,159,95
7,159,103
7,159,111
7,159,119
7,159,127
7,159,135
7,159,143
7,159,151
7,159,159
7,159,167
7,159,175
7,159,183
7,159,191
7,159,199
7,159,207
7,159,215
7,159,223
7,159,231
7,159,239
7,159,247
7,159,255
7,167,0
7,167,7
7,167,15
7,167,23
7,167,31
7,167,39
7,167,47
7,167,55
7,167,63
7,167,71
7,167,79
7,167,87
7,167,95
7,167,103
7,167,111
7,167,119
7,167,127
7,167,135
7,167,143
7,167,151
7,167,159
7,167,167
7,167,175
7,167,183
7,167,191
7,167,199
7,167,207
7,167,215
7,167,223
7,167,231
7,167,239
7,167,247
7,167,255
7,175,0
7,175,7
7,175,15
7,175,23
7,175,31
7,175,39
7,175,47
7,175,55
7,175,63
7,175,71
7,175,79
7,175,87
7,175,95
7,175,103
7,175,111
7,175,119
7,175,127
7,175,135
7,175,143
7,175,151
7,175,159
7,175,167
7,175,175
7,175,183
7,175,191
7,175,199
7,175,207
7,175,215
7,175,223
7,175,231
7,175,239
7,175,247
7,175,255
7,183,0
7,183,7
7,183,15
7,183,23
7,183,31
7,183,39
7,183,47
7,183,55
7,183,63
7,183,71
7,183,79
7,183,87
7,183,95
7,183,103
7,183,111
7,183,119
7,183,127
7,183,135
7,183,143
7,183,151
7,183,159
7,183,167
7,183,175
7,183,183
7,183,191
7,183,199
7,183,207
7,183,215
7,183,223
7,183,231
7,183,239
7,183,247
7,183,255
7,191,0
7,191,7
7,191,15
7,191,23
7,191,31
7,191,39
7,191,47
7,191,55
7,191,63
7,191,71
7,191,79
7,191,87
7,191,95
7,191,103
7,191,111
7,191,119
7,191,127
7,191,135
7,191,143
7,191,151
7,191,159
7,191,167
7,191,175
7,191,183
7,191,191
7,191,199
7,191,207
7,191,215
7,191,223
7,191,231
7,191,239
7,191,247
7,191,255
7,199,0
7,199,7
7,199,15
7,199,23
7,199,31
7,199,39
7,199,47
7,199,55
7,199,63
7,199,71
7,199,79
7,199,87
7,199,95
7,199,103
7,199,111
7,199,119
7,199,127
7,199,135
7,199,143
7,199,151
7,199,159
7,199,167
7,199,175
7,199,183
7,199,191
7,199,199
7,199,207
7,199,215
7,199,223
7,199,231
7,199,239
7,199,247
7,199,255
7,207,0
7,207,7
7,207,15
7,207,23
7,207,31
7,207,39
7,207,47
7,207,55
7,207,63
7,207,71
7,207,79
7,207,87
7,207,95
7,207,103
7,207,111
7,207,119
7,207,127
7,207,135
7,207,143
7,207,151
7,207,159
7,207,167
7,207,175
7,207,183
7,207,191
7,207,199
7,207,207
7,207,215
7,207,223
7,207,231
7,207,239
7,207,247
7,207,255
7,215,0
7,215,7
7,215,15
7,215,23
7,215,31
7,215,39
7,215,47
7,215,55
7,215,63
7,215,71
7,215,79
7,215,87
7,215,95
7,215,103
7,215,111
7,215,119
7,215,127
7,215,135
7,215,143
7,215,151
7,215,159
7,215,167
7,215,175
7,215,183
7,215,191
7,215,199
7,215,207
7,215,215
7,215,223
7,215,231
7,215,239
7,215,247
7,215,255
7,223,0
7,223,7
7,223,15
7,223,23
7,223,31
7,223,39
7,223,47
7,223,55
7,223,63
7,223,71
7,223,79
7,223,87
7,223,95
7,223,103
7,223,111
7,223,119
7,223,127
7,223,135
7,223,143
7,223,151
7,223,159
7,223,167
7,223,175
7,223,183
7,223,191
7,223,199
7,223,207
7,223,215
7,223,223
7,223,231
7,223,239
7,223,247
7,223,255
7,231,0
7,231,7
7,231,15
7,231,23
7,231,31
7,231,39
7,231,47
7,231,55
7,231,63
7,231,71
7,231,79
7,231,87
7,231,95
7,231,103
7,231,111
7,231,119
7,231,127
7,231,135
7,231,143
7,231,151
7,231,159
7,231,167
7,231,175
7,231,183
7,231,191
7,231,199
7,231,207
7,231,215
7,231,223
7,231,231
7,231,239
7,231,247
7,231,255
7,239,0
7,239,7
7,239,15
7,239,23
7,239,31
7,239,39
7,239,47
7,239,55
7,239,63
7,239,71
7,239,79
7,239,87
7,239,95
7,239,103
7,239,111
7,239,119
7,239,127
7,239,135
7,239,143
7,239,151
7,239,159
7,239,167
7,239,175
7,239,183
7,239,191
7,239,199
7,239,207
7,239,215
7,239,223
7,239,231
7,239,239
7,239,247
7,239,255
7,247,0
7,247,7
7,247,15
7,247,23
7,247,31
7,247,39
7,247,47
7,247,55
7,247,63
7,247,71
7,247,79
7,247,87
7,247,95
7,247,103
7,247,111
7,247,119
7,247,127
7,247,135
7,247,143
7,247,151
7,247,159
7,247,167
7,247,175
7,247,183
7,247,191
7,247,199
7,247,207
7,247,215
7,247,223
7,247,231
7,247,239
7,247,247
7,247,255
7,255,0
7,255,7
7,255,15
7,255,23
7,255,31
7,255,39
7,255,47
7,255,55
7,255,63
7,255,71
7,255,79
7,255,87
7,255,95
7,255,103
7,255,111
7,255,119
7,255,127
7,255,135
7,255,143
7,255,151
7,255,159
7,255,167
7,255,175
7,255,183
7,255,191
7,255,199
7,255,207
7,255,215
7,255,223
7,255,231
7,255,239
7,255,247
7,255,255
15,0,0
15,0,7
15,0,15
15,0,23
15,0,31
15,0,39
15,0,47
15,0,55
15,0,63
15,0,71
15,0,79
15,0,87
15,0,95
15,0,103
15,0,111
15,0,119
15,0,127
15,0,135
15,0,143
15,0,151
15,0,159
15,0,167
15,0,175
15,0,183
15,0,191
15,0,199
15,0,207
15,0,215
15,0,223
15,0,231
15,0,239
15,0,247
15,0,255
15,7,0
15,7,7
15,7,15
15,7,23
15,7,31
15,7,39
15,7,47
15,7,55
15,7,63
15,7,71
15,7,79
15,7,87
15,7,95
15,7,103
15,7,111
15,7,119
15,7,127
15,7,135
15,7,143
15,7,151
15,7,159
15,7,167
15,7,175
15,7,183
15,7,191
15,7,199
15,7,207
15,7,215
15,7,223
15,7,231
15,7,239
15,7,247
15,7,255
15,15,0
15,15,7
15,15,15
15,15,23
15,15,31
15,15,39
15,15,47
15,15,55
15,15,63
15,15,71
15,15,79
15,15,87
15,15,95
15,15,103
15,15,111
15,15,119
15,15,127
15,15,135
15,15,143
15,15,151
15,15,159
15,15,167
15,15,175
15,15,183
15,15,191
15,15,199
15,15,207
15,15,215
15,15,223
15,15,231
15,15,239
15,15,247
15,15,255
15,23,0
15,23,7
15,23,15
15,23,23
15,23,31
15,23,39
15,23,47
15,23,55
15,23,63
15,23,71
15,23,79
15,23,87
15,23,95
15,23,103
15,23,111
15,23,119
15,23,127
15,23,135
15,23,143
15,23,151
15,23,159
15,23,167
15,23,175
15,23,183
15,23,191
15,23,199
15,23,207
15,23,215
15,23,223
15,23,231
15,23,239
15,23,247
15,23,255
15,31,0
15,31,7
15,31,15
15,31,23
15,31,31
15,31,39
15,31,47
15,31,55
15,31,63
15,31,71
15,31,79
15,31,87
15,31,95
15,31,103
15,31,111
15,31,119
15,31,127
15,31,135
15,31,143
15,31,151
15,31,159
15,31,167
15,31,175
15,31,183
15,31,191
15,31,199
15,31,207
15,31,215
15,31,223
15,31,231
15,31,239
15,31,247
15,31,255
15,39,0
15,39,7
15,39,15
15,39,23
15,39,31
15,39,39
15,39,47
15,39,55
15,39,63
15,39,71
15,39,79
15,39,87
15,39,95
15,39,103
15,39,111
15,39,119
15,39,127
15,39,135
15,39,143
15,39,151
15,39,159
15,39,167
15,39,175
15,39,183
15,39,191
15,39,199
15,39,207
15,39,215
15,39,223
15,39,231
15,39,239
15,39,247
15,39,255
15,47,0
15,47,7
15,47,15
15,47,23
15,47,31
15,47,39
15,47,47
15,47,55
15,47,63
15,47,71
15,47,79
15,47,87
15,47,95
15,47,103
15,47,111
15,47,119
15,47,127
15,47,135
15,47,143
15,47,151
15,47,159
15,47,167
15,47,175
15,47,183
15,47,191
15,47,199
15,47,207
15,47,215
15,47,223
15,47,231
15,47,239
15,47,247
15,47,255
15,55,0
15,55,7
15,55,15
15,55,23
15,55,31
15,55,39
15,55,47
15,55,55
15,55,63
15,55,71
15,55,79
15,55,87
15,55,95
15,55,103
15,55,111
15,55,119
15,55,127
15,55,135
15,55,143
15,55,151
15,55,159
15,55,167
15,55,175
15,55,183
15,55,191
15,55,199
15,55,207
15,55,215
15,55,223
15,55,231
15,55,239
15,55,247
15,55,255
15,63,0
15,63,7
15,63,15
15,63,23
15,63,31
15,63,39
15,63,47
15,63,55
15,63,63
15,63,71
15,63,79
15,63,87
15,63,95
15,63,103
15,63,111
15,63,119
15,63,127
15,63,135
15,63,143
15,63,151
15,63,159
15,63,167
15,63,175
15,63,183
15,63,191
15,63,199
15,63,207
15,63,215
15,63,223
15,63,231
15,63,239
15,63,247
15,63,255
15,71,0
15,71,7
15,71,15
15,71,23
15,71,31
15,71,39
15,71,47
15,71,55
15,71,63
15,71,71
15,71,79
15,71,87
15,71,95
15,71,103
15,71,111
15,71,119
15,71,127
15,71,135
15,71,143
15,71,151
15,71,159
15,71,167
15,71,175
15,71,183
15,71,191
15,71,199
15,71,207
15,71,215
15,71,223
15,71,231
15,71,239
15,71,247
15,71,255
15,79,0
15,79,7
15,79,15
15,79,23
15,79,31
15,79,39
15,79,47
15,79,55
15,79,63
15,79,71
15,79,79
15,79,87
15,79,95
15,79,103
15,79,111
15,79,119
15,79,127
15,79,135
15,79,143
15,79,151
15,79,159
15,79,167
15,79,175
15,79,183
15,79,191
15,79,199
15,79,207
15,79,215
15,79,223
15,79,231
15,79,239
15,79,247
15,79,255
15,87,0
15,87,7
15,87,15
15,87,23
15,87,31
15,87,39
15,87,47
15,87,55
15,87,63
15,87,71
15,87,79
15,87,87
15,87,95
15,87,103
15,87,111
15,87,119
15,87,127
15,87,135
15,87,143
15,87,151
15,87,159
15,87,167
15,87,175
15,87,183
15,87,191
15,87,199
15,87,207
15,87,215
15,87,223
15,87,231
15,87,239
15,87,247
15,87,255
15,95,0
15,95,7
15,95,15
15,95,23
15,95,31
15,95,39
15,95,47
15,95,55
15,95,63
15,95,71
15,95,79
15,95,87
15,95,95
15,95,103
15,95,111
15,95,119
15,95,127
15,95,135
15,95,143
15,95,151
15,95,159
15,95,167
15,95,175
15,95,183
15,95,191
15,95,199
15,95,207
15,95,215
15,95,223
15,95,231
15,95,239
15,95,247
15,95,255
15,103,0
15,103,7
15,103,15
15,103,23
15,103,31
15,103,39
15,103,47
15,103,55
15,103,63
15,103,71
15,103,79
15,103,87
15,103,95
15,103,103
15,103,111
15,103,119
15,103,127
15,103,135
15,103,143
15,103,151
15,103,159
15,103,167
15,103,175
15,103,183
15,103,191
15,103,199
15,103,207
15,103,215
15,103,223
15,103,231
15,103,239
15,103,247
15,103,255
15,111,0
15,111,7
15,111,15
15,111,23
15,111,31
15,111,39
15,111,47
15,111,55
15,111,63
15,111,71
15,111,79
15,111,87
15,111,95
15,111,103
15,111,111
15,111,119
15,111,127
15,111,135
15,111,143
15,111,151
15,111,159
15,111,167
15,111,175
15,111,183
15,111,191
15,111,199
15,111,207
15,111,215
15,111,223
15,111,231
15,111,239
15,111,247
15,111,255
15,119,0
15,119,7
15,119,15
15,119,23
15,119,31
15,119,39
15,119,47
15,119,55
15,119,63
15,119,71
15,119,79
15,119,87
15,119,95
15,119,103
15,119,111
15,119,119
15,119,127
15,119,135
15,119,143
15,119,151
15,119,159
15,119,167
15,119,175
15,119,183
15,119,191
15,119,199
15,119,207
15,119,215
15,119,223
15,119,231
15,119,239
15,119,247
15,119,255
15,127,0
15,127,7
15,127,15
15,127,23
15,127,31
15,127,39
15,127,47
15,127,55
15,127,63
15,127,71
15,127,79
15,127,87
15,127,95
15,127,103
15,127,111
15,127,119
15,127,127
15,127,135
15,127,143
15,127,151
15,127,159
15,127,167
15,127,175
15,127,183
15,127,191
15,127,199
15,127,207
15,127,215
15,127,223
15,127,231
15,127,239
15,127,247
15,127,255
15,135,0
15,135,7
15,135,15
15,135,23
15,135,31
15,135,39
15,135,47
15,135,55
15,135,63
15,135,71
15,135,79
15,135,87
15,135,95
15,135,103
15,135,111
15,135,119
15,135,127
15,135,135
15,135,143
15,135,151
15,135,159
15,135,167
15,135,175
15,135,183
15,135,191
15,135,199
15,135,207
15,135,215
15,135,223
15,135,231
15,135,239
15,135,247
15,135,255
15,143,0
15,143,7
15,143,15
15,143,23
15,143,31
15,143,39
15,143,47
15,143,55
15,143,63
15,143,71
15,143,79
15,143,87
15,143,95
15,143,103
15,143,111
15,143,119
15,143,127
15,143,135
15,143,143
15,143,151
15,143,159
15,143,167
15,143,175
15,143,183
15,143,191
15,143,199
15,143,207
15,143,215
15,143,223
15,143,231
15,143,239
15,143,247
15,143,255
15,151,0
15,151,7
15,151,15
15,151,23
15,151,31
15,151,39
15,151,47
15,151,55
15,151,63
15,151,71
15,151,79
15,151,87
15,151,95
15,151,103
15,151,111
15,151,119
15,151,127
15,151,135
15,151,143
15,151,151
15,151,159
15,151,167
15,151,175
15,151,183
15,151,191
15,151,199
15,151,207
15,151,215
15,151,223
15,151,231
15,151,239
15,151,247
15,151,255
15,159,0
15,159,7
15,159,15
15,159,23
15,159,31
15,159,39
15,159,47
15,159,55
15,159,63
15,159,71
15,159,79
15,159,87
15,159,95
15,159,103
15,159,111
15,159,119
15,159,127
15,159,135
15,159,143
15,159,151
15,159,159
15,159,167
15,159,175
15,159,183
15,159,191
15,159,199
15,159,207
15,159,215
15,159,223
15,159,231
15,159,239
15,159,247
15,159,255
15,167,0
15,167,7
15,167,15
15,167,23
15,167,31
15,167,39
15,167,47
15,167,55
15,167,63
15,167,71
15,167,79
15,167,87
15,167,95
15,167,103
15,167,111
15,167,119
15,167,127
15,167,135
15,167,143
15,167,151
15,167,159
15,167,167
15,167,175
15,167,183
15,167,191
15,167,199
15,167,207
15,167,215
15,167,223
15,167,231
15,167,239
15,167,247
15,167,255
15,175,0
15,175,7
15,175,15
15,175,23
15,175,31
15,175,39
15,175,47
15,175,55
15,175,63
15,175,71
15,175,79
15,175,87
15,175,95
15,175,103
15,175,111
15,175,119
15,175,127
15,175,135
15,175,143
15,175,151
15,175,159
15,175,167
15,175,175
15,175,183
15,175,191
15,175,199
15,175,207
15,175,215
15,175,223
15,175,231
15,175,239
15,175,247
15,175,255
15,183,0
15,183,7
15,183,15
15,183,23
15,183,31
15,183,39
15,183,47
15,183,55
15,183,63
15,183,71
15,183,79
15,183,87
15,183,95
15,183,103
15,183,111
15,183,119
15,183,127
15,183,135
15,183,143
15,183,151
15,183,159
15,183,167
15,183,175
15,183,183
15,183,191
15,183,199
15,183,207
15,183,215
15,183,223
15,183,231
15,183,239
15,183,247
15,183,255
15,191,0
15,191,7
15,191,15
15,191,23
15,191,31
15,191,39
15,191,47
15,191,55
15,191,63
15,191,71
15,191,79
15,191,87
15,191,95
15,191,103
15,191,111
15,191,119
15,191,127
15,191,135
15,191,143
15,191,151
15,191,159
15,191,167
15,191,175
15,191,183
15,191,191
15,191,199
15,191,207
15,191,215
15,191,223
15,191,231
15,191,239
15,191,247
15,191,255
15,199,0
15,199,7
15,199,15
15,199,23
15,199,31
15,199,39
15,199,47
15,199,55
15,199,63
15,199,71
15,199,79
15,199,87
15,199,95
15,199,103
15,199,111
15,199,119
15,199,127
15,199,135
15,199,143
15,199,151
15,199,159
15,199,167
15,199,175
15,199,183
15,199,191
15,199,199
15,199,207
15,199,215
15,199,223
15,199,231
15,199,239
15,199,247
15,199,255
15,207,0
15,207,7
15,207,15
15,207,23
15,207,31
15,207,39
15,207,47
15,207,55
15,207,63
15,207,71
15,207,79
15,207,87
15,207,95
15,207,103
15,207,111
15,207,119
15,207,127
15,207,135
15,207,143
15,207,151
15,207,159
15,207,167
15,207,175
15,207,183
15,207,191
15,207,199
15,207,207
15,207,215
15,207,223
15,207,231
15,207,239
15,207,247
15,207,255
15,215,0
15,215,7
15,215,15
15,215,23
15,215,31
15,215,39
15,215,47
15,215,55
15,215,63
15,215,71
15,215,79
15,215,87
15,215,95
15,215,103
15,215,111
15,215,119
15,215,127
15,215,135
15,215,143
15,215,151
15,215,159
15,215,167
15,215,175
15,215,183
15,215,191
15,215,199
15,215,207
15,215,215
15,215,223
15,215,231
15,215,239
15,215,247
15,215,255
15,223,0
15,223,7
15,223,15
15,223,23
15,223,31
15,223,39
15,223,47
15,223,55
15,223,63
15,223,71
15,223,79
15,223,87
15,223,95
15,223,103
15,223,111
15,223,119
15,223,127
15,223,135
15,223,143
15,223,151
15,223,159
15,223,167
15,223,175
15,223,183
15,223,191
15,223,199
15,223,207
15,223,215
15,223,223
15,223,231
15,223,239
15,223,247
15,223,255
15,231,0
15,231,7
15,231,15
15,231,23
15,231,31
15,231,39
15,231,47
15,231,55
15,231,63
15,231,71
15,231,79
15,231,87
15,231,95
15,231,103
15,231,111
15,231,119
15,231,127
15,231,135
15,231,143
15,231,151
15,231,159
15,231,167
15,231,175
15,231,183
15,231,191
15,231,199
15,231,207
15,231,215
15,231,223
15,231,231
15,231,239
15,231,247
15,231,255
15,239,0
15,239,7
15,239,15
15,239,23
15,239,31
15,239,39
15,239,47
15,239,55
15,239,63
15,239,71
15,239,79
15,239,87
15,239,95
15,239,103
15,239,111
15,239,119
15,239,127
15,239,135
15,239,143
15,239,151
15,239,159
15,239,167
15,239,175
15,239,183
15,239,191
15,239,199
15,239,207
15,239,215
15,239,223
15,239,231
15,239,239
15,239,247
15,239,255
15,247,0
15,247,7
15,247,15
15,247,23
15,247,31
15,247,39
15,247,47
15,247,55
15,247,63
15,247,71
15,247,79
15,247,87
15,247,95
15,247,103
15,247,111
15,247,119
15,247,127
15,247,135
15,247,143
15,247,151
15,247,159
15,247,167
15,247,175
15,247,183
15,247,191
15,247,199
15,247,207
15,247,215
15,247,223
15,247,231
15,247,239
15,247,247
15,247,255
15,255,0
15,255,7
15,255,15
15,255,23
15,255,31
15,255,39
15,255,47
15,255,55
15,255,63
15,255,71
15,255,79
15,255,87
15,255,95
15,255,103
15,255,111
15,255,119
15,255,127
15,255,135
15,255,143
15,255,151
15,255,159
15,255,167
15,255,175
15,255,183
15,255,191
15,255,199
15,255,207
15,255,215
15,255,223
15,255,231
15,255,239
15,255,247
15,255,255
23,0,0
23,0,7
23,0,15
23,0,23
23,0,31
23,0,39
23,0,47
23,0,55
23,0,63
23,0,71
23,0,79
23,0,87
23,0,95
23,0,103
23,0,111
23,0,119
23,0,127
23,0,135
23,0,143
23,0,151
23,0,159
23,0,167
23,0,175
23,0,183
23,0,191
23,0,199
23,0,207
23,0,215
23,0,223
23,0,231
23,0,239
23,0,247
23,0,255
23,7,0
23,7,7
23,7,15
23,7,23
23,7,31
23,7,39
23,7,47
23,7,55
23,7,63
23,7,71
23,7,79
23,7,87
23,7,95
23,7,103
23,7,111
23,7,119
23,7,127
23,7,135
23,7,143
23,7,151
23,7,159
23,7,167
23,7,175
23,7,183
23,7,191
23,7,199
23,7,207
23,7,215
23,7,223
23,7,231
23,7,239
23,7,247
23,7,255
23,15,0
23,15,7
23,15,15
23,15,23
23,15,31
23,15,39
23,15,47
23,15,55
23,15,63
23,15,71
23,15,79
23,15,87
23,15,95
23,15,103
23,15,111
23,15,119
23,15,127
23,15,135
23,15,143
23,15,151
23,15,159
23,15,167
23,15,175
23,15,183
23,15,191
23,15,199
23,15,207
23,15,215
23,15,223
23,15,231
23,15,239
23,15,247
23,15,255
23,23,0
23,23,7
23,23,15
23,23,23
23,23,31
23,23,39
23,23,47
23,23,55
23,23,63
23,23,71
23,23,79
23,23,87
23,23,95
23,23,103
23,23,111
23,23,119
23,23,127
23,23,135
23,23,143
23,23,151
23,23,159
23,23,167
23,23,175
23,23,183
23,23,191
23,23,199
23,23,207
23,23,215
23,23,223
23,23,231
23,23,239
23,23,247
23,23,255
23,31,0
23,31,7
23,31,15
23,31,23
23,31,31
23,31,39
23,31,47
23,31,55
23,31,63
23,31,71
23,31,79
23,31,87
23,31,95
23,31,103
23,31,111
23,31,119
23,31,127
23,31,135
23,31,143
23,31,151
23,31,159
23,31,167
23,31,175
23,31,183
23,31,191
23,31,199
23,31,207
23,31,215
23,31,223
23,31,231
23,31,239
23,31,247
23,31,255
23,39,0
23,39,7
23,39,15
23,39,23
23,39,31
23,39,39
23,39,47
23,39,55
23,39,63
23,39,71
23,39,79
23,39,87
23,39,95
23,39,103
23,39,111
23,39,119
23,39,127
23,39,135
23,39,143
23,39,151
23,39,159
23,39,167
23,39,175
23,39,183
23,39,191
23,39,199
23,39,207
23,39,215
23,39,223
23,39,231
23,39,239
23,39,247
23,39,255
23,47,0
23,47,7
23,47,15
23,47,23
23,47,31
23,47,39
23,47,47
23,47,55
23,47,63
23,47,71
23,47,79
23,47,87
23,47,95
23,47,103
23,47,111
23,47,119
23,47,127
23,47,135
23,47,143
23,47,151
23,47,159
23,47,167
23,47,175
23,47,183
23,47,191
23,47,199
23,47,207
23,47,215
23,47,223
23,47,231
23,47,239
23,47,247
23,47,255
23,55,0
23,55,7
23,55,15
23,55,23
23,55,31
23,55,39
23,55,47
23,55,55
23,55,63
23,55,71
23,55,79
23,55,87
23,55,95
23,55,103
23,55,111
23,55,119
23,55,127
23,55,135
23,55,143
23,55,151
23,55,159
23,55,167
23,55,175
23,55,183
23,55,191
23,55,199
23,55,207
23,55,215
23,55,223
23,55,231
23,55,239
23,55,247
23,55,255
23,63,0
23,63,7
23,63,15
23,63,23
23,63,31
23,63,39
23,63,47
23,63,55
23,63,63
23,63,71
23,63,79
23,63,87
23,63,95
23,63,103
23,63,111
23,63,119
23,63,127
23,63,135
23,63,143
23,63,151
23,63,159
23,63,167
23,63,175
23,63,183
23,63,191
23,63,199
23,63,207
23,63,215
23,63,223
23,63,231
23,63,239
23,63,247
23,63,255
23,71,0
23,71,7
23,71,15
23,71,23
23,71,31
23,71,39
23,71,47
23,71,55
23,71,63
23,71,71
23,71,79
23,71,87
23,71,95
23,71,103
23,71,111
23,71,119
23,71,127
23,71,135
23,71,143
23,71,151
23,71,159
23,71,167
23,71,175
23,71,183
23,71,191
23,71,199
23,71,207
23,71,215
23,71,223
23,71,231
23,71,239
23,71,247
23,71,255
23,79,0
23,79,7
23,79,15
23,79,23
23,79,31
23,79,39
23,79,47
23,79,55
23,79,63
23,79,71
23,79,79
23,79,87
23,79,95
23,79,103
23,79,111
23,79,119
23,79,127
23,79,135
23,79,143
23,79,151
23,79,159
23,79,167
23,79,175
23,79,183
23,79,191
23,79,199
23,79,207
23,79,215
23,79,223
23,79,231
23,79,239
23,79,247
23,79,255
23,87,0
23,87,7
23,87,15
23,87,23
23,87,31
23,87,39
23,87,47
23,87,55
23,87,63
23,87,71
23,87,79
23,87,87
23,87,95
23,87,103
23,87,111
23,87,119
23,87,127
23,87,135
23,87,143
23,87,151
23,87,159
23,87,167
23,87,175
23,87,183
23,87,191
23,87,199
23,87,207
23,87,215
23,87,223
23,87,231
23,87,239
23,87,247
23,87,255
23,95,0
23,95,7
23,95,15
23,95,23
23,95,31
23,95,39
23,95,47
23,95,55
23,95,63
23,95,71
23,95,79
23,95,87
23,95,95
23,95,103
23,95,111
23,95,119
23,95,127
23,95,135
23,95,143
23,95,151
23,95,159
23,95,167
23,95,175
23,95,183
23,95,191
23,95,199
23,95,207
23,95,215
23,95,223
23,95,231
23,95,239
23,95,247
23,95,255
23,103,0
23,103,7
23,103,15
23,103,23
23,103,31
23,103,39
23,103,47
23,103,55
23,103,63
23,103,71
23,103,79
23,103,87
23,103,95
23,103,103
23,103,111
23,103,119
23,103,127
23,103,135
23,103,143
23,103,151
23,103,159
23,103,167
23,103,175
23,103,183
23,103,191
23,103,199
23,103,207
23,103,215
23,103,223
23,103,231
23,103,239
23,103,247
23,103,255
23,111,0
23,111,7
23,111,15
23,111,23
23,111,31
23,111,39
23,111,47
23,111,55
23,111,63
23,111,71
23,111,79
23,111,87
23,111,95
23,111,103
23,111,111
23,111,119
23,111,127
23,111,135
23,111,143
23,111,151
23,111,159
23,111,167
23,111,175
23,111,183
23,111,191
23,111,199
23,111,207
23,111,215
23,111,223
23,111,231
23,111,239
23,111,247
23,111,255
23,119,0
23,119,7
23,119,15
23,119,23
23,119,31
23,119,39
23,119,47
23,119,55
23,119,63
23,119,71
23,119,79
23,119,87
23,119,95
23,119,103
23,119,111
23,119,119
23,119,127
23,119,135
23,119,143
23,119,151
23,119,159
23,119,167
23,119,175
23,119,183
23,119,191
23,119,199
23,119,207
23,119,215
23,119,223
23,119,231
23,119,239
23,119,247
23,119,255
23,127,0
23,127,7
23,127,15
23,127,23
23,127,31
23,127,39
23,127,47
23,127,55
23,127,63
23,127,71
23,127,79
23,127,87
23,127,95
23,127,103
23,127,111
23,127,119
23,127,127
23,127,135
23,127,143
23,127,151
23,127,159
23,127,167
23,127,175
23,127,183
23,127,191
23,127,199
23,127,207
23,127,215
23,127,223
23,127,231
23,127,239
23,127,247
23,127,255
23,135,0
23,135,7
23,135,15
23,135,23
23,135,31
23,135,39
23,135,47
23,135,55
23,135,63
23,135,71
23,135,79
23,135,87
23,135,95
23,135,103
23,135,111
23,135,119
23,135,127
23,135,135
23,135,143
23,135,151
23,135,159
23,135,167
23,135,175
23,135,183
23,135,191
23,135,199
23,135,207
23,135,215
23,135,223
23,135,231
23,135,239
23,135,247
23,135,255
23,143,0
23,143,7
23,143,15
23,143,23
23,143,31
23,143,39
23,143,47
23,143,55
23,143,63
23,143,71
23,143,79
23,143,87
23,143,95
23,143,103
23,143,111
23,143,119
23,143,127
23,143,135
23,143,143
23,143,151
23,143,159
23,143,167
23,143,175
23,143,183
23,143,191
23,143,199
23,143,207
23,143,215
23,143,223
23,143,231
23,143,239
23,143,247
23,143,255
23,151,0
23,151,7
23,151,15
23,151,23
23,151,31
23,151,39
23,151,47
23,151,55
23,151,63
23,151,71
23,151,79
23,151,87
23,151,95
23,151,103
23,151,111
23,151,119
23,151,127
23,151,135
23,151,143
23,151,151
23,151,159
23,151,167
23,151,175
23,151,183
23,151,191
23,151,199
23,151,207
23,151,215
23,151,223
23,151,231
23,151,239
23,151,247
23,151,255
23,159,0
23,159,7
23,159,15
23,159,23
23,159,31
23,159,39
23,159,47
23,159,55
23,159,63
23,159,71
23,159,79
23,159,87
23,159,95
23,159,103
23,159,111
23,159,119
23,159,127
23,159,135
23,159,143
23,159,151
23,159,159
23,159,167
23,159,175
23,159,183
23,159,191
23,159,199
23,159,207
23,159,215
23,159,223
23,159,231
23,159,239
23,159,247
23,159,255
23,167,0
23,167,7
23,167,15
23,167,23
23,167,31
23,167,39
23,167,47
23,167,55
23,167,63
23,167,71
23,167,79
23,167,87
23,167,95
23,167,103
23,167,111
23,167,119
23,167,127
23,167,135
23,167,143
23,167,151
23,167,159
23,167,167
23,167,175
23,167,183
23,167,191
23,167,199
23,167,207
23,167,215
23,167,223
23,167,231
23,167,239
23,167,247
23,167,255
23,175,0
23,175,7
23,175,15
23,175,23
23,175,31
23,175,39
23,175,47
23,175,55
23,175,63
23,175,71
23,175,79
23,175,87
23,175,95
23,175,103
23,175,111
23,175,119
23,175,127
23,175,135
23,175,143
23,175,151
23,175,159
23,175,167
23,175,175
23,175,183
23,175,191
23,175,199
23,175,207
23,175,215
23,175,223
23,175,231
23,175,239
23,175,247
23,175,255
23,183,0
23,183,7
23,183,15
23,183,23
23,183,31
23,183,39
23,183,47
23,183,55
23,183,63
23,183,71
23,183,79
23,183,87
23,183,95
23,183,103
23,183,111
23,183,119
23,183,127
23,183,135
23,183,143
23,183,151
23,183,159
23,183,167
23,183,175
23,183,183
23,183,191
23,183,199
23,183,207
23,183,215
23,183,223
23,183,231
23,183,239
23,183,247
23,183,255
23,191,0
23,191,7
23,191,15
23,191,23
23,191,31
23,191,39
23,191,47
23,191,55
23,191,63
23,191,71
23,191,79
23,191,87
23,191,95
23,191,103
23,191,111
23,191,119
23,191,127
23,191,135
23,191,143
23,191,151
23,191,159
23,191,167
23,191,175
23,191,183
23,191,191
23,191,199
23,191,207
23,191,215
23,191,223
23,191,231
23,191,239
23,191,247
23,191,255
23,199,0
23,199,7
23,199,15
23,199,23
23,199,31
23,199,39
23,199,47
23,199,55
23,199,63
23,199,71
23,199,79
23,199,87
23,199,95
23,199,103
23,199,111
23,199,119
23,199,127
23,199,135
23,199,143
23,199,151
23,199,159
23,199,167
23,199,175
23,199,183
23,199,191
23,199,199
23,199,207
23,199,215
23,199,223
23,199,231
23,199,239
23,199,247
23,199,255
23,207,0
23,207,7
23,207,15
23,207,23
23,207,31
23,207,39
23,207,47
23,207,55
23,207,63
23,207,71
23,207,79
23,207,87
23,207,95
23,207,103
23,207,111
23,207,119
23,207,127
23,207,135
23,207,143
23,207,151
23,207,159
23,207,167
23,207,175
23,207,183
23,207,191
23,207,199
23,207,207
23,207,215
23,207,223
23,207,231
23,207,239
23,207,247
23,207,255
23,215,0
23,215,7
23,215,15
23,215,23
23,215,31
23,215,39
23,215,47
23,215,55
23,215,63
23,215,71
23,215,79
23,215,87
23,215,95
23,215,103
23,215,111
23,215,119
23,215,127
23,215,135
23,215,143
23,215,151
23,215,159
23,215,167
23,215,175
23,215,183
23,215,191
23,215,199
23,215,207
23,215,215
23,215,223
23,215,231
23,215,239
23,215,247
23,215,255
23,223,0
23,223,7
23,223,15
23,223,23
23,223,31
23,223,39
23,223,47
23,223,55
23,223,63
23,223,71
23,223,79
23,223,87
23,223,95
23,223,103
23,223,111
23,223,119
23,223,127
23,223,135
23,223,143
23,223,151
23,223,159
23,223,167
23,223,175
23,223,183
23,223,191
23,223,199
23,223,207
23,223,215
23,223,223
23,223,231
23,223,239
23,223,247
23,223,255
23,231,0
23,231,7
23,231,15
23,231,23
23,231,31
23,231,39
23,231,47
23,231,55
23,231,63
23,231,71
23,231,79
23,231,87
23,231,95
23,231,103
23,231,111
23,231,119
23,231,127
23,231,135
23,231,143
23,231,151
23,231,159
23,231,167
23,231,175
23,231,183
23,231,191
23,231,199
23,231,207
23,231,215
23,231,223
23,231,231
23,231,239
23,231,247
23,231,255
23,239,0
23,239,7
23,239,15
23,239,23
23,239,31
23,239,39
23,239,47
23,239,55
23,239,63
23,239,71
23,239,79
23,239,87
23,239,95
23,239,103
23,239,111
23,239,119
23,239,127
23,239,135
23,239,143
23,239,151
23,239,159
23,239,167
23,239,175
23,239,183
23,239,191
23,239,199
23,239,207
23,239,215
23,239,223
23,239,231
23,239,239
23,239,247
23,239,255
23,247,0
23,247,7
23,247,15
23,247,23
23,247,31
23,247,39
23,247,47
23,247,55
23,247,63
23,247,71
23,247,79
23,247,87
23,247,95
23,247,103
23,247,111
23,247,119
23,247,127
23,247,135
23,247,143
23,247,151
23,247,159
23,247,167
23,247,175
23,247,183
23,247,191
23,247,199
23,247,207
23,247,215
23,247,223
23,247,231
23,247,239
23,247,247
23,247,255
23,255,0
23,255,7
23,255,15
23,255,23
23,255,31
23,255,39
23,255,47
23,255,55
23,255,63
23,255,71
23,255,79
23,255,87
23,255,95
23,255,103
23,255,111
23,255,119
23,255,127
23,255,135
23,255,143
23,255,151
23,255,159
23,255,167
23,255,175
23,255,183
23,255,191
23,255,199
23,255,207
23,255,215
23,255,223
23,255,231
23,255,239
23,255,247
23,255,255
31,0,0
31,0,7
31,0,15
31,0,23
31,0,31
31,0,39
31,0,47
31,0,55
31,0,63
31,0,71
31,0,79
31,0,87
31,0,95
31,0,103
31,0,111
31,0,119
31,0,127
31,0,135
31,0,143
31,0,151
31,0,159
31,0,167
31,0,175
31,0,183
31,0,191
31,0,199
31,0,207
31,0,215
31,0,223
31,0,231
31,0,239
31,0,247
31,0,255
31,7,0
31,7,7
31,7,15
31,7,23
31,7,31
31,7,39
31,7,47
31,7,55
31,7,63
31,7,71
31,7,79
31,7,87
31,7,95
31,7,103
31,7,111
31,7,119
31,7,127
31,7,135
31,7,143
31,7,151
31,7,159
31,7,167
31,7,175
31,7,183
31,7,191
31,7,199
31,7,207
31,7,215
31,7,223
31,7,231
31,7,239
31,7,247
31,7,255
31,15,0
31,15,7
31,15,15
31,15,23
31,15,31
31,15,39
31,15,47
31,15,55
31,15,63
31,15,71
31,15,79
31,15,87
31,15,95
31,15,103
31,15,111
31,15,119
31,15,127
31,15,135
31,15,143
31,15,151
31,15,159
31,15,167
31,15,175
31,15,183
31,15,191
31,15,199
31,15,207
31,15,215
31,15,223
31,15,231
31,15,239
31,15,247
31,15,255
31,23,0
31,23,7
31,23,15
31,23,23
31,23,31
31,23,39
31,23,47
31,23,55
31,23,63
31,23,71
31,23,79
31,23,87
31,23,95
31,23,103
31,23,111
31,23,119
31,23,127
31,23,135
31,23,143
31,23,151
31,23,159
31,23,167
31,23,175
31,23,183
31,23,191
31,23,199
31,23,207
31,23,215
31,23,223
31,23,231
31,23,239
31,23,247
31,23,255
31,31,0
31,31,7
31,31,15
31,31,23
31,31,31
31,31,39
31,31,47
31,31,55
31,31,63
31,31,71
31,31,79
31,31,87
31,31,95
31,31,103
31,31,111
31,31,119
31,31,127
31,31,135
31,31,143
31,31,151
31,31,159
31,31,167
31,31,175
31,31,183
31,31,191
31,31,199
31,31,207
31,31,215
31,31,223
31,31,231
31,31,239
31,31,247
31,31,255
31,39,0
31,39,7
31,39,15
31,39,23
31,39,31
31,39,39
31,39,47
31,39,55
31,39,63
31,39,71
31,39,79
31,39,87
31,39,95
31,39,103
31,39,111
31,39,119
31,39,127
31,39,135
31,39,143
31,39,151
31,39,159
31,39,167
31,39,175
31,39,183
31,39,191
31,39,199
31,39,207
31,39,215
31,39,223
31,39,231
31,39,239
31,39,247
31,39,255
31,47,0
31,47,7
31,47,15
31,47,23
31,47,31
31,47,39
31,47,47
31,47,55
31,47,63
31,47,71
31,47,79
31,47,87
31,47,95
31,47,103
31,47,111
31,47,119
31,47,127
31,47,135
31,47,143
31,47,151
31,47,159
31,47,167
31,47,175
31,47,183
31,47,191
31,47,199
31,47,207
31,47,215
31,47,223
31,47,231
31,47,239
31,47,247
31,47,255
31,55,0
31,55,7
31,55,15
31,55,23
31,55,31
31,55,39
31,55,47
31,55,55
31,55,63
31,55,71
31,55,79
31,55,87
31,55,95
31,55,103
31,55,111
31,55,119
31,55,127
31,55,135
31,55,143
31,55,151
31,55,159
31,55,167
31,55,175
31,55,183
31,55,191
31,55,199
31,55,207
31,55,215
31,55,223
31,55,231
31,55,239
31,55,247
31,55,255
31,63,0
31,63,7
31,63,15
31,63,23
31,63,31
31,63,39
31,63,47
31,63,55
31,63,63
31,63,71
31,63,79
31,63,87
31,63,95
31,63,103
31,63,111
31,63,119
31,63,127
31,63,135
31,63,143
31,63,151
31,63,159
31,63,167
31,63,175
31,63,183
31,63,191
31,63,199
31,63,207
31,63,215
31,63,223
31,63,231
31,63,239
31,63,247
31,63,255
31,71,0
31,71,7
31,71,15
31,71,23
31,71,31
31,71,39
31,71,47
31,71,55
31,71,63
31,71,71
31,71,79
31,71,87
31,71,95
31,71,103
31,71,111
31,71,119
31,71,127
31,71,135
31,71,143
31,71,151
31,71,159
31,71,167
31,71,175
31,71,183
31,71,191
31,71,199
31,71,207
31,71,215
31,71,223
31,71,231
31,71,239
31,71,247
31,71,255
31,79,0
31,79,7
31,79,15
31,79,23
31,79,31
31,79,39
31,79,47
31,79,55
31,79,63
31,79,71
31,79,79
31,79,87
31,79,95
31,79,103
31,79,111
31,79,119
31,79,127
31,79,135
31,79,143
31,79,151
31,79,159
31,79,167
31,79,175
31,79,183
31,79,191
31,79,199
31,79,207
31,79,215
31,79,223
31,79,231
31,79,239
31,79,247
31,79,255
31,87,0
31,87,7
31,87,15
31,87,23
31,87,31
31,87,39
31,87,47
31,87,55
31,87,63
31,87,71
31,87,79
31,87,87
31,87,95
31,87,103
31,87,111
31,87,119
31,87,127
31,87,135
31,87,143
31,87,151
31,87,159
31,87,167
31,87,175
31,87,183
31,87,191
31,87,199
31,87,207
31,87,215
31,87,223
31,87,231
31,87,239
31,87,247
31,87,255
31,95,0
31,95,7
31,95,15
31,95,23
31,95,31
31,95,39
31,95,47
31,95,55
31,95,63
31,95,71
31,95,79
31,95,87
31,95,95
31,95,103
31,95,111
31,95,119
31,95,127
31,95,135
31,95,143
31,95,151
31,95,159
31,95,167
31,95,175
31,95,183
31,95,191
31,95,199
31,95,207
31,95,215
31,95,223
31,95,231
31,95,239
31,95,247
31,95,255
31,103,0
31,103,7
31,103,15
31,103,23
31,103,31
31,103,39
31,103,47
31,103,55
31,103,63
31,103,71
31,103,79
31,103,87
31,103,95
31,103,103
31,103,111
31,103,119
31,103,127
31,103,135
31,103,143
31,103,151
31,103,159
31,103,167
31,103,175
31,103,183
31,103,191
31,103,199
31,103,207
31,103,215
31,103,223
31,103,231
31,103,239
31,103,247
31,103,255
31,111,0
31,111,7
31,111,15
31,111,23
31,111,31
31,111,39
31,111,47
31,111,55
31,111,63
31,111,71
31,111,79
31,111,87
31,111,95
31,111,103
31,111,111
31,111,119
31,111,127
31,111,135
31,111,143
31,111,151
31,111,159
31,111,167
31,111,175
31,111,183
31,111,191
31,111,199
31,111,207
31,111,215
31,111,223
31,111,231
31,111,239
31,111,247
31,111,255
31,119,0
31,119,7
31,119,15
31,119,23
31,119,31
31,119,39
31,119,47
31,119,55
31,119,63
31,119,71
31,119,79
31,119,87
31,119,95
31,119,103
31,119,111
31,119,119
31,119,127
31,119,135
31,119,143
31,119,151
31,119,159
31,119,167
31,119,175
31,119,183
31,119,191
31,119,199
31,119,207
31,119,215
31,119,223
31,119,231
31,119,239
31,119,247
31,119,255
31,127,0
31,127,7
31,127,15
31,127,23
31,127,31
31,127,39
31,127,47
31,127,55
31,127,63
31,127,71
31,127,79
31,127,87
31,127,95
31,127,103
31,127,111
31,127,119
31,127,127
31,127,135
31,127,143
31,127,151
31,127,159
31,127,167
31,127,175
31,127,183
31,127,191
31,127,199
31,127,207
31,127,215
31,127,223
31,127,231
31,127,239
31,127,247
31,127,255
31,135,0
31,135,7
31,135,15
31,135,23
31,135,31
31,135,39
31,135,47
31,135,55
31,135,63
31,135,71
31,135,79
31,135,87
31,135,95
31,135,103
31,135,111
31,135,119
31,135,127
31,135,135
31,135,143
31,135,151
31,135,159
31,135,167
31,135,175
31,135,183
31,135,191
31,135,199
31,135,207
31,135,215
31,135,223
31,135,231
31,135,239
31,135,247
31,135,255
31,143,0
31,143,7
31,143,15
31,143,23
31,143,31
31,143,39
31,143,47
31,143,55
31,143,63
31,143,71
31,143,79
31,143,87
31,143,95
31,143,103
31,143,111
31,143,119
31,143,127
31,143,135
31,143,143
31,143,151
31,143,159
31,143,167
31,143,175
31,143,183
31,143,191
31,143,199
31,143,207
31,143,215
31,143,223
31,143,231
31,143,239
31,143,247
31,143,255
31,151,0
31,151,7
31,151,15
31,151,23
31,151,31
31,151,39
31,151,47
31,151,55
31,151,63
31,151,71
31,151,79
31,151,87
31,151,95
31,151,103
31,151,111
31,151,119
31,151,127
31,151,135
31,151,143
31,151,151
31,151,159
31,151,167
31,151,175
31,151,183
31,151,191
31,151,199
31,151,207
31,151,215
31,151,223
31,151,231
31,151,239
31,151,247
31,151,255
31,159,0
31,159,7
31,159,15
31,159,23
31,159,31
31,159,39
31,159,47
31,159,55
31,159,63
31,159,71
31,159,79
31,159,87
31,159,95
31,159,103
31,159,111
31,159,119
31,159,127
31,159,135
31,159,143
31,159,151
31,159,159
31,159,167
31,159,175
31,159,183
31,159,191
31,159,199
31,159,207
31,159,215
31,159,223
31,159,231
31,159,239
31,159,247
31,159,255
31,167,0
31,167,7
31,167,15
31,167,23
31,167,31
31,167,39
31,167,47
31,167,55
31,167,63
31,167,71
31,167,79
31,167,87
31,167,95
31,167,103
31,167,111
31,167,119
31,167,127
31,167,135
31,167,143
31,167,151
31,167,159
31,167,167
31,167,175
31,167,183
31,167,191
31,167,199
31,167,207
31,167,215
31,167,223
31,167,231
31,167,239
31,167,247
31,167,255
31,175,0
31,175,7
31,175,15
31,175,23
31,175,31
31,175,39
31,175,47
31,175,55
31,175,63
31,175,71
31,175,79
31,175,87
31,175,95
31,175,103
31,175,111
31,175,119
31,175,127
31,175,135
31,175,143
31,175,151
31,175,159
31,175,167
31,175,175
31,175,183
31,175,191
31,175,199
31,175,207
31,175,215
31,175,223
31,175,231
31,175,239
31,175,247
31,175,255
31,183,0
31,183,7
31,183,15
31,183,23
31,183,31
31,183,39
31,183,47
31,183,55
31,183,63
31,183,71
31,183,79
31,183,87
31,183,95
31,183,103
31,183,111
31,183,119
31,183,127
31,183,135
31,183,143
31,183,151
31,183,159
31,183,167
31,183,175
31,183,183
31,183,191
31,183,199
31,183,207
31,183,215
31,183,223
31,183,231
31,183,239
31,183,247
31,183,255
31,191,0
31,191,7
31,191,15
31,191,23
31,191,31
31,191,39
31,191,47
31,191,55
31,191,63
31,191,71
31,191,79
31,191,87
31,191,95
31,191,103
31,191,111
31,191,119
31,191,127
31,191,135
31,191,143
31,191,151
31,191,159
31,191,167
31,191,175
31,191,183
31,191,191
31,191,199
31,191,207
31,191,215
31,191,223
31,191,231
31,191,239
31,191,247
31,191,255
31,199,0
31,199,7
31,199,15
31,199,23
31,199,31
31,199,39
31,199,47
31,199,55
31,199,63
31,199,71
31,199,79
31,199,87
31,199,95
31,199,103
31,199,111
31,199,119
31,199,127
31,199,135
31,199,143
31,199,151
31,199,159
31,199,167
31,199,175
31,199,183
31,199,191
31,199,199
31,199,207
31,199,215
31,199,223
31,199,231
31,199,239
31,199,247
31,199,255
31,207,0
31,207,7
31,207,15
31,207,23
31,207,31
31,207,39
31,207,47
31,207,55
31,207,63
31,207,71
31,207,79
31,207,87
31,207,95
31,207,103
31,207,111
31,207,119
31,207,127
31,207,135
31,207,143
31,207,151
31,207,159
31,207,167
31,207,175
31,207,183
31,207,191
31,207,199
31,207,207
31,207,215
31,207,223
31,207,231
31,207,239
31,207,247
31,207,255
31,215,0
31,215,7
31,215,15
31,215,23
31,215,31
31,215,39
31,215,47
31,215,55
31,215,63
31,215,71
31,215,79
31,215,87
31,215,95
31,215,103
31,215,111
31,215,119
31,215,127
31,215,135
31,215,143
31,215,151
31,215,159
31,215,167
31,215,175
31,215,183
31,215,191
31,215,199
31,215,207
31,215,215
31,215,223
31,215,231
31,215,239
31,215,247
31,215,255
31,223,0
31,223,7
31,223,15
31,223,23
31,223,31
31,223,39
31,223,47
31,223,55
31,223,63
31,223,71
31,223,79
31,223,87
31,223,95
31,223,103
31,223,111
31,223,119
31,223,127
31,223,135
31,223,143
31,223,151
31,223,159
31,223,167
31,223,175
31,223,183
31,223,191
31,223,199
31,223,207
31,223,215
31,223,223
31,223,231
31,223,239
31,223,247
31,223,255
31,231,0
31,231,7
31,231,15
31,231,23
31,231,31
31,231,39
31,231,47
31,231,55
31,231,63
31,231,71
31,231,79
31,231,87
31,231,95
31,231,103
31,231,111
31,231,119
31,231,127
31,231,135
31,231,143
31,231,151
31,231,159
31,231,167
31,231,175
31,231,183
31,231,191
31,231,199
31,231,207
31,231,215
31,231,223
31,231,231
31,231,239
31,231,247
31,231,255
31,239,0
31,239,7
31,239,15
31,239,23
31,239,31
31,239,39
31,239,47
31,239,55
31,239,63
31,239,71
31,239,79
31,239,87
31,239,95
31,239,103
31,239,111
31,239,119
31,239,127
31,239,135
31,239,143
31,239,151
31,239,159
31,239,167
31,239,175
31,239,183
31,239,191
31,239,199
31,239,207
31,239,215
31,239,223
31,239,231
31,239,239
31,239,247
31,239,255
31,247,0
31,247,7
31,247,15
31,247,23
31,247,31
31,247,39
31,247,47
31,247,55
31,247,63
31,247,71
31,247,79
31,247,87
31,247,95
31,247,103
31,247,111
31,247,119
31,247,127
31,247,135
31,247,143
31,247,151
31,247,159
31,247,167
31,247,175
31,247,183
31,247,191
31,247,199
31,247,207
31,247,215
31,247,223
31,247,231
31,247,239
31,247,247
31,247,255
31,255,0
31,255,7
31,255,15
31,255,23
31,255,31
31,255,39
31,255,47
31,255,55
31,255,63
31,255,71
31,255,79
31,255,87
31,255,95
31,255,103
31,255,111
31,255,119
31,255,127
31,255,135
31,255,143
31,255,151
31,255,159
31,255,167
31,255,175
31,255,183
31,255,191
31,255,199
31,255,207
31,255,215
31,255,223
31,255,231
31,255,239
31,255,247
31,255,255
39,0,0
39,0,7
39,0,15
39,0,23
39,0,31
39,0,39
39,0,47
39,0,55
39,0,63
39,0,71
39,0,79
39,0,87
39,0,95
39,0,103
39,0,111
39,0,119
39,0,127
39,0,135
39,0,143
39,0,151
39,0,159
39,0,167
39,0,175
39,0,183
39,0,191
39,0,199
39,0,207
39,0,215
39,0,223
39,0,231
39,0,239
39,0,247
39,0,255
39,7,0
39,7,7
39,7,15
39,7,23
39,7,31
39,7,39
39,7,47
39,7,55
39,7,63
39,7,71
39,7,79
39,7,87
39,7,95
39,7,103
39,7,111
39,7,119
39,7,127
39,7,135
39,7,143
39,7,151
39,7,159
39,7,167
39,7,175
39,7,183
39,7,191
39,7,199
39,7,207
39,7,215
39,7,223
39,7,231
39,7,239
39,7,247
39,7,255
39,15,0
39,15,7
39,15,15
39,15,23
39,15,31
39,15,39
39,15,47
39,15,55
39,15,63
39,15,71
39,15,79
39,15,87
39,15,95
39,15,103
39,15,111
39,15,119
39,15,127
39,15,135
39,15,143
39,15,151
39,15,159
39,15,167
39,15,175
39,15,183
39,15,191
39,15,199
39,15,207
39,15,215
39,15,223
39,15,231
39,15,239
39,15,247
39,15,255
39,23,0
39,23,7
39,23,15
39,23,23
39,23,31
39,23,39
39,23,47
39,23,55
39,23,63
39,23,71
39,23,79
39,23,87
39,23,95
39,23,103
39,23,111
39,23,119
39,23,127
39,23,135
39,23,143
39,23,151
39,23,159
39,23,167
39,23,175
39,23,183
39,23,191
39,23,199
39,23,207
39,23,215
39,23,223
39,23,231
39,23,239
39,23,247
39,23,255
39,31,0
39,31,7
39,31,15
39,31,23
39,31,31
39,31,39
39,31,47
39,31,55
39,31,63
39,31,71
39,31,79
39,31,87
39,31,95
39,31,103
39,31,111
39,31,119
39,31,127
39,31,135
39,31,143
39,31,151
39,31,159
39,31,167
39,31,175
39,31,183
39,31,191
39,31,199
39,31,207
39,31,215
39,31,223
39,31,231
39,31,239
39,31,247
39,31,255
39,39,0
39,39,7
39,39,15
39,39,23
39,39,31
39,39,39
39,39,47
39,39,55
39,39,63
39,39,71
39,39,79
39,39,87
39,39,95
39,39,103
39,39,111
39,39,119
39,39,127
39,39,135
39,39,143
39,39,151
39,39,159
39,39,167
39,39,175
39,39,183
39,39,191
39,39,199
39,39,207
39,39,215
39,39,223
39,39,231
39,39,239
39,39,247
39,39,255
39,47,0
39,47,7
39,47,15
39,47,23
39,47,31
39,47,39
39,47,47
39,47,55
39,47,63
39,47,71
39,47,79
39,47,87
39,47,95
39,47,103
39,47,111
39,47,119
39,47,127
39,47,135
39,47,143
39,47,151
39,47,159
39,47,167
39,47,175
39,47,183
39,47,191
39,47,199
39,47,207
39,47,215
39,47,223
39,47,231
39,47,239
39,47,247
39,47,255
39,55,0
39,55,7
39,55,15
39,55,23
39,55,31
39,55,39
39,55,47
39,55,55
39,55,63
39,55,71
39,55,79
39,55,87
39,55,95
39,55,103
39,55,111
39,55,119
39,55,127
39,55,135
39,55,143
39,55,151
39,55,159
39,55,167
39,55,175
39,55,183
39,55,191
39,55,199
39,55,207
39,55,215
39,55,223
39,55,231
39,55,239
39,55,247
39,55,255
39,63,0
39,63,7
39,63,15
39,63,23
39,63,31
39,63,39
39,63,47
39,63,55
39,63,63
39,63,71
39,63,79
39,63,87
39,63,95
39,63,103
39,63,111
39,63,119
39,63,127
39,63,135
39,63,143
39,63,151
39,63,159
39,63,167
39,63,175
39,63,183
39,63,191
39,63,199
39,63,207
39,63,215
39,63,223
39,63,231
39,63,239
39,63,247
39,63,255
39,71,0
39,71,7
39,71,15
39,71,23
39,71,31
39,71,39
39,71,47
39,71,55
39,71,63
39,71,71
39,71,79
39,71,87
39,71,95
39,71,103
39,71,111
39,71,119
39,71,127
39,71,135
39,71,143
39,71,151
39,71,159
39,71,167
39,71,175
39,71,183
39,71,191
39,71,199
39,71,207
39,71,215
39,71,223
39,71,231
39,71,239
39,71,247
39,71,255
39,79,0
39,79,7
39,79,15
39,79,23
39,79,31
39,79,39
39,79,47
39,79,55
39,79,63
39,79,71
39,79,79
39,79,87
39,79,95
39,79,103
39,79,111
39,79,119
39,79,127
39,79,135
39,79,143
39,79,151
39,79,159
39,79,167
39,79,175
39,79,183
39,79,191
39,79,199
39,79,207
39,79,215
39,79,223
39,79,231
39,79,239
39,79,247
39,79,255
39,87,0
39,87,7
39,87,15
39,87,23
39,87,31
39,87,39
39,87,47
39,87,55
39,87,63
39,87,71
39,87,79
39,87,87
39,87,95
39,87,103
39,87,111
39,87,119
39,87,127
39,87,135
39,87,143
39,87,151
39,87,159
39,87,167
39,87,175
39,87,183
39,87,191
39,87,199
39,87,207
39,87,215
39,87,223
39,87,231
39,87,239
39,87,247
39,87,255
39,95,0
39,95,7
39,95,15
39,95,23
39,95,31
39,95,39
39,95,47
39,95,55
39,95,63
39,95,71
39,95,79
39,95,87
39,95,95
39,95,103
39,95,111
39,95,119
39,95,127
39,95,135
39,95,143
39,95,151
39,95,159
39,95,167
39,95,175
39,95,183
39,95,191
39,95,199
39,95,207
39,95,215
39,95,223
39,95,231
39,95,239
39,95,247
39,95,255
39,103,0
39,103,7
39,103,15
39,103,23
39,103,31
39,103,39
39,103,47
39,103,55
39,103,63
39,103,71
39,103,79
39,103,87
39,103,95
39,103,103
39,103,111
39,103,119
39,103,127
39,103,135
39,103,143
39,103,151
39,103,159
39,103,167
39,103,175
39,103,183
39,103,191
39,103,199
39,103,207
39,103,215
39,103,223
39,103,231
39,103,239
39,103,247
39,103,255
39,111,0
39,111,7
39,111,15
39,111,23
39,111,31
39,111,39
39,111,47
39,111,55
39,111,63
39,111,71
39,111,79
39,111,87
39,111,95
39,111,103
39,111,111
39,111,119
39,111,127
39,111,135
39,111,143
39,111,151
39,111,159
39,111,167
39,111,175
39,111,183
39,111,191
39,111,199
39,111,207
39,111,215
39,111,223
39,111,231
39,111,239
39,111,247
39,111,255
39,119,0
39,119,7
39,119,15
39,119,23
39,119,31
39,119,39
39,119,47
39,119,55
39,119,63
39,119,71
39,119,79
39,119,87
39,119,95
39,119,103
39,119,111
39,119,119
39,119,127
39,119,135
39,119,143
39,119,151
39,119,159
39,119,167
39,119,175
39,119,183
39,119,191
39,119,199
39,119,207
39,119,215
39,119,223
39,119,231
39,119,239
39,119,247
39,119,255
39,127,0
39,127,7
39,127,15
39,127,23
39,127,31
39,127,39
39,127,47
39,127,55
39,127,63
39,127,71
39,127,79
39,127,87
39,127,95
39,127,103
39,127,111
39,127,119
39,127,127
39,127,135
39,127,143
39,127,151
39,127,159
39,127,167
39,127,175
39,127,183
39,127,191
39,127,199
39,127,207
39,127,215
39,127,223
39,127,231
39,127,239
39,127,247
39,127,255
39,135,0
39,135,7
39,135,15
39,135,23
39,135,31
39,135,39
39,135,47
39,135,55
39,135,63
39,135,71
39,135,79
39,135,87
39,135,95
39,135,103
39,135,111
39,135,119
39,135,127
39,135,135
39,135,143
39,135,151
39,135,159
39,135,167
39,135,175
39,135,183
39,135,191
39,135,199
39,135,207
39,135,215
39,135,223
39,135,231
39,135,239
39,135,247
39,135,255
39,143,0
39,143,7
39,143,15
39,143,23
39,143,31
39,143,39
39,143,47
39,143,55
39,143,63
39,143,71
39,143,79
39,143,87
39,143,95
39,143,103
39,143,111
39,143,119
39,143,127
39,143,135
39,143,143
39,143,151
39,143,159
39,143,167
39,143,175
39,143,183
39,143,191
39,143,199
39,143,207
39,143,215
39,143,223
39,143,231
39,143,239
39,143,247
39,143,255
39,151,0
39,151,7
39,151,15
39,151,23
39,151,31
39,151,39
39,151,47
39,151,55
39,151,63
39,151,71
39,151,79
39,151,87
39,151,95
39,151,103
39,151,111
39,151,119
39,151,127
39,151,135
39,151,143
39,151,151
39,151,159
39,151,167
39,151,175
39,151,183
39,151,191
39,151,199
39,151,207
39,151,215
39,151,223
39,151,231
39,151,239
39,151,247
39,151,255
39,159,0
39,159,7
39,159,15
39,159,23
39,159,31
39,159,39
39,159,47
39,159,55
39,159,63
39,159,71
39,159,79
39,159,87
39,159,95
39,159,103
39,159,111
39,159,119
39,159,127
39,159,135
39,159,143
39,159,151
39,159,159
39,159,167
39,159,175
39,159,183
39,159,191
39,159,199
39,159,207
39,159,215
39,159,223
39,159,231
39,159,239
39,159,247
39,159,255
39,167,0
39,167,7
39,167,15
39,167,23
39,167,31
39,167,39
39,167,47
39,167,55
39,167,63
39,167,71
39,167,79
39,167,87
39,167,95
39,167,103
39,167,111
39,167,119
39,167,127
39,167,135
39,167,143
39,167,151
39,167,159
39,167,167
39,167,175
39,167,183
39,167,191
39,167,199
39,167,207
39,167,215
39,167,223
39,167,231
39,167,239
39,167,247
39,167,255
39,175,0
39,175,7
39,175,15
39,175,23
39,175,31
39,175,39
39,175,47
39,175,55
39,175,63
39,175,71
39,175,79
39,175,87
39,175,95
39,175,103
39,175,111
39,175,119
39,175,127
39,175,135
39,175,143
39,175,151
39,175,159
39,175,167
39,175,175
39,175,183
39,175,191
39,175,199
39,175,207
39,175,215
39,175,223
39,175,231
39,175,239
39,175,247
39,175,255
39,183,0
39,183,7
39,183,15
39,183,23
39,183,31
39,183,39
39,183,47
39,183,55
39,183,63
39,183,71
39,183,79
39,183,87
39,183,95
39,183,103
39,183,111
39,183,119
39,183,127
39,183,135
39,183,143
39,183,151
39,183,159
39,183,167
39,183,175
39,183,183
39,183,191
39,183,199
39,183,207
39,183,215
39,183,223
39,183,231
39,183,239
39,183,247
39,183,255
39,191,0
39,191,7
39,191,15
39,191,23
39,191,31
39,191,39
39,191,47
39,191,55
39,191,63
39,191,71
39,191,79
39,191,87
39,191,95
39,191,103
39,191,111
39,191,119
39,191,127
39,191,135
39,191,143
39,191,151
39,191,159
39,191,167
39,191,175
39,191,183
39,191,191
39,191,199
39,191,207
39,191,215
39,191,223
39,191,231
39,191,239
39,191,247
39,191,255
39,199,0
39,199,7
39,199,15
39,199,23
39,199,31
39,199,39
39,199,47
39,199,55
39,199,63
39,199,71
39,199,79
39,199,87
39,199,95
39,199,103
39,199,111
39,199,119
39,199,127
39,199,135
39,199,143
39,199,151
39,199,159
39,199,167
39,199,175
39,199,183
39,199,191
39,199,199
39,199,207
39,199,215
39,199,223
39,199,231
39,199,239
39,199,247
39,199,255
39,207,0
39,207,7
39,207,15
39,207,23
39,207,31
39,207,39
39,207,47
39,207,55
39,207,63
39,207,71
39,207,79
39,207,87
39,207,95
39,207,103
39,207,111
39,207,119
39,207,127
39,207,135
39,207,143
39,207,151
39,207,159
39,207,167
39,207,175
39,207,183
39,207,191
39,207,199
39,207,207
39,207,215
39,207,223
39,207,231
39,207,239
39,207,247
39,207,255
39,215,0
39,215,7
39,215,15
39,215,23
39,215,31
39,215,39
39,215,47
39,215,55
39,215,63
39,215,71
39,215,79
39,215,87
39,215,95
39,215,103
39,215,111
39,215,119
39,215,127
39,215,135
39,215,143
39,215,151
39,215,159
39,215,167
39,215,175
39,215,183
39,215,191
39,215,199
39,215,207
39,215,215
39,215,223
39,215,231
39,215,239
39,215,247
39,215,255
39,223,0
39,223,7
39,223,15
39,223,23
39,223,31
39,223,39
39,223,47
39,223,55
39,223,63
39,223,71
39,223,79
39,223,87
39,223,95
39,223,103
39,223,111
39,223,119
39,223,127
39,223,135
39,223,143
39,223,151
39,223,159
39,223,167
39,223,175
39,223,183
39,223,191
39,223,199
39,223,207
39,223,215
39,223,223
39,223,231
39,223,239
39,223,247
39,223,255
39,231,0
39,231,7
39,231,15
39,231,23
39,231,31
39,231,39
39,231,47
39,231,55
39,231,63
39,231,71
39,231,79
39,231,87
39,231,95
39,231,103
39,231,111
39,231,119
39,231,127
39,231,135
39,231,143
39,231,151
39,231,159
39,231,167
39,231,175
39,231,183
39,231,191
39,231,199
39,231,207
39,231,215
39,231,223
39,231,231
39,231,239
39,231,247
39,231,255
39,239,0
39,239,7
39,239,15
39,239,23
39,239,31
39,239,39
39,239,47
39,239,55
39,239,63
39,239,71
39,239,79
39,239,87
39,239,95
39,239,103
39,239,111
39,239,119
39,239,127
39,239,135
39,239,143
39,239,151
39,239,159
39,239,167
39,239,175
39,239,183
39,239,191
39,239,199
39,239,207
39,239,215
39,239,223
39,239,231
39,239,239
39,239,247
39,239,255
39,247,0
39,247,7
39,247,15
39,247,23
39,247,31
39,247,39
39,247,47
39,247,55
39,247,63
39,247,71
39,247,79
39,247,87
39,247,95
39,247,103
39,247,111
39,247,119
39,247,127
39,247,135
39,247,143
39,247,151
39,247,159
39,247,167
39,247,175
39,247,183
39,247,191
39,247,199
39,247,207
39,247,215
39,247,223
39,247,231
39,247,239
39,247,247
39,247,255
39,255,0
39,255,7
39,255,15
39,255,23
39,255,31
39,255,39
39,255,47
39,255,55
39,255,63
39,255,71
39,255,79
39,255,87
39,255,95
39,255,103
39,255,111
39,255,119
39,255,127
39,255,135
39,255,143
39,255,151
39,255,159
39,255,167
39,255,175
39,255,183
39,255,191
39,255,199
39,255,207
39,255,215
39,255,223
39,255,231
39,255,239
39,255,247
39,255,255
47,0,0
47,0,7
47,0,15
47,0,23
47,0,31
47,0,39
47,0,47
47,0,55
47,0,63
47,0,71
47,0,79
47,0,87
47,0,95
47,0,103
47,0,111
47,0,119
47,0,127
47,0,135
47,0,143
47,0,151
47,0,159
47,0,167
47,0,175
47,0,183
47,0,191
47,0,199
47,0,207
47,0,215
47,0,223
47,0,231
47,0,239
47,0,247
47,0,255
47,7,0
47,7,7
47,7,15
47,7,23
47,7,31
47,7,39
47,7,47
47,7,55
47,7,63
47,7,71
47,7,79
47,7,87
47,7,95
47,7,103
47,7,111
47,7,119
47,7,127
47,7,135
47,7,143
47,7,151
47,7,159
47,7,167
47,7,175
47,7,183
47,7,191
47,7,199
47,7,207
47,7,215
47,7,223
47,7,231
47,7,239
47,7,247
47,7,255
47,15,0
47,15,7
47,15,15
47,15,23
47,15,31
47,15,39
47,15,47
47,15,55
47,15,63
47,15,71
47,15,79
47,15,87
47,15,95
47,15,103
47,15,111
47,15,119
47,15,127
47,15,135
47,15,143
47,15,151
47,15,159
47,15,167
47,15,175
47,15,183
47,15,191
47,15,199
47,15,207
47,15,215
47,15,223
47,15,231
47,15,239
47,15,247
47,15,255
47,23,0
47,23,7
47,23,15
47,23,23
47,23,31
47,23,39
47,23,47
47,23,55
47,23,63
47,23,71
47,23,79
47,23,87
47,23,95
47,23,103
47,23,111
47,23,119
47,23,127
47,23,135
47,23,143
47,23,151
47,23,159
47,23,167
47,23,175
47,23,183
47,23,191
47,23,199
47,23,207
47,23,215
47,23,223
47,23,231
47,23,239
47,23,247
47,23,255
47,31,0
47,31,7
47,31,15
47,31,23
47,31,31
47,31,39
47,31,47
47,31,55
47,31,63
47,31,71
47,31,79
47,31,87
47,31,95
47,31,103
47,31,111
47,31,119
47,31,127
47,31,135
47,31,143
47,31,151
47,31,159
47,31,167
47,31,175
47,31,183
47,31,191
47,31,199
47,31,207
47,31,215
47,31,223
47,31,231
47,31,239
47,31,247
47,31,255
47,39,0
47,39,7
47,39,15
47,39,23
47,39,31
47,39,39
47,39,47
47,39,55
47,39,63
47,39,71
47,39,79
47,39,87
47,39,95
47,39,103
47,39,111
47,39,119
47,39,127
47,39,135
47,39,143
47,39,151
47,39,159
47,39,167
47,39,175
47,39,183
47,39,191
47,39,199
47,39,207
47,39,215
47,39,223
47,39,231
47,39,239
47,39,247
47,39,255
47,47,0
47,47,7
47,47,15
47,47,23
47,47,31
47,47,39
47,47,47
47,47,55
47,47,63
47,47,71
47,47,79
47,47,87
47,47,95
47,47,103
47,47,111
47,47,119
47,47,127
47,47,135
47,47,143
47,47,151
47,47,159
47,47,167
47,47,175
47,47,183
47,47,191
47,47,199
47,47,207
47,47,215
47,47,223
47,47,231
47,47,239
47,47,247
47,47,255
47,55,0
47,55,7
47,55,15
47,55,23
47,55,31
47,55,39
47,55,47
47,55,55
47,55,63
47,55,71
47,55,79
47,55,87
47,55,95
47,55,103
47,55,111
47,55,119
47,55,127
47,55,135
47,55,143
47,55,151
47,55,159
47,55,167
47,55,175
47,55,183
47,55,191
47,55,199
47,55,207
47,55,215
47,55,223
47,55,231
47,55,239
47,55,247
47,55,255
47,63,0
47,63,7
47,63,15
47,63,23
47,63,31
47,63,39
47,63,47
47,63,55
47,63,63
47,63,71
47,63,79
47,63,87
47,63,95
47,63,103
47,63,111
47,63,119
47,63,127
47,63,135
47,63,143
47,63,151
47,63,159
47,63,167
47,63,175
47,63,183
47,63,191
47,63,199
47,63,207
47,63,215
47,63,223
47,63,231
47,63,239
47,63,247
47,63,255
47,71,0
47,71,7
47,71,15
47,71,23
47,71,31
47,71,39
47,71,47
47,71,55
47,71,63
47,71,71
47,71,79
47,71,87
47,71,95
47,71,103
47,71,111
47,71,119
47,71,127
47,71,135
47,71,143
47,71,151
47,71,159
47,71,167
47,71,175
47,71,183
47,71,191
47,71,199
47,71,207
47,71,215
47,71,223
47,71,231
47,71,239
47,71,247
47,71,255
47,79,0
47,79,7
47,79,15
47,79,23
47,79,31
47,79,39
47,79,47
47,79,55
47,79,63
47,79,71
47,79,79
47,79,87
47,79,95
47,79,103
47,79,111
47,79,119
47,79,127
47,79,135
47,79,143
47,79,151
47,79,159
47,79,167
47,79,175
47,79,183
47,79,191
47,79,199
47,79,207
47,79,215
47,79,223
47,79,231
47,79,239
47,79,247
47,79,255
47,87,0
47,87,7
47,87,15
47,87,23
47,87,31
47,87,39
47,87,47
47,87,55
47,87,63
47,87,71
47,87,79
47,87,87
47,87,95
47,87,103
47,87,111
47,87,119
47,87,127
47,87,135
47,87,143
47,87,151
47,87,159
47,87,167
47,87,175
47,87,183
47,87,191
47,87,199
47,87,207
47,87,215
47,87,223
47,87,231
47,87,239
47,87,247
47,87,255
47,95,0
47,95,7
47,95,15
47,95,23
47,95,31
47,95,39
47,95,47
47,95,55
47,95,63
47,95,71
47,95,79
47,95,87
47,95,95
47,95,103
47,95,111
47,95,119
47,95,127
47,95,135
47,95,143
47,95,151
47,95,159
47,95,167
47,95,175
47,95,183
47,95,191
47,95,199
47,95,207
47,95,215
47,95,223
47,95,231
47,95,239
47,95,247
47,95,255
47,103,0
47,103,7
47,103,15
47,103,23
47,103,31
47,103,39
47,103,47
47,103,55
47,103,63
47,103,71
47,103,79
47,103,87
47,103,95
47,103,103
47,103,111
47,103,119
47,103,127
47,103,135
47,103,143
47,103,151
47,103,159
47,103,167
47,103,175
47,103,183
47,103,191
47,103,199
47,103,207
47,103,215
47,103,223
47,103,231
47,103,239
47,103,247
47,103,255
47,111,0
47,111,7
47,111,15
47,111,23
47,111,31
47,111,39
47,111,47
47,111,55
47,111,63
47,111,71
47,111,79
47,111,87
47,111,95
47,111,103
47,111,111
47,111,119
47,111,127
47,111,135
47,111,143
47,111,151
47,111,159
47,111,167
47,111,175
47,111,183
47,111,191
47,111,199
47,111,207
47,111,215
47,111,223
47,111,231
47,111,239
47,111,247
47,111,255
47,119,0
47,119,7
47,119,15
47,119,23
47,119,31
47,119,39
47,119,47
47,119,55
47,119,63
47,119,71
47,119,79
47,119,87
47,119,95
47,119,103
47,119,111
47,119,119
47,119,127
47,119,135
47,119,143
47,119,151
47,119,159
47,119,167
47,119,175
47,119,183
47,119,191
47,119,199
47,119,207
47,119,215
47,119,223
47,119,231
47,119,239
47,119,247
47,119,255
47,127,0
47,127,7
47,127,15
47,127,23
47,127,31
47,127,39
47,127,47
47,127,55
47,127,63
47,127,71
47,127,79
47,127,87
47,127,95
47,127,103
47,127,111
47,127,119
47,127,127
47,127,135
47,127,143
47,127,151
47,127,159
47,127,167
47,127,175
47,127,183
47,127,191
47,127,199
47,127,207
47,127,215
47,127,223
47,127,231
47,127,239
47,127,247
47,127,255
47,135,0
47,135,7
47,135,15
47,135,23
47,135,31
47,135,39
47,135,47
47,135,55
47,135,63
47,135,71
47,135,79
47,135,87
47,135,95
47,135,103
47,135,111
47,135,119
47,135,127
47,135,135
47,135,143
47,135,151
47,135,159
47,135,167
47,135,175
47,135,183
47,135,191
47,135,199
47,135,207
47,135,215
47,135,223
47,135,231
47,135,239
47,135,247
47,135,255
47,143,0
47,143,7
47,143,15
47,143,23
47,143,31
47,143,39
47,143,47
47,143,55
47,143,63
47,143,71
47,143,79
47,143,87
47,143,95
47,143,103
47,143,111
47,143,119
47,143,127
47,143,135
47,143,143
47,143,151
47,143,159
47,143,167
47,143,175
47,143,183
47,143,191
47,143,199
47,143,207
47,143,215
47,143,223
47,143,231
47,143,239
47,143,247
47,143,255
47,151,0
47,151,7
47,151,15
47,151,23
47,151,31
47,151,39
47,151,47
47,151,55
47,151,63
47,151,71
47,151,79
47,151,87
47,151,95
47,151,103
47,151,111
47,151,119
47,151,127
47,151,135
47,151,143
47,151,151
47,151,159
47,151,167
47,151,175
47,151,183
47,151,191
47,151,199
47,151,207
47,151,215
47,151,223
47,151,231
47,151,239
47,151,247
47,151,255
47,159,0
47,159,7
47,159,15
47,159,23
47,159,31
47,159,39
47,159,47
47,159,55
47,159,63
47,159,71
47,159,79
47,159,87
47,159,95
47,159,103
47,159,111
47,159,119
47,159,127
47,159,135
47,159,143
47,159,151
47,159,159
47,159,167
47,159,175
47,159,183
47,159,191
47,159,199
47,159,207
47,159,215
47,159,223
47,159,231
47,159,239
47,159,247
47,159,255
47,167,0
47,167,7
47,167,15
47,167,23
47,167,31
47,167,39
47,167,47
47,167,55
47,167,63
47,167,71
47,167,79
47,167,87
47,167,95
47,167,103
47,167,111
47,167,119
47,167,127
47,167,135
47,167,143
47,167,151
47,167,159
47,167,167
47,167,175
47,167,183
47,167,191
47,167,199
47,167,207
47,167,215
47,167,223
47,167,231
47,167,239
47,167,247
47,167,255
47,175,0
47,175,7
47,175,15
47,175,23
47,175,31
47,175,39
47,175,47
47,175,55
47,175,63
47,175,71
47,175,79
47,175,87
47,175,95
47,175,103
47,175,111
47,175,119
47,175,127
47,175,135
47,175,143
47,175,151
47,175,159
47,175,167
47,175,175
47,175,183
47,175,191
47,175,199
47,175,207
47,175,215
47,175,223
47,175,231
47,175,239
47,175,247
47,175,255
47,183,0
47,183,7
47,183,15
47,183,23
47,183,31
47,183,39
47,183,47
47,183,55
47,183,63
47,183,71
47,183,79
47,183,87
47,183,95
47,183,103
47,183,111
47,183,119
47,183,127
47,183,135
47,183,143
47,183,151
47,183,159
47,183,167
47,183,175
47,183,183
47,183,191
47,183,199
47,183,207
47,183,215
47,183,223
47,183,231
47,183,239
47,183,247
47,183,255
47,191,0
47,191,7
47,191,15
47,191,23
47,191,31
47,191,39
47,191,47
47,191,55
47,191,63
47,191,71
47,191,79
47,191,87
47,191,95
47,191,103
47,191,111
47,191,119
47,191,127
47,191,135
47,191,143
47,191,151
47,191,159
47,191,167
47,191,175
47,191,183
47,191,191
47,191,199
47,191,207
47,191,215
47,191,223
47,191,231
47,191,239
47,191,247
47,191,255
47,199,0
47,199,7
47,199,15
47,199,23
47,199,31
47,199,39
47,199,47
47,199,55
47,199,63
47,199,71
47,199,79
47,199,87
47,199,95
47,199,103
47,199,111
47,199,119
47,199,127
47,199,135
47,199,143
47,199,151
47,199,159
47,199,167
47,199,175
47,199,183
47,199,191
47,199,199
47,199,207
47,199,215
47,199,223
47,199,231
47,199,239
47,199,247
47,199,255
47,207,0
47,207,7
47,207,15
47,207,23
47,207,31
47,207,39
47,207,47
47,207,55
47,207,63
47,207,71
47,207,79
47,207,87
47,207,95
47,207,103
47,207,111
47,207,119
47,207,127
47,207,135
47,207,143
47,207,151
47,207,159
47,207,167
47,207,175
47,207,183
47,207,191
47,207,199
47,207,207
47,207,215
47,207,223
47,207,231
47,207,239
47,207,247
47,207,255
47,215,0
47,215,7
47,215,15
47,215,23
47,215,31
47,215,39
47,215,47
47,215,55
47,215,63
47,215,71
47,215,79
47,215,87
47,215,95
47,215,103
47,215,111
47,215,119
47,215,127
47,215,135
47,215,143
47,215,151
47,215,159
47,215,167
47,215,175
47,215,183
47,215,191
47,215,199
47,215,207
47,215,215
47,215,223
47,215,231
47,215,239
47,215,247
47,215,255
47,223,0
47,223,7
47,223,15
47,223,23
47,223,31
47,223,39
47,223,47
47,223,55
47,223,63
47,223,71
47,223,79
47,223,87
47,223,95
47,223,103
47,223,111
47,223,119
47,223,127
47,223,135
47,223,143
47,223,151
47,223,159
47,223,167
47,223,175
47,223,183
47,223,191
47,223,199
47,223,207
47,223,215
47,223,223
47,223,231
47,223,239
47,223,247
47,223,255
47,231,0
47,231,7
47,231,15
47,231,23
47,231,31
47,231,39
47,231,47
47,231,55
47,231,63
47,231,71
47,231,79
47,231,87
47,231,95
47,231,103
47,231,111
47,231,119
47,231,127
47,231,135
47,231,143
47,231,151
47,231,159
47,231,167
47,231,175
47,231,183
47,231,191
47,231,199
47,231,207
47,231,215
47,231,223
47,231,231
47,231,239
47,231,247
47,231,255
47,239,0
47,239,7
47,239,15
47,239,23
47,239,31
47,239,39
47,239,47
47,239,55
47,239,63
47,239,71
47,239,79
47,239,87
47,239,95
47,239,103
47,239,111
47,239,119
47,239,127
47,239,135
47,239,143
47,239,151
47,239,159
47,239,167
47,239,175
47,239,183
47,239,191
47,239,199
47,239,207
47,239,215
47,239,223
47,239,231
47,239,239
47,239,247
47,239,255
47,247,0
47,247,7
47,247,15
47,247,23
47,247,31
47,247,39
47,247,47
47,247,55
47,247,63
47,247,71
47,247,79
47,247,87
47,247,95
47,247,103
47,247,111
47,247,119
47,247,127
47,247,135
47,247,143
47,247,151
47,247,159
47,247,167
47,247,175
47,247,183
47,247,191
47,247,199
47,247,207
47,247,215
47,247,223
47,247,231
47,247,239
47,247,247
47,247,255
47,255,0
47,255,7
47,255,15
47,255,23
47,255,31
47,255,39
47,255,47
47,255,55
47,255,63
47,255,71
47,255,79
47,255,87
47,255,95
47,255,103
47,255,111
47,255,119
47,255,127
47,255,135
47,255,143
47,255,151
47,255,159
47,255,167
47,255,175
47,255,183
47,255,191
47,255,199
47,255,207
47,255,215
47,255,223
47,255,231
47,255,239
47,255,247
47,255,255
55,0,0
55,0,7
55,0,15
55,0,23
55,0,31
55,0,39
55,0,47
55,0,55
55,0,63
55,0,71
55,0,79
55,0,87
55,0,95
55,0,103
55,0,111
55,0,119
55,0,127
55,0,135
55,0,143
55,0,151
55,0,159
55,0,167
55,0,175
55,0,183
55,0,191
55,0,199
55,0,207
55,0,215
55,0,223
55,0,231
55,0,239
55,0,247
55,0,255
55,7,0
55,7,7
55,7,15
55,7,23
55,7,31
55,7,39
55,7,47
55,7,55
55,7,63
55,7,71
55,7,79
55,7,87
55,7,95
55,7,103
55,7,111
55,7,119
55,7,127
55,7,135
55,7,143
55,7,151
55,7,159
55,7,167
55,7,175
55,7,183
55,7,191
55,7,199
55,7,207
55,7,215
55,7,223
55,7,231
55,7,239
55,7,247
55,7,255
55,15,0
55,15,7
55,15,15
55,15,23
55,15,31
55,15,39
55,15,47
55,15,55
55,15,63
55,15,71
55,15,79
55,15,87
55,15,95
55,15,103
55,15,111
55,15,119
55,15,127
55,15,135
55,15,143
55,15,151
55,15,159
55,15,167
55,15,175
55,15,183
55,15,191
55,15,199
55,15,207
55,15,215
55,15,223
55,15,231
55,15,239
55,15,247
55,15,255
55,23,0
55,23,7
55,23,15
55,23,23
55,23,31
55,23,39
55,23,47
55,23,55
55,23,63
55,23,71
55,23,79
55,23,87
55,23,95
55,23,103
55,23,111
55,23,119
55,23,127
55,23,135
55,23,143
55,23,151
55,23,159
55,23,167
55,23,175
55,23,183
55,23,191
55,23,199
55,23,207
55,23,215
55,23,223
55,23,231
55,23,239
55,23,247
55,23,255
55,31,0
55,31,7
55,31,15
55,31,23
55,31,31
55,31,39
55,31,47
55,31,55
55,31,63
55,31,71
55,31,79
55,31,87
55,31,95
55,31,103
55,31,111
55,31,119
55,31,127
55,31,135
55,31,143
55,31,151
55,31,159
55,31,167
55,31,175
55,31,183
55,31,191
55,31,199
55,31,207
55,31,215
55,31,223
55,31,231
55,31,239
55,31,247
55,31,255
55,39,0
55,39,7
55,39,15
55,39,23
55,39,31
55,39,39
55,39,47
55,39,55
55,39,63
55,39,71
55,39,79
55,39,87
55,39,95
55,39,103
55,39,111
55,39,119
55,39,127
55,39,135
55,39,143
55,39,151
55,39,159
55,39,167
55,39,175
55,39,183
55,39,191
55,39,199
55,39,207
55,39,215
55,39,223
55,39,231
55,39,239
55,39,247
55,39,255
55,47,0
55,47,7
55,47,15
55,47,23
55,47,31
55,47,39
55,47,47
55,47,55
55,47,63
55,47,71
55,47,79
55,47,87
55,47,95
55,47,103
55,47,111
55,47,119
55,47,127
55,47,135
55,47,143
55,47,151
55,47,159
55,47,167
55,47,175
55,47,183
55,47,191
55,47,199
55,47,207
55,47,215
55,47,223
55,47,231
55,47,239
55,47,247
55,47,255
55,55,0
55,55,7
55,55,15
55,55,23
55,55,31
55,55,39
55,55,47
55,55,55
55,55,63
55,55,71
55,55,79
55,55,87
55,55,95
55,55,103
55,55,111
55,55,119
55,55,127
55,55,135
55,55,143
55,55,151
55,55,159
55,55,167
55,55,175
55,55,183
55,55,191
55,55,199
55,55,207
55,55,215
55,55,223
55,55,231
55,55,239
55,55,247
55,55,255
55,63,0
55,63,7
55,63,15
55,63,23
55,63,31
55,63,39
55,63,47
55,63,55
55,63,63
55,63,71
55,63,79
55,63,87
55,63,95
55,63,103
55,63,111
55,63,119
55,63,127
55,63,135
55,63,143
55,63,151
55,63,159
55,63,167
55,63,175
55,63,183
55,63,191
55,63,199
55,63,207
55,63,215
55,63,223
55,63,231
55,63,239
55,63,247
55,63,255
55,71,0
55,71,7
55,71,15
55,71,23
55,71,31
55,71,39
55,71,47
55,71,55
55,71,63
55,71,71
55,71,79
55,71,87
55,71,95
55,71,103
55,71,111
55,71,119
55,71,127
55,71,135
55,71,143
55,71,151
55,71,159
55,71,167
55,71,175
55,71,183
55,71,191
55,71,199
55,71,207
55,71,215
55,71,223
55,71,231
55,71,239
55,71,247
55,71,255
55,79,0
55,79,7
55,79,15
55,79,23
55,79,31
55,79,39
55,79,47
55,79,55
55,79,63
55,79,71
55,79,79
55,79,87
55,79,95
55,79,103
55,79,111
55,79,119
55,79,127
55,79,135
55,79,143
55,79,151
55,79,159
55,79,167
55,79,175
55,79,183
55,79,191
55,79,199
55,79,207
55,79,215
55,79,223
55,79,231
55,79,239
55,79,247
55,79,255
55,87,0
55,87,7
55,87,15
55,87,23
55,87,31
55,87,39
55,87,47
55,87,55
55,87,63
55,87,71
55,87,79
55,87,87
55,87,95
55,87,103
55,87,111
55,87,119
55,87,127
55,87,135
55,87,143
55,87,151
55,87,159
55,87,167
55,87,175
55,87,183
55,87,191
55,87,199
55,87,207
55,87,215
55,87,223
55,87,231
55,87,239
55,87,247
55,87,255
55,95,0
55,95,7
55,95,15
55,95,23
55,95,31
55,95,39
55,95,47
55,95,55
55,95,63
55,95,71
55,95,79
55,95,87
55,95,95
55,95,103
55,95,111
55,95,119
55,95,127
55,95,135
55,95,143
55,95,151
55,95,159
55,95,167
55,95,175
55,95,183
55,95,191
55,95,199
55,95,207
55,95,215
55,95,223
55,95,231
55,95,239
55,95,247
55,95,255
55,103,0
55,103,7
55,103,15
55,103,23
55,103,31
55,103,39
55,103,47
55,103,55
55,103,63
55,103,71
55,103,79
55,103,87
55,103,95
55,103,103
55,103,111
55,103,119
55,103,127
55,103,135
55,103,143
55,103,151
55,103,159
55,103,167
55,103,175
55,103,183
55,103,191
55,103,199
55,103,207
55,103,215
55,103,223
55,103,231
55,103,239
55,103,247
55,103,255
55,111,0
55,111,7
55,111,15
55,111,23
55,111,31
55,111,39
55,111,47
55,111,55
55,111,63
55,111,71
55,111,79
55,111,87
55,111,95
55,111,103
55,111,111
55,111,119
55,111,127
55,111,135
55,111,143
55,111,151
55,111,159
55,111,167
55,111,175
55,111,183
55,111,191
55,111,199
55,111,207
55,111,215
55,111,223
55,111,231
55,111,239
55,111,247
55,111,255
55,119,0
55,119,7
55,119,15
55,119,23
55,119,31
55,119,39
55,119,47
55,119,55
55,119,63
55,119,71
55,119,79
55,119,87
55,119,95
55,119,103
55,119,111
55,119,119
55,119,127
55,119,135
55,119,143
55,119,151
55,119,159
55,119,167
55,119,175
55,119,183
55,119,191
55,119,199
55,119,207
55,119,215
55,119,223
55,119,231
55,119,239
55,119,247
55,119,255
55,127,0
55,127,7
55,127,15
55,127,23
55,127,31
55,127,39
55,127,47
55,127,55
55,127,63
55,127,71
55,127,79
55,127,87
55,127,95
55,127,103
55,127,111
55,127,119
55,127,127
55,127,135
55,127,143
55,127,151
55,127,159
55,127,167
55,127,175
55,127,183
55,127,191
55,127,199
55,127,207
55,127,215
55,127,223
55,127,231
55,127,239
55,127,247
55,127,255
55,135,0
55,135,7
55,135,15
55,135,23
55,135,31
55,135,39
55,135,47
55,135,55
55,135,63
55,135,71
55,135,79
55,135,87
55,135,95
55,135,103
55,135,111
55,135,119
55,135,127
55,135,135
55,135,143
55,135,151
55,135,159
55,135,167
55,135,175
55,135,183
55,135,191
55,135,199
55,135,207
55,135,215
55,135,223
55,135,231
55,135,239
55,135,247
55,135,255
55,143,0
55,143,7
55,143,15
55,143,23
55,143,31
55,143,39
55,143,47
55,143,55
55,143,63
55,143,71
55,143,79
55,143,87
55,143,95
55,143,103
55,143,111
55,143,119
55,143,127
55,143,135
55,143,143
55,143,151
55,143,159
55,143,167
55,143,175
55,143,183
55,143,191
55,143,199
55,143,207
55,143,215
55,143,223
55,143,231
55,143,239
55,143,247
55,143,255
55,151,0
55,151,7
55,151,15
55,151,23
55,151,31
55,151,39
55,151,47
55,151,55
55,151,63
55,151,71
55,151,79
55,151,87
55,151,95
55,151,103
55,151,111
55,151,119
55,151,127
55,151,135
55,151,143
55,151,151
55,151,159
55,151,167
55,151,175
55,151,183
55,151,191
55,151,199
55,151,207
55,151,215
55,151,223
55,151,231
55,151,239
55,151,247
55,151,255
55,159,0
55,159,7
55,159,15
55,159,23
55,159,31
55,159,39
55,159,47
55,159,55
55,159,63
55,159,71
55,159,79
55,159,87
55,159,95
55,159,103
55,159,111
55,159,119
55,159,127
55,159,135
55,159,143
55,159,151
55,159,159
55,159,167
55,159,175
55,159,183
55,159,191
55,159,199
55,159,207
55,159,215
55,159,223
55,159,231
55,159,239
55,159,247
55,159,255
55,167,0
55,167,7
55,167,15
55,167,23
55,167,31
55,167,39
55,167,47
55,167,55
55,167,63
55,167,71
55,167,79
55,167,87
55,167,95
55,167,103
55,167,111
55,167,119
55,167,127
55,167,135
55,167,143
55,167,151
55,167,159
55,167,167
55,167,175
55,167,183
55,167,191
55,167,199
55,167,207
55,167,215
55,167,223
55,167,231
55,167,239
55,167,247
55,167,255
55,175,0
55,175,7
55,175,15
55,175,23
55,175,31
55,175,39
55,175,47
55,175,55
55,175,63
55,175,71
55,175,79
55,175,87
55,175,95
55,175,103
55,175,111
55,175,119
55,175,127
55,175,135
55,175,143
55,175,151
55,175,159
55,175,167
55,175,175
55,175,183
55,175,191
55,175,199
55,175,207
55,175,215
55,175,223
55,175,231
55,175,239
55,175,247
55,175,255
55,183,0
55,183,7
55,183,15
55,183,23
55,183,31
55,183,39
55,183,47
55,183,55
55,183,63
55,183,71
55,183,79
55,183,87
55,183,95
55,183,103
55,183,111
55,183,119
55,183,127
55,183,135
55,183,143
55,183,151
55,183,159
55,183,167
55,183,175
55,183,183
55,183,191
55,183,199
55,183,207
55,183,215
55,183,223
55,183,231
55,183,239
55,183,247
55,183,255
55,191,0
55,191,7
55,191,15
55,191,23
55,191,31
55,191,39
55,191,47
55,191,55
55,191,63
55,191,71
55,191,79
55,191,87
55,191,95
55,191,103
55,191,111
55,191,119
55,191,127
55,191,135
55,191,143
55,191,151
55,191,159
55,191,167
55,191,175
55,191,183
55,191,191
55,191,199
55,191,207
55,191,215
55,191,223
55,191,231
55,191,239
55,191,247
55,191,255
55,199,0
55,199,7
55,199,15
55,199,23
55,199,31
55,199,39
55,199,47
55,199,55
55,199,63
55,199,71
55,199,79
55,199,87
55,199,95
55,199,103
55,199,111
55,199,119
55,199,127
55,199,135
55,199,143
55,199,151
55,199,159
55,199,167
55,199,175
55,199,183
55,199,191
55,199,199
55,199,207
55,199,215
55,199,223
55,199,231
55,199,239
55,199,247
55,199,255
55,207,0
55,207,7
55,207,15
55,207,23
55,207,31
55,207,39
55,207,47
55,207,55
55,207,63
55,207,71
55,207,79
55,207,87
55,207,95
55,207,103
55,207,111
55,207,119
55,207,127
55,207,135
55,207,143
55,207,151
55,207,159
55,207,167
55,207,175
55,207,183
55,207,191
55,207,199
55,207,207
55,207,215
55,207,223
55,207,231
55,207,239
55,207,247
55,207,255
55,215,0
55,215,7
55,215,15
55,215,23
55,215,31
55,215,39
55,215,47
55,215,55
55,215,63
55,215,71
55,215,79
55,215,87
55,215,95
55,215,103
55,215,111
55,215,119
55,215,127
55,215,135
55,215,143
55,215,151
55,215,159
55,215,167
55,215,175
55,215,183
55,215,191
55,215,199
55,215,207
55,215,215
55,215,223
55,215,231
55,215,239
55,215,247
55,215,255
55,223,0
55,223,7
55,223,15
55,223,23
55,223,31
55,223,39
55,223,47
55,223,55
55,223,63
55,223,71
55,223,79
55,223,87
55,223,95
55,223,103
55,223,111
55,223,119
55,223,127
55,223,135
55,223,143
55,223,151
55,223,159
55,223,167
55,223,175
55,223,183
55,223,191
55,223,199
55,223,207
55,223,215
55,223,223
55,223,231
55,223,239
55,223,247
55,223,255
55,231,0
55,231,7
55,231,15
55,231,23
55,231,31
55,231,39
55,231,47
55,231,55
55,231,63
55,231,71
55,231,79
55,231,87
55,231,95
55,231,103
55,231,111
55,231,119
55,231,127
55,231,135
55,231,143
55,231,151
55,231,159
55,231,167
55,231,175
55,231,183
55,231,191
55,231,199
55,231,207
55,231,215
55,231,223
55,231,231
55,231,239
55,231,247
55,231,255
55,239,0
55,239,7
55,239,15
55,239,23
55,239,31
55,239,39
55,239,47
55,239,55
55,239,63
55,239,71
55,239,79
55,239,87
55,239,95
55,239,103
55,239,111
55,239,119
55,239,127
55,239,135
55,239,143
55,239,151
55,239,159
55,239,167
55,239,175
55,239,183
55,239,191
55,239,199
55,239,207
55,239,215
55,239,223
55,239,231
55,239,239
55,239,247
55,239,255
55,247,0
55,247,7
55,247,15
55,247,23
55,247,31
55,247,39
55,247,47
55,247,55
55,247,63
55,247,71
55,247,79
55,247,87
55,247,95
55,247,103
55,247,111
55,247,119
55,247,127
55,247,135
55,247,143
55,247,151
55,247,159
55,247,167
55,247,175
55,247,183
55,247,191
55,247,199
55,247,207
55,247,215
55,247,223
55,247,231
55,247,239
55,247,247
55,247,255
55,255,0
55,255,7
55,255,15
55,255,23
55,255,31
55,255,39
55,255,47
55,255,55
55,255,63
55,255,71
55,255,79
55,255,87
55,255,95
55,255,103
55,255,111
55,255,119
55,255,127
55,255,135
55,255,143
55,255,151
55,255,159
55,255,167
55,255,175
55,255,183
55,255,191
55,255,199
55,255,207
55,255,215
55,255,223
55,255,231
55,255,239
55,255,247
55,255,255
63,0,0
63,0,7
63,0,15
63,0,23
63,0,31
63,0,39
63,0,47
63,0,55
63,0,63
63,0,71
63,0,79
63,0,87
63,0,95
63,0,103
63,0,111
63,0,119
63,0,127
63,0,135
63,0,143
63,0,151
63,0,159
63,0,167
63,0,175
63,0,183
63,0,191
63,0,199
63,0,207
63,0,215
63,0,223
63,0,231
63,0,239
63,0,247
63,0,255
63,7,0
63,7,7
63,7,15
63,7,23
63,7,31
63,7,39
63,7,47
63,7,55
63,7,63
63,7,71
63,7,79
63,7,87
63,7,95
63,7,103
63,7,111
63,7,119
63,7,127
63,7,135
63,7,143
63,7,151
63,7,159
63,7,167
63,7,175
63,7,183
63,7,191
63,7,199
63,7,207
63,7,215
63,7,223
63,7,231
63,7,239
63,7,247
63,7,255
63,15,0
63,15,7
63,15,15
63,15,23
63,15,31
63,15,39
63,15,47
63,15,55
63,15,63
63,15,71
63,15,79
63,15,87
63,15,95
63,15,103
63,15,111
63,15,119
63,15,127
63,15,135
63,15,143
63,15,151
63,15,159
63,15,167
63,15,175
63,15,183
63,15,191
63,15,199
63,15,207
63,15,215
63,15,223
63,15,231
63,15,239
63,15,247
63,15,255
63,23,0
63,23,7
63,23,15
63,23,23
63,23,31
63,23,39
63,23,47
63,23,55
63,23,63
63,23,71
63,23,79
63,23,87
63,23,95
63,23,103
63,23,111
63,23,119
63,23,127
63,23,135
63,23,143
63,23,151
63,23,159
63,23,167
63,23,175
63,23,183
63,23,191
63,23,199
63,23,207
63,23,215
63,23,223
63,23,231
63,23,239
63,23,247
63,23,255
63,31,0
63,31,7
63,31,15
63,31,23
63,31,31
63,31,39
63,31,47
63,31,55
63,31,63
63,31,71
63,31,79
63,31,87
63,31,95
63,31,103
63,31,111
63,31,119
63,31,127
63,31,135
63,31,143
63,31,151
63,31,159
63,31,167
63,31,175
63,31,183
63,31,191
63,31,199
63,31,207
63,31,215
63,31,223
63,31,231
63,31,239
63,31,247
63,31,255
63,39,0
63,39,7
63,39,15
63,39,23
63,39,31
63,39,39
63,39,47
63,39,55
63,39,63
63,39,71
63,39,79
63,39,87
63,39,95
63,39,103
63,39,111
63,39,119
63,39,127
63,39,135
63,39,143
63,39,151
63,39,159
63,39,167
63,39,175
63,39,183
63,39,191
63,39,199
63,39,207
63,39,215
63,39,223
63,39,231
63,39,239
63,39,247
63,39,255
63,47,0
63,47,7
63,47,15
63,47,23
63,47,31
63,47,39
63,47,47
63,47,55
63,47,63
63,47,71
63,47,79
63,47,87
63,47,95
63,47,103
63,47,111
63,47,119
63,47,127
63,47,135
63,47,143
63,47,151
63,47,159
63,47,167
63,47,175
63,47,183
63,47,191
63,47,199
63,47,207
63,47,215
63,47,223
63,47,231
63,47,239
63,47,247
63,47,255
63,55,0
63,55,7
63,55,15
63,55,23
63,55,31
63,55,39
63,55,47
63,55,55
63,55,63
63,55,71
63,55,79
63,55,87
63,55,95
63,55,103
63,55,111
63,55,119
63,55,127
63,55,135
63,55,143
63,55,151
63,55,159
63,55,167
63,55,175
63,55,183
63,55,191
63,55,199
63,55,207
63,55,215
63,55,223
63,55,231
63,55,239
63,55,247
63,55,255
63,63,0
63,63,7
63,63,15
63,63,23
63,63,31
63,63,39
63,63,47
63,63,55
63,63,63
63,63,71
63,63,79
63,63,87
63,63,95
63,63,103
63,63,111
63,63,119
63,63,127
63,63,135
63,63,143
63,63,151
63,63,159
63,63,167
63,63,175
63,63,183
63,63,191
63,63,199
63,63,207
63,63,215
63,63,223
63,63,231
63,63,239
63,63,247
63,63,255
63,71,0
63,71,7
63,71,15
63,71,23
63,71,31
63,71,39
63,71,47
63,71,55
63,71,63
63,71,71
63,71,79
63,71,87
63,71,95
63,71,103
63,71,111
63,71,119
63,71,127
63,71,135
63,71,143
63,71,151
63,71,159
63,71,167
63,71,175
63,71,183
63,71,191
63,71,199
63,71,207
63,71,215
63,71,223
63,71,231
63,71,239
63,71,247
63,71,255
63,79,0
63,79,7
63,79,15
63,79,23
63,79,31
63,79,39
63,79,47
63,79,55
63,79,63
63,79,71
63,79,79
63,79,87
63,79,95
63,79,103
63,79,111
63,79,119
63,79,127
63,79,135
63,79,143
63,79,151
63,79,159
63,79,167
63,79,175
63,79,183
63,79,191
63,79,199
63,79,207
63,79,215
63,79,223
63,79,231
63,79,239
63,79,247
63,79,255
63,87,0
63,87,7
63,87,15
63,87,23
63,87,31
63,87,39
63,87,47
63,87,55
63,87,63
63,87,71
63,87,79
63,87,87
63,87,95
63,87,103
63,87,111
63,87,119
63,87,127
63,87,135
63,87,143
63,87,151
63,87,159
63,87,167
63,87,175
63,87,183
63,87,191
63,87,199
63,87,207
63,87,215
63,87,223
63,87,231
63,87,239
63,87,247
63,87,255
63,95,0
63,95,7
63,95,15
63,95,23
63,95,31
63,95,39
63,95,47
63,95,55
63,95,63
63,95,71
63,95,79
63,95,87
63,95,95
63,95,103
63,95,111
63,95,119
63,95,127
63,95,135
63,95,143
63,95,151
63,95,159
63,95,167
63,95,175
63,95,183
63,95,191
63,95,199
63,95,207
63,95,215
63,95,223
63,95,231
63,95,239
63,95,247
63,95,255
63,103,0
63,103,7
63,103,15
63,103,23
63,103,31
63,103,39
63,103,47
63,103,55
63,103,63
63,103,71
63,103,79
63,103,87
63,103,95
63,103,103
63,103,111
63,103,119
63,103,127
63,103,135
63,103,143
63,103,151
63,103,159
63,103,167
63,103,175
63,103,183
63,103,191
63,103,199
63,103,207
63,103,215
63,103,223
63,103,231
63,103,239
63,103,247
63,103,255
63,111,0
63,111,7
63,111,15
63,111,23
63,111,31
63,111,39
63,111,47
63,111,55
63,111,63
63,111,71
63,111,79
63,111,87
63,111,95
63,111,103
63,111,111
63,111,119
63,111,127
63,111,135
63,111,143
63,111,151
63,111,159
63,111,167
63,111,175
63,111,183
63,111,191
63,111,199
63,111,207
63,111,215
63,111,223
63,111,231
63,111,239
63,111,247
63,111,255
63,119,0
63,119,7
63,119,15
63,119,23
63,119,31
63,119,39
63,119,47
63,119,55
63,119,63
63,119,71
63,119,79
63,119,87
63,119,95
63,119,103
63,119,111
63,119,119
63,119,127
63,119,135
63,119,143
63,119,151
63,119,159
63,119,167
63,119,175
63,119,183
63,119,191
63,119,199
63,119,207
63,119,215
63,119,223
63,119,231
63,119,239
63,119,247
63,119,255
63,127,0
63,127,7
63,127,15
63,127,23
63,127,31
63,127,39
63,127,47
63,127,55
63,127,63
63,127,71
63,127,79
63,127,87
63,127,95
63,127,103
63,127,111
63,127,119
63,127,127
63,127,135
63,127,143
63,127,151
63,127,159
63,127,167
63,127,175
63,127,183
63,127,191
63,127,199
63,127,207
63,127,215
63,127,223
63,127,231
63,127,239
63,127,247
63,127,255
63,135,0
63,135,7
63,135,15
63,135,23
63,135,31
63,135,39
63,135,47
63,135,55
63,135,63
63,135,71
63,135,79
63,135,87
63,135,95
63,135,103
63,135,111
63,135,119
63,135,127
63,135,135
63,135,143
63,135,151
63,135,159
63,135,167
63,135,175
63,135,183
63,135,191
63,135,199
63,135,207
63,135,215
63,135,223
63,135,231
63,135,239
63,135,247
63,135,255
63,143,0
63,143,7
63,143,15
63,143,23
63,143,31
63,143,39
63,143,47
63,143,55
63,143,63
63,143,71
63,143,79
63,143,87
63,143,95
63,143,103
63,143,111
63,143,119
63,143,127
63,143,135
63,143,143
63,143,151
63,143,159
63,143,167
63,143,175
63,143,183
63,143,191
63,143,199
63,143,207
63,143,215
63,143,223
63,143,231
63,143,239
63,143,247
63,143,255
63,151,0
63,151,7
63,151,15
63,151,23
63,151,31
63,151,39
63,151,47
63,151,55
63,151,63
63,151,71
63,151,79
63,151,87
63,151,95
63,151,103
63,151,111
63,151,119
63,151,127
63,151,135
63,151,143
63,151,151
63,151,159
63,151,167
63,151,175
63,151,183
63,151,191
63,151,199
63,151,207
63,151,215
63,151,223
63,151,231
63,151,239
63,151,247
63,151,255
63,159,0
63,159,7
63,159,15
63,159,23
63,159,31
63,159,39
63,159,47
63,159,55
63,159,63
63,159,71
63,159,79
63,159,87
63,159,95
63,159,103
63,159,111
63,159,119
63,159,127
63,159,135
63,159,143
63,159,151
63,159,159
63,159,167
63,159,175
63,159,183
63,159,191
63,159,199
63,159,207
63,159,215
63,159,223
63,159,231
63,159,239
63,159,247
63,159,255
63,167,0
63,167,7
63,167,15
63,167,23
63,167,31
63,167,39
63,167,47
63,167,55
63,167,63
63,167,71
63,167,79
63,167,87
63,167,95
63,167,103
63,167,111
63,167,119
63,167,127
63,167,135
63,167,143
63,167,151
63,167,159
63,167,167
63,167,175
63,167,183
63,167,191
63,167,199
63,167,207
63,167,215
63,167,223
63,167,231
63,167,239
63,167,247
63,167,255
63,175,0
63,175,7
63,175,15
63,175,23
63,175,31
63,175,39
63,175,47
63,175,55
63,175,63
63,175,71
63,175,79
63,175,87
63,175,95
63,175,103
63,175,111
63,175,119
63,175,127
63,175,135
63,175,143
63,175,151
63,175,159
63,175,167
63,175,175
63,175,183
63,175,191
63,175,199
63,175,207
63,175,215
63,175,223
63,175,231
63,175,239
63,175,247
63,175,255
63,183,0
63,183,7
63,183,15
63,183,23
63,183,31
63,183,39
63,183,47
63,183,55
63,183,63
63,183,71
63,183,79
63,183,87
63,183,95
63,183,103
63,183,111
63,183,119
63,183,127
63,183,135
63,183,143
63,183,151
63,183,159
63,183,167
63,183,175
63,183,183
63,183,191
63,183,199
63,183,207
63,183,215
63,183,223
63,183,231
63,183,239
63,183,247
63,183,255
63,191,0
63,191,7
63,191,15
63,191,23
63,191,31
63,191,39
63,191,47
63,191,55
63,191,63
63,191,71
63,191,79
63,191,87
63,191,95
63,191,103
63,191,111
63,191,119
63,191,127
63,191,135
63,191,143
63,191,151
63,191,159
63,191,167
63,191,175
63,191,183
63,191,191
63,191,199
63,191,207
63,191,215
63,191,223
63,191,231
63,191,239
63,191,247
63,191,255
63,199,0
63,199,7
63,199,15
63,199,23
63,199,31
63,199,39
63,199,47
63,199,55
63,199,63
63,199,71
63,199,79
63,199,87
63,199,95
63,199,103
63,199,111
63,199,119
63,199,127
63,199,135
63,199,143
63,199,151
63,199,159
63,199,167
63,199,175
63,199,183
63,199,191
63,199,199
63,199,207
63,199,215
63,199,223
63,199,231
63,199,239
63,199,247
63,199,255
63,207,0
63,207,7
63,207,15
63,207,23
63,207,31
63,207,39
63,207,47
63,207,55
63,207,63
63,207,71
63,207,79
63,207,87
63,207,95
63,207,103
63,207,111
63,207,119
63,207,127
63,207,135
63,207,143
63,207,151
63,207,159
63,207,167
63,207,175
63,207,183
63,207,191
63,207,199
63,207,207
63,207,215
63,207,223
63,207,231
63,207,239
63,207,247
63,207,255
63,215,0
63,215,7
63,215,15
63,215,23
63,215,31
63,215,39
63,215,47
63,215,55
63,215,63
63,215,71
63,215,79
63,215,87
63,215,95
63,215,103
63,215,111
63,215,119
63,215,127
63,215,135
63,215,143
63,215,151
63,215,159
63,215,167
63,215,175
63,215,183
63,215,191
63,215,199
63,215,207
63,215,215
63,215,223
63,215,231
63,215,239
63,215,247
63,215,255
63,223,0
63,223,7
63,223,15
63,223,23
63,223,31
63,223,39
63,223,47
63,223,55
63,223,63
63,223,71
63,223,79
63,223,87
63,223,95
63,223,103
63,223,111
63,223,119
63,223,127
63,223,135
63,223,143
63,223,151
63,223,159
63,223,167
63,223,175
63,223,183
63,223,191
63,223,199
63,223,207
63,223,215
63,223,223
63,223,231
63,223,239
63,223,247
63,223,255
63,231,0
63,231,7
63,231,15
63,231,23
63,231,31
63,231,39
63,231,47
63,231,55
63,231,63
63,231,71
63,231,79
63,231,87
63,231,95
63,231,103
63,231,111
63,231,119
63,231,127
63,231,135
63,231,143
63,231,151
63,231,159
63,231,167
63,231,175
63,231,183
63,231,191
63,231,199
63,231,207
63,231,215
63,231,223
63,231,231
63,231,239
63,231,247
63,231,255
63,239,0
63,239,7
63,239,15
63,239,23
63,239,31
63,239,39
63,239,47
63,239,55
63,239,63
63,239,71
63,239,79
63,239,87
63,239,95
63,239,103
63,239,111
63,239,119
63,239,127
63,239,135
63,239,143
63,239,151
63,239,159
63,239,167
63,239,175
63,239,183
63,239,191
63,239,199
63,239,207
63,239,215
63,239,223
63,239,231
63,239,239
63,239,247
63,239,255
63,247,0
63,247,7
63,247,15
63,247,23
63,247,31
63,247,39
63,247,47
63,247,55
63,247,63
63,247,71
63,247,79
63,247,87
63,247,95
63,247,103
63,247,111
63,247,119
63,247,127
63,247,135
63,247,143
63,247,151
63,247,159
63,247,167
63,247,175
63,247,183
63,247,191
63,247,199
63,247,207
63,247,215
63,247,223
63,247,231
63,247,239
63,247,247
63,247,255
63,255,0
63,255,7
63,255,15
63,255,23
63,255,31
63,255,39
63,255,47
63,255,55
63,255,63
63,255,71
63,255,79
63,255,87
63,255,95
63,255,103
63,255,111
63,255,119
63,255,127
63,255,135
63,255,143
63,255,151
63,255,159
63,255,167
63,255,175
63,255,183
63,255,191
63,255,199
63,255,207
63,255,215
63,255,223
63,255,231
63,255,239
63,255,247
63,255,255
71,0,0
71,0,7
71,0,15
71,0,23
71,0,31
71,0,39
71,0,47
71,0,55
71,0,63
71,0,71
71,0,79
71,0,87
71,0,95
71,0,103
71,0,111
71,0,119
71,0,127
71,0,135
71,0,143
71,0,151
71,0,159
71,0,167
71,0,175
71,0,183
71,0,191
71,0,199
71,0,207
71,0,215
71,0,223
71,0,231
71,0,239
71,0,247
71,0,255
71,7,0
71,7,7
71,7,15
71,7,23
71,7,31
71,7,39
71,7,47
71,7,55
71,7,63
71,7,71
71,7,79
71,7,87
71,7,95
71,7,103
71,7,111
71,7,119
71,7,127
71,7,135
71,7,143
71,7,151
71,7,159
71,7,167
71,7,175
71,7,183
71,7,191
71,7,199
71,7,207
71,7,215
71,7,223
71,7,231
71,7,239
71,7,247
71,7,255
71,15,0
71,15,7
71,15,15
71,15,23
71,15,31
71,15,39
71,15,47
71,15,55
71,15,63
71,15,71
71,15,79
71,15,87
71,15,95
71,15,103
71,15,111
71,15,119
71,15,127
71,15,135
71,15,143
71,15,151
71,15,159
71,15,167
71,15,175
71,15,183
71,15,191
71,15,199
71,15,207
71,15,215
71,15,223
71,15,231
71,15,239
71,15,247
71,15,255
71,23,0
71,23,7
71,23,15
71,23,23
71,23,31
71,23,39
71,23,47
71,23,55
71,23,63
71,23,71
71,23,79
71,23,87
71,23,95
71,23,103
71,23,111
71,23,119
71,23,127
71,23,135
71,23,143
71,23,151
71,23,159
71,23,167
71,23,175
71,23,183
71,23,191
71,23,199
71,23,207
71,23,215
71,23,223
71,23,231
71,23,239
71,23,247
71,23,255
71,31,0
71,31,7
71,31,15
71,31,23
71,31,31
71,31,39
71,31,47
71,31,55
71,31,63
71,31,71
71,31,79
71,31,87
71,31,95
71,31,103
71,31,111
71,31,119
71,31,127
71,31,135
71,31,143
71,31,151
71,31,159
71,31,167
71,31,175
71,31,183
71,31,191
71,31,199
71,31,207
71,31,215
71,31,223
71,31,231
71,31,239
71,31,247
71,31,255
71,39,0
71,39,7
71,39,15
71,39,23
71,39,31
71,39,39
71,39,47
71,39,55
71,39,63
71,39,71
71,39,79
71,39,87
71,39,95
71,39,103
71,39,111
71,39,119
71,39,127
71,39,135
71,39,143
71,39,151
71,39,159
71,39,167
71,39,175
71,39,183
71,39,191
71,39,199
71,39,207
71,39,215
71,39,223
71,39,231
71,39,239
71,39,247
71,39,255
71,47,0
71,47,7
71,47,15
71,47,23
71,47,31
71,47,39
71,47,47
71,47,55
71,47,63
71,47,71
71,47,79
71,47,87
71,47,95
71,47,103
71,47,111
71,47,119
71,47,127
71,47,135
71,47,143
71,47,151
71,47,159
71,47,167
71,47,175
71,47,183
71,47,191
71,47,199
71,47,207
71,47,215
71,47,223
71,47,231
71,47,239
71,47,247
71,47,255
71,55,0
71,55,7
71,55,15
71,55,23
71,55,31
71,55,39
71,55,47
71,55,55
71,55,63
71,55,71
71,55,79
71,55,87
71,55,95
71,55,103
71,55,111
71,55,119
71,55,127
71,55,135
71,55,143
71,55,151
71,55,159
71,55,167
71,55,175
71,55,183
71,55,191
71,55,199
71,55,207
71,55,215
71,55,223
71,55,231
71,55,239
71,55,247
71,55,255
71,63,0
71,63,7
71,63,15
71,63,23
71,63,31
71,63,39
71,63,47
71,63,55
71,63,63
71,63,71
71,63,79
71,63,87
71,63,95
71,63,103
71,63,111
71,63,119
71,63,127
71,63,135
71,63,143
71,63,151
71,63,159
71,63,167
71,63,175
71,63,183
71,63,191
71,63,199
71,63,207
71,63,215
71,63,223
71,63,231
71,63,239
71,63,247
71,63,255
71,71,0
71,71,7
71,71,15
71,71,23
71,71,31
71,71,39
71,71,47
71,71,55
71,71,63
71,71,71
71,71,79
71,71,87
71,71,95
71,71,103
71,71,111
71,71,119
71,71,127
71,71,135
71,71,143
71,71,151
71,71,159
71,71,167
71,71,175
71,71,183
71,71,191
71,71,199
71,71,207
71,71,215
71,71,223
71,71,231
71,71,239
71,71,247
71,71,255
71,79,0
71,79,7
71,79,15
71,79,23
71,79,31
71,79,39
71,79,47
71,79,55
71,79,63
71,79,71
71,79,79
71,79,87
71,79,95
71,79,103
71,79,111
71,79,119
71,79,127
71,79,135
71,79,143
71,79,151
71,79,159
71,79,167
71,79,175
71,79,183
71,79,191
71,79,199
71,79,207
71,79,215
71,79,223
71,79,231
71,79,239
71,79,247
71,79,255
71,87,0
71,87,7
71,87,15
71,87,23
71,87,31
71,87,39
71,87,47
71,87,55
71,87,63
71,87,71
71,87,79
71,87,87
71,87,95
71,87,103
71,87,111
71,87,119
71,87,127
71,87,135
71,87,143
71,87,151
71,87,159
71,87,167
71,87,175
71,87,183
71,87,191
71,87,199
71,87,207
71,87,215
71,87,223
71,87,231
71,87,239
71,87,247
71,87,255
71,95,0
71,95,7
71,95,15
71,95,23
71,95,31
71,95,39
71,95,47
71,95,55
71,95,63
71,95,71
71,95,79
71,95,87
71,95,95
71,95,103
71,95,111
71,95,119
71,95,127
71,95,135
71,95,143
71,95,151
71,95,159
71,95,167
71,95,175
71,95,183
71,95,191
71,95,199
71,95,207
71,95,215
71,95,223
71,95,231
71,95,239
71,95,247
71,95,255
71,103,0
71,103,7
71,103,15
71,103,23
71,103,31
71,103,39
71,103,47
71,103,55
71,103,63
71,103,71
71,103,79
71,103,87
71,103,95
71,103,103
71,103,111
71,103,119
71,103,127
71,103,135
71,103,143
71,103,151
71,103,159
71,103,167
71,103,175
71,103,183
71,103,191
71,103,199
71,103,207
71,103,215
71,103,223
71,103,231
71,103,239
71,103,247
71,103,255
71,111,0
71,111,7
71,111,15
71,111,23
71,111,31
71,111,39
71,111,47
71,111,55
71,111,63
71,111,71
71,111,79
71,111,87
71,111,95
71,111,103
71,111,111
71,111,119
71,111,127
71,111,135
71,111,143
71,111,151
71,111,159
71,111,167
71,111,175
71,111,183
71,111,191
71,111,199
71,111,207
71,111,215
71,111,223
71,111,231
71,111,239
71,111,247
71,111,255
71,119,0
71,119,7
71,119,15
71,119,23
71,119,31
71,119,39
71,119,47
71,119,55
71,119,63
71,119,71
71,119,79
71,119,87
71,119,95
71,119,103
71,119,111
71,119,119
71,119,127
71,119,135
71,119,143
71,119,151
71,119,159
71,119,167
71,119,175
71,119,183
71,119,191
71,119,199
71,119,207
71,119,215
71,119,223
71,119,231
71,119,239
71,119,247
71,119,255
71,127,0
71,127,7
71,127,15
71,127,23
71,127,31
71,127,39
71,127,47
71,127,55
71,127,63
71,127,71
71,127,79
71,127,87
71,127,95
71,127,103
71,127,111
71,127,119
71,127,127
71,127,135
71,127,143
71,127,151
71,127,159
71,127,167
71,127,175
71,127,183
71,127,191
71,127,199
71,127,207
71,127,215
71,127,223
71,127,231
71,127,239
71,127,247
71,127,255
71,135,0
71,135,7
71,135,15
71,135,23
71,135,31
71,135,39
71,135,47
71,135,55
71,135,63
71,135,71
71,135,79
71,135,87
71,135,95
71,135,103
71,135,111
71,135,119
71,135,127
71,135,135
71,135,143
71,135,151
71,135,159
71,135,167
71,135,175
71,135,183
71,135,191
71,135,199
71,135,207
71,135,215
71,135,223
71,135,231
71,135,239
71,135,247
71,135,255
71,143,0
71,143,7
71,143,15
71,143,23
71,143,31
71,143,39
71,143,47
71,143,55
71,143,63
71,143,71
71,143,79
71,143,87
71,143,95
71,143,103
71,143,111
71,143,119
71,143,127
71,143,135
71,143,143
71,143,151
71,143,159
71,143,167
71,143,175
71,143,183
71,143,191
71,143,199
71,143,207
71,143,215
71,143,223
71,143,231
71,143,239
71,143,247
71,143,255
71,151,0
71,151,7
71,151,15
71,151,23
71,151,31
71,151,39
71,151,47
71,151,55
71,151,63
71,151,71
71,151,79
71,151,87
71,151,95
71,151,103
71,151,111
71,151,119
71,151,127
71,151,135
71,151,143
71,151,151
71,151,159
71,151,167
71,151,175
71,151,183
71,151,191
71,151,199
71,151,207
71,151,215
71,151,223
71,151,231
71,151,239
71,151,247
71,151,255
71,159,0
71,159,7
71,159,15
71,159,23
71,159,31
71,159,39
71,159,47
71,159,55
71,159,63
71,159,71
71,159,79
71,159,87
71,159,95
71,159,103
71,159,111
71,159,119
71,159,127
71,159,135
71,159,143
71,159,151
71,159,159
71,159,167
71,159,175
71,159,183
71,159,191
71,159,199
71,159,207
71,159,215
71,159,223
71,159,231
71,159,239
71,159,247
71,159,255
71,167,0
71,167,7
71,167,15
71,167,23
71,167,31
71,167,39
71,167,47
71,167,55
71,167,63
71,167,71
71,167,79
71,167,87
71,167,95
71,167,103
71,167,111
71,167,119
71,167,127
71,167,135
71,167,143
71,167,151
71,167,159
71,167,167
71,167,175
71,167,183
71,167,191
71,167,199
71,167,207
71,167,215
71,167,223
71,167,231
71,167,239
71,167,247
71,167,255
71,175,0
71,175,7
71,175,15
71,175,23
71,175,31
71,175,39
71,175,47
71,175,55
71,175,63
71,175,71
71,175,79
71,175,87
71,175,95
71,175,103
71,175,111
71,175,119
71,175,127
71,175,135
71,175,143
71,175,151
71,175,159
71,175,167
71,175,175
71,175,183
71,175,191
71,175,199
71,175,207
71,175,215
71,175,223
71,175,231
71,175,239
71,175,247
71,175,255
71,183,0
71,183,7
71,183,15
71,183,23
71,183,31
71,183,39
71,183,47
71,183,55
71,183,63
71,183,71
71,183,79
71,183,87
71,183,95
71,183,103
71,183,111
71,183,119
71,183,127
71,183,135
71,183,143
71,183,151
71,183,159
71,183,167
71,183,175
71,183,183
71,183,191
71,183,199
71,183,207
71,183,215
71,183,223
71,183,231
71,183,239
71,183,247
71,183,255
71,191,0
71,191,7
71,191,15
71,191,23
71,191,31
71,191,39
71,191,47
71,191,55
71,191,63
71,191,71
71,191,79
71,191,87
71,191,95
71,191,103
71,191,111
71,191,119
71,191,127
71,191,135
71,191,143
71,191,151
71,191,159
71,191,167
71,191,175
71,191,183
71,191,191
71,191,199
71,191,207
71,191,215
71,191,223
71,191,231
71,191,239
71,191,247
71,191,255
71,199,0
71,199,7
71,199,15
71,199,23
71,199,31
71,199,39
71,199,47
71,199,55
71,199,63
71,199,71
71,199,79
71,199,87
71,199,95
71,199,103
71,199,111
71,199,119
71,199,127
71,199,135
71,199,143
71,199,151
71,199,159
71,199,167
71,199,175
71,199,183
71,199,191
71,199,199
71,199,207
71,199,215
71,199,223
71,199,231
71,199,239
71,199,247
71,199,255
71,207,0
71,207,7
71,207,15
71,207,23
71,207,31
71,207,39
71,207,47
71,207,55
71,207,63
71,207,71
71,207,79
71,207,87
71,207,95
71,207,103
71,207,111
71,207,119
71,207,127
71,207,135
71,207,143
71,207,151
71,207,159
71,207,167
71,207,175
71,207,183
71,207,191
71,207,199
71,207,207
71,207,215
71,207,223
71,207,231
71,207,239
71,207,247
71,207,255
71,215,0
71,215,7
71,215,15
71,215,23
71,215,31
71,215,39
71,215,47
71,215,55
71,215,63
71,215,71
71,215,79
71,215,87
71,215,95
71,215,103
71,215,111
71,215,119
71,215,127
71,215,135
71,215,143
71,215,151
71,215,159
71,215,167
71,215,175
71,215,183
71,215,191
71,215,199
71,215,207
71,215,215
71,215,223
71,215,231
71,215,239
71,215,247
71,215,255
71,223,0
71,223,7
71,223,15
71,223,23
71,223,31
71,223,39
71,223,47
71,223,55
71,223,63
71,223,71
71,223,79
71,223,87
71,223,95
71,223,103
71,223,111
71,223,119
71,223,127
71,223,135
71,223,143
71,223,151
71,223,159
71,223,167
71,223,175
71,223,183
71,223,191
71,223,199
71,223,207
71,223,215
71,223,223
71,223,231
71,223,239
71,223,247
71,223,255
71,231,0
71,231,7
71,231,15
71,231,23
71,231,31
71,231,39
71,231,47
71,231,55
71,231,63
71,231,71
71,231,79
71,231,87
71,231,95
71,231,103
71,231,111
71,231,119
71,231,127
71,231,135
71,231,143
71,231,151
71,231,159
71,231,167
71,231,175
71,231,183
71,231,191
71,231,199
71,231,207
71,231,215
71,231,223
71,231,231
71,231,239
71,231,247
71,231,255
71,239,0
71,239,7
71,239,15
71,239,23
71,239,31
71,239,39
71,239,47
71,239,55
71,239,63
71,239,71
71,239,79
71,239,87
71,239,95
71,239,103
71,239,111
71,239,119
71,239,127
71,239,135
71,239,143
71,239,151
71,239,159
71,239,167
71,239,175
71,239,183
71,239,191
71,239,199
71,239,207
71,239,215
71,239,223
71,239,231
71,239,239
71,239,247
71,239,255
71,247,0
71,247,7
71,247,15
71,247,23
71,247,31
71,247,39
71,247,47
71,247,55
71,247,63
71,247,71
71,247,79
71,247,87
71,247,95
71,247,103
71,247,111
71,247,119
71,247,127
71,247,135
71,247,143
71,247,151
71,247,159
71,247,167
71,247,175
71,247,183
71,247,191
71,247,199
71,247,207
71,247,215
71,247,223
71,247,231
71,247,239
71,247,247
71,247,255
71,255,0
71,255,7
71,255,15
71,255,23
71,255,31
71,255,39
71,255,47
71,255,55
71,255,63
71,255,71
71,255,79
71,255,87
71,255,95
71,255,103
71,255,111
71,255,119
71,255,127
71,255,135
71,255,143
71,255,151
71,255,159
71,255,167
71,255,175
71,255,183
71,255,191
71,255,199
71,255,207
71,255,215
71,255,223
71,255,231
71,255,239
71,255,247
71,255,255
79,0,0
79,0,7
79,0,15
79,0,23
79,0,31
79,0,39
79,0,47
79,0,55
79,0,63
79,0,71
79,0,79
79,0,87
79,0,95
79,0,103
79,0,111
79,0,119
79,0,127
79,0,135
79,0,143
79,0,151
79,0,159
79,0,167
79,0,175
79,0,183
79,0,191
79,0,199
79,0,207
79,0,215
79,0,223
79,0,231
79,0,239
79,0,247
79,0,255
79,7,0
79,7,7
79,7,15
79,7,23
79,7,31
79,7,39
79,7,47
79,7,55
79,7,63
79,7,71
79,7,79
79,7,87
79,7,95
79,7,103
79,7,111
79,7,119
79,7,127
79,7,135
79,7,143
79,7,151
79,7,159
79,7,167
79,7,175
79,7,183
79,7,191
79,7,199
79,7,207
79,7,215
79,7,223
79,7,231
79,7,239
79,7,247
79,7,255
79,15,0
79,15,7
79,15,15
79,15,23
79,15,31
79,15,39
79,15,47
79,15,55
79,15,63
79,15,71
79,15,79
79,15,87
79,15,95
79,15,103
79,15,111
79,15,119
79,15,127
79,15,135
79,15,143
79,15,151
79,15,159
79,15,167
79,15,175
79,15,183
79,15,191
79,15,199
79,15,207
79,15,215
79,15,223
79,15,231
79,15,239
79,15,247
79,15,255
79,23,0
79,23,7
79,23,15
79,23,23
79,23,31
79,23,39
79,23,47
79,23,55
79,23,63
79,23,71
79,23,79
79,23,87
79,23,95
79,23,103
79,23,111
79,23,119
79,23,127
79,23,135
79,23,143
79,23,151
79,23,159
79,23,167
79,23,175
79,23,183
79,23,191
79,23,199
79,23,207
79,23,215
79,23,223
79,23,231
79,23,239
79,23,247
79,23,255
79,31,0
79,31,7
79,31,15
79,31,23
79,31,31
79,31,39
79,31,47
79,31,55
79,31,63
79,31,71
79,31,79
79,31,87
79,31,95
79,31,103
79,31,111
79,31,119
79,31,127
79,31,135
79,31,143
79,31,151
79,31,159
79,31,167
79,31,175
79,31,183
79,31,191
79,31,199
79,31,207
79,31,215
79,31,223
79,31,231
79,31,239
79,31,247
79,31,255
79,39,0
79,39,7
79,39,15
79,39,23
79,39,31
79,39,39
79,39,47
79,39,55
79,39,63
79,39,71
79,39,79
79,39,87
79,39,95
79,39,103
79,39,111
79,39,119
79,39,127
79,39,135
79,39,143
79,39,151
79,39,159
79,39,167
79,39,175
79,39,183
79,39,191
79,39,199
79,39,207
79,39,215
79,39,223
79,39,231
79,39,239
79,39,247
79,39,255
79,47,0
79,47,7
79,47,15
79,47,23
79,47,31
79,47,39
79,47,47
79,47,55
79,47,63
79,47,71
79,47,79
79,47,87
79,47,95
79,47,103
79,47,111
79,47,119
79,47,127
79,47,135
79,47,143
79,47,151
79,47,159
79,47,167
79,47,175
79,47,183
79,47,191
79,47,199
79,47,207
79,47,215
79,47,223
79,47,231
79,47,239
79,47,247
79,47,255
79,55,0
79,55,7
79,55,15
79,55,23
79,55,31
79,55,39
79,55,47
79,55,55
79,55,63
79,55,71
79,55,79
79,55,87
79,55,95
79,55,103
79,55,111
79,55,119
79,55,127
79,55,135
79,55,143
79,55,151
79,55,159
79,55,167
79,55,175
79,55,183
79,55,191
79,55,199
79,55,207
79,55,215
79,55,223
79,55,231
79,55,239
79,55,247
79,55,255
79,63,0
79,63,7
79,63,15
79,63,23
79,63,31
79,63,39
79,63,47
79,63,55
79,63,63
79,63,71
79,63,79
79,63,87
79,63,95
79,63,103
79,63,111
79,63,119
79,63,127
79,63,135
79,63,143
79,63,151
79,63,159
79,63,167
79,63,175
79,63,183
79,63,191
79,63,199
79,63,207
79,63,215
79,63,223
79,63,231
79,63,239
79,63,247
79,63,255
79,71,0
79,71,7
79,71,15
79,71,23
79,71,31
79,71,39
79,71,47
79,71,55
79,71,63
79,71,71
79,71,79
79,71,87
79,71,95
79,71,103
79,71,111
79,71,119
79,71,127
79,71,135
79,71,143
79,71,151
79,71,159
79,71,167
79,71,175
79,71,183
79,71,191
79,71,199
79,71,207
79,71,215
79,71,223
79,71,231
79,71,239
79,71,247
79,71,255
79,79,0
79,79,7
79,79,15
79,79,23
79,79,31
79,79,39
79,79,47
79,79,55
79,79,63
79,79,71
79,79,79
79,79,87
79,79,95
79,79,103
79,79,111
79,79,119
79,79,127
79,79,135
79,79,143
79,79,151
79,79,159
79,79,167
79,79,175
79,79,183
79,79,191
79,79,199
79,79,207
79,79,215
79,79,223
79,79,231
79,79,239
79,79,247
79,79,255
79,87,0
79,87,7
79,87,15
79,87,23
79,87,31
79,87,39
79,87,47
79,87,55
79,87,63
79,87,71
79,87,79
79,87,87
79,87,95
79,87,103
79,87,111
79,87,119
79,87,127
79,87,135
79,87,143
79,87,151
79,87,159
79,87,167
79,87,175
79,87,183
79,87,191
79,87,199
79,87,207
79,87,215
79,87,223
79,87,231
79,87,239
79,87,247
79,87,255
79,95,0
79,95,7
79,95,15
79,95,23
79,95,31
79,95,39
79,95,47
79,95,55
79,95,63
79,95,71
79,95,79
79,95,87
79,95,95
79,95,103
79,95,111
79,95,119
79,95,127
79,95,135
79,95,143
79,95,151
79,95,159
79,95,167
79,95,175
79,95,183
79,95,191
79,95,199
79,95,207
79,95,215
79,95,223
79,95,231
79,95,239
79,95,247
79,95,255
79,103,0
79,103,7
79,103,15
79,103,23
79,103,31
79,103,39
79,103,47
79,103,55
79,103,63
79,103,71
79,103,79
79,103,87
79,103,95
79,103,103
79,103,111
79,103,119
79,103,127
79,103,135
79,103,143
79,103,151
79,103,159
79,103,167
79,103,175
79,103,183
79,103,191
79,103,199
79,103,207
79,103,215
79,103,223
79,103,231
79,103,239
79,103,247
79,103,255
79,111,0
79,111,7
79,111,15
79,111,23
79,111,31
79,111,39
79,111,47
79,111,55
79,111,63
79,111,71
79,111,79
79,111,87
79,111,95
79,111,103
79,111,111
79,111,119
79,111,127
79,111,135
79,111,143
79,111,151
79,111,159
79,111,167
79,111,175
79,111,183
79,111,191
79,111,199
79,111,207
79,111,215
79,111,223
79,111,231
79,111,239
79,111,247
79,111,255
79,119,0
79,119,7
79,119,15
79,119,23
79,119,31
79,119,39
79,119,47
79,119,55
79,119,63
79,119,71
79,119,79
79,119,87
79,119,95
79,119,103
79,119,111
79,119,119
79,119,127
79,119,135
79,119,143
79,119,151
79,119,159
79,119,167
79,119,175
79,119,183
79,119,191
79,119,199
79,119,207
79,119,215
79,119,223
79,119,231
79,119,239
79,119,247
79,119,255
79,127,0
79,127,7
79,127,15
79,127,23
79,127,31
79,127,39
79,127,47
79,127,55
79,127,63
79,127,71
79,127,79
79,127,87
79,127,95
79,127,103
79,127,111
79,127,119
79,127,127
79,127,135
79,127,143
79,127,151
79,127,159
79,127,167
79,127,175
79,127,183
79,127,191
79,127,199
79,127,207
79,127,215
79,127,223
79,127,231
79,127,239
79,127,247
79,127,255
79,135,0
79,135,7
79,135,15
79,135,23
79,135,31
79,135,39
79,135,47
79,135,55
79,135,63
79,135,71
79,135,79
79,135,87
79,135,95
79,135,103
79,135,111
79,135,119
79,135,127
79,135,135
79,135,143
79,135,151
79,135,159
79,135,167
79,135,175
79,135,183
79,135,191
79,135,199
79,135,207
79,135,215
79,135,223
79,135,231
79,135,239
79,135,247
79,135,255
79,143,0
79,143,7
79,143,15
79,143,23
79,143,31
79,143,39
79,143,47
79,143,55
79,143,63
79,143,71
79,143,79
79,143,87
79,143,95
79,143,103
79,143,111
79,143,119
79,143,127
79,143,135
79,143,143
79,143,151
79,143,159
79,143,167
79,143,175
79,143,183
79,143,191
79,143,199
79,143,207
79,143,215
79,143,223
79,143,231
79,143,239
79,143,247
79,143,255
79,151,0
79,151,7
79,151,15
79,151,23
79,151,31
79,151,39
79,151,47
79,151,55
79,151,63
79,151,71
79,151,79
79,151,87
79,151,95
79,151,103
79,151,111
79,151,119
79,151,127
79,151,135
79,151,143
79,151,151
79,151,159
79,151,167
79,151,175
79,151,183
79,151,191
79,151,199
79,151,207
79,151,215
79,151,223
79,151,231
79,151,239
79,151,247
79,151,255
79,159,0
79,159,7
79,159,15
79,159,23
79,159,31
79,159,39
79,159,47
79,159,55
79,159,63
79,159,71
79,159,79
79,159,87
79,159,95
79,159,103
79,159,111
79,159,119
79,159,127
79,159,135
79,159,143
79,159,151
79,159,159
79,159,167
79,159,175
79,159,183
79,159,191
79,159,199
79,159,207
79,159,215
79,159,223
79,159,231
79,159,239
79,159,247
79,159,255
79,167,0
79,167,7
79,167,15
79,167,23
79,167,31
79,167,39
79,167,47
79,167,55
79,167,63
79,167,71
79,167,79
79,167,87
79,167,95
79,167,103
79,167,111
79,167,119
79,167,127
79,167,135
79,167,143
79,167,151
79,167,159
79,167,167
79,167,175
79,167,183
79,167,191
79,167,199
79,167,207
79,167,215
79,167,223
79,167,231
79,167,239
79,167,247
79,167,255
79,175,0
79,175,7
79,175,15
79,175,23
79,175,31
79,175,39
79,175,47
79,175,55
79,175,63
79,175,71
79,175,79
79,175,87
79,175,95
79,175,103
79,175,111
79,175,119
79,175,127
79,175,135
79,175,143
79,175,151
79,175,159
79,175,167
79,175,175
79,175,183
79,175,191
79,175,199
79,175,207
79,175,215
79,175,223
79,175,231
79,175,239
79,175,247
79,175,255
79,183,0
79,183,7
79,183,15
79,183,23
79,183,31
79,183,39
79,183,47
79,183,55
79,183,63
79,183,71
79,183,79
79,183,87
79,183,95
79,183,103
79,183,111
79,183,119
79,183,127
79,183,135
79,183,143
79,183,151
79,183,159
79,183,167
79,183,175
79,183,183
79,183,191
79,183,199
79,183,207
79,183,215
79,183,223
79,183,231
79,183,239
79,183,247
79,183,255
79,191,0
79,191,7
79,191,15
79,191,23
79,191,31
79,191,39
79,191,47
79,191,55
79,191,63
79,191,71
79,191,79
79,191,87
79,191,95
79,191,103
79,191,111
79,191,119
79,191,127
79,191,135
79,191,143
79,191,151
79,191,159
79,191,167
79,191,175
79,191,183
79,191,191
79,191,199
79,191,207
79,191,215
79,191,223
79,191,231
79,191,239
79,191,247
79,191,255
79,199,0
79,199,7
79,199,15
79,199,23
79,199,31
79,199,39
79,199,47
79,199,55
79,199,63
79,199,71
79,199,79
79,199,87
79,199,95
79,199,103
79,199,111
79,199,119
79,199,127
79,199,135
79,199,143
79,199,151
79,199,159
79,199,167
79,199,175
79,199,183
79,199,191
79,199,199
79,199,207
79,199,215
79,199,223
79,199,231
79,199,239
79,199,247
79,199,255
79,207,0
79,207,7
79,207,15
79,207,23
79,207,31
79,207,39
79,207,47
79,207,55
79,207,63
79,207,71
79,207,79
79,207,87
79,207,95
79,207,103
79,207,111
79,207,119
79,207,127
79,207,135
79,207,143
79,207,151
79,207,159
79,207,167
79,207,175
79,207,183
79,207,191
79,207,199
79,207,207
79,207,215
79,207,223
79,207,231
79,207,239
79,207,247
79,207,255
79,215,0
79,215,7
79,215,15
79,215,23
79,215,31
79,215,39
79,215,47
79,215,55
79,215,63
79,215,71
79,215,79
79,215,87
79,215,95
79,215,103
79,215,111
79,215,119
79,215,127
79,215,135
79,215,143
79,215,151
79,215,159
79,215,167
79,215,175
79,215,183
79,215,191
79,215,199
79,215,207
79,215,215
79,215,223
79,215,231
79,215,239
79,215,247
79,215,255
79,223,0
79,223,7
79,223,15
79,223,23
79,223,31
79,223,39
79,223,47
79,223,55
79,223,63
79,223,71
79,223,79
79,223,87
79,223,95
79,223,103
79,223,111
79,223,119
79,223,127
79,223,135
79,223,143
79,223,151
79,223,159
79,223,167
79,223,175
79,223,183
79,223,191
79,223,199
79,223,207
79,223,215
79,223,223
79,223,231
79,223,239
79,223,247
79,223,255
79,231,0
79,231,7
79,231,15
79,231,23
79,231,31
79,231,39
79,231,47
79,231,55
79,231,63
79,231,71
79,231,79
79,231,87
79,231,95
79,231,103
79,231,111
79,231,119
79,231,127
79,231,135
79,231,143
79,231,151
79,231,159
79,231,167
79,231,175
79,231,183
79,231,191
79,231,199
79,231,207
79,231,215
79,231,223
79,231,231
79,231,239
79,231,247
79,231,255
79,239,0
79,239,7
79,239,15
79,239,23
79,239,31
79,239,39
79,239,47
79,239,55
79,239,63
79,239,71
79,239,79
79,239,87
79,239,95
79,239,103
79,239,111
79,239,119
79,239,127
79,239,135
79,239,143
79,239,151
79,239,159
79,239,167
79,239,175
79,239,183
79,239,191
79,239,199
79,239,207
79,239,215
79,239,223
79,239,231
79,239,239
79,239,247
79,239,255
79,247,0
79,247,7
79,247,15
79,247,23
79,247,31
79,247,39
79,247,47
79,247,55
79,247,63
79,247,71
79,247,79
79,247,87
79,247,95
79,247,103
79,247,111
79,247,119
79,247,127
79,247,135
79,247,143
79,247,151
79,247,159
79,247,167
79,247,175
79,247,183
79,247,191
79,247,199
79,247,207
79,247,215
79,247,223
79,247,231
79,247,239
79,247,247
79,247,255
79,255,0
79,255,7
79,255,15
79,255,23
79,255,31
79,255,39
79,255,47
79,255,55
79,255,63
79,255,71
79,255,79
79,255,87
79,255,95
79,255,103
79,255,111
79,255,119
79,255,127
79,255,135
79,255,143
79,255,151
79,255,159
79,255,167
79,255,175
79,255,183
79,255,191
79,255,199
79,255,207
79,255,215
79,255,223
79,255,231
79,255,239
79,255,247
79,255,255
87,0,0
87,0,7
87,0,15
87,0,23
87,0,31
87,0,39
87,0,47
87,0,55
87,0,63
87,0,71
87,0,79
87,0,87
87,0,95
87,0,103
87,0,111
87,0,119
87,0,127
87,0,135
87,0,143
87,0,151
87,0,159
87,0,167
87,0,175
87,0,183
87,0,191
87,0,199
87,0,207
87,0,215
87,0,223
87,0,231
87,0,239
87,0,247
87,0,255
87,7,0
87,7,7
87,7,15
87,7,23
87,7,31
87,7,39
87,7,47
87,7,55
87,7,63
87,7,71
87,7,79
87,7,87
87,7,95
87,7,103
87,7,111
87,7,119
87,7,127
87,7,135
87,7,143
87,7,151
87,7,159
87,7,167
87,7,175
87,7,183
87,7,191
87,7,199
87,7,207
87,7,215
87,7,223
87,7,231
87,7,239
87,7,247
87,7,255
87,15,0
87,15,7
87,15,15
87,15,23
87,15,31
87,15,39
87,15,47
87,15,55
87,15,63
87,15,71
87,15,79
87,15,87
87,15,95
87,15,103
87,15,111
87,15,119
87,15,127
87,15,135
87,15,143
87,15,151
87,15,159
87,15,167
87,15,175
87,15,183
87,15,191
87,15,199
87,15,207
87,15,215
87,15,223
87,15,231
87,15,239
87,15,247
87,15,255
87,23,0
87,23,7
87,23,15
87,23,23
87,23,31
87,23,39
87,23,47
87,23,55
87,23,63
87,23,71
87,23,79
87,23,87
87,23,95
87,23,103
87,23,111
87,23,119
87,23,127
87,23,135
87,23,143
87,23,151
87,23,159
87,23,167
87,23,175
87,23,183
87,23,191
87,23,199
87,23,207
87,23,215
87,23,223
87,23,231
87,23,239
87,23,247
87,23,255
87,31,0
87,31,7
87,31,15
87,31,23
87,31,31
87,31,39
87,31,47
87,31,55
87,31,63
87,31,71
87,31,79
87,31,87
87,31,95
87,31,103
87,31,111
87,31,119
87,31,127
87,31,135
87,31,143
87,31,151
87,31,159
87,31,167
87,31,175
87,31,183
87,31,191
87,31,199
87,31,207
87,31,215
87,31,223
87,31,231
87,31,239
87,31,247
87,31,255
87,39,0
87,39,7
87,39,15
87,39,23
87,39,31
87,39,39
87,39,47
87,39,55
87,39,63
87,39,71
87,39,79
87,39,87
87,39,95
87,39,103
87,39,111
87,39,119
87,39,127
87,39,135
87,39,143
87,39,151
87,39,159
87,39,167
87,39,175
87,39,183
87,39,191
87,39,199
87,39,207
87,39,215
87,39,223
87,39,231
87,39,239
87,39,247
87,39,255
87,47,0
87,47,7
87,47,15
87,47,23
87,47,31
87,47,39
87,47,47
87,47,55
87,47,63
87,47,71
87,47,79
87,47,87
87,47,95
87,47,103
87,47,111
87,47,119
87,47,127
87,47,135
87,47,143
87,47,151
87,47,159
87,47,167
87,47,175
87,47,183
87,47,191
87,47,199
87,47,207
87,47,215
87,47,223
87,47,231
87,47,239
87,47,247
87,47,255
87,55,0
87,55,7
87,55,15
87,55,23
87,55,31
87,55,39
87,55,47
87,55,55
87,55,63
87,55,71
87,55,79
87,55,87
87,55,95
87,55,103
87,55,111
87,55,119
87,55,127
87,55,135
87,55,143
87,55,151
87,55,159
87,55,167
87,55,175
87,55,183
87,55,191
87,55,199
87,55,207
87,55,215
87,55,223
87,55,231
87,55,239
87,55,247
87,55,255
87,63,0
87,63,7
87,63,15
87,63,23
87,63,31
87,63,39
87,63,47
87,63,55
87,63,63
87,63,71
87,63,79
87,63,87
87,63,95
87,63,103
87,63,111
87,63,119
87,63,127
87,63,135
87,63,143
87,63,151
87,63,159
87,63,167
87,63,175
87,63,183
87,63,191
87,63,199
87,63,207
87,63,215
87,63,223
87,63,231
87,63,239
87,63,247
87,63,255
87,71,0
87,71,7
87,71,15
87,71,23
87,71,31
87,71,39
87,71,47
87,71,55
87,71,63
87,71,71
87,71,79
87,71,87
87,71,95
87,71,103
87,71,111
87,71,119
87,71,127
87,71,135
87,71,143
87,71,151
87,71,159
87,71,167
87,71,175
87,71,183
87,71,191
87,71,199
87,71,207
87,71,215
87,71,223
87,71,231
87,71,239
87,71,247
87,71,255
87,79,0
87,79,7
87,79,15
87,79,23
87,79,31
87,79,39
87,79,47
87,79,55
87,79,63
87,79,71
87,79,79
87,79,87
87,79,95
87,79,103
87,79,111
87,79,119
87,79,127
87,79,135
87,79,143
87,79,151
87,79,159
87,79,167
87,79,175
87,79,183
87,79,191
87,79,199
87,79,207
87,79,215
87,79,223
87,79,231
87,79,239
87,79,247
87,79,255
87,87,0
87,87,7
87,87,15
87,87,23
87,87,31
87,87,39
87,87,47
87,87,55
87,87,63
87,87,71
87,87,79
87,87,87
87,87,95
87,87,103
87,87,111
87,87,119
87,87,127
87,87,135
87,87,143
87,87,151
87,87,159
87,87,167
87,87,175
87,87,183
87,87,191
87,87,199
87,87,207
87,87,215
87,87,223
87,87,231
87,87,239
87,87,247
87,87,255
87,95,0
87,95,7
87,95,15
87,95,23
87,95,31
87,95,39
87,95,47
87,95,55
87,95,63
87,95,71
87,95,79
87,95,87
87,95,95
87,95,103
87,95,111
87,95,119
87,95,127
87,95,135
87,95,143
87,95,151
87,95,159
87,95,167
87,95,175
87,95,183
87,95,191
87,95,199
87,95,207
87,95,215
87,95,223
87,95,231
87,95,239
87,95,247
87,95,255
87,103,0
87,103,7
87,103,15
87,103,23
87,103,31
87,103,39
87,103,47
87,103,55
87,103,63
87,103,71
87,103,79
87,103,87
87,103,95
87,103,103
87,103,111
87,103,119
87,103,127
87,103,135
87,103,143
87,103,151
87,103,159
87,103,167
87,103,175
87,103,183
87,103,191
87,103,199
87,103,207
87,103,215
87,103,223
87,103,231
87,103,239
87,103,247
87,103,255
87,111,0
87,111,7
87,111,15
87,111,23
87,111,31
87,111,39
87,111,47
87,111,55
87,111,63
87,111,71
87,111,79
87,111,87
87,111,95
87,111,103
87,111,111
87,111,119
87,111,127
87,111,135
87,111,143
87,111,151
87,111,159
87,111,167
87,111,175
87,111,183
87,111,191
87,111,199
87,111,207
87,111,215
87,111,223
87,111,231
87,111,239
87,111,247
87,111,255
87,119,0
87,119,7
87,119,15
87,119,23
87,119,31
87,119,39
87,119,47
87,119,55
87,119,63
87,119,71
87,119,79
87,119,87
87,119,95
87,119,103
87,119,111
87,119,119
87,119,127
87,119,135
87,119,143
87,119,151
87,119,159
87,119,167
87,119,175
87,119,183
87,119,191
87,119,199
87,119,207
87,119,215
87,119,223
87,119,231
87,119,239
87,119,247
87,119,255
87,127,0
87,127,7
87,127,15
87,127,23
87,127,31
87,127,39
87,127,47
87,127,55
87,127,63
87,127,71
87,127,79
87,127,87
87,127,95
87,127,103
87,127,111
87,127,119
87,127,127
87,127,135
87,127,143
87,127,151
87,127,159
87,127,167
87,127,175
87,127,183
87,127,191
87,127,199
87,127,207
87,127,215
87,127,223
87,127,231
87,127,239
87,127,247
87,127,255
87,135,0
87,135,7
87,135,15
87,135,23
87,135,31
87,135,39
87,135,47
87,135,55
87,135,63
87,135,71
87,135,79
87,135,87
87,135,95
87,135,103
87,135,111
87,135,119
87,135,127
87,135,135
87,135,143
87,135,151
87,135,159
87,135,167
87,135,175
87,135,183
87,135,191
87,135,199
87,135,207
87,135,215
87,135,223
87,135,231
87,135,239
87,135,247
87,135,255
87,143,0
87,143,7
87,143,15
87,143,23
87,143,31
87,143,39
87,143,47
87,143,55
87,143,63
87,143,71
87,143,79
87,143,87
87,143,95
87,143,103
87,143,111
87,143,119
87,143,127
87,143,135
87,143,143
87,143,151
87,143,159
87,143,167
87,143,175
87,143,183
87,143,191
87,143,199
87,143,207
87,143,215
87,143,223
87,143,231
87,143,239
87,143,247
87,143,255
87,151,0
87,151,7
87,151,15
87,151,23
87,151,31
87,151,39
87,151,47
87,151,55
87,151,63
87,151,71
87,151,79
87,151,87
87,151,95
87,151,103
87,151,111
87,151,119
87,151,127
87,151,135
87,151,143
87,151,151
87,151,159
87,151,167
87,151,175
87,151,183
87,151,191
87,151,199
87,151,207
87,151,215
87,151,223
87,151,231
87,151,239
87,151,247
87,151,255
87,159,0
87,159,7
87,159,15
87,159,23
87,159,31
87,159,39
87,159,47
87,159,55
87,159,63
87,159,71
87,159,79
87,159,87
87,159,95
87,159,103
87,159,111
87,159,119
87,159,127
87,159,135
87,159,143
87,159,151
87,159,159
87,159,167
87,159,175
87,159,183
87,159,191
87,159,199
87,159,207
87,159,215
87,159,223
87,159,231
87,159,239
87,159,247
87,159,255
87,167,0
87,167,7
87,167,15
87,167,23
87,167,31
87,167,39
87,167,47
87,167,55
87,167,63
87,167,71
87,167,79
87,167,87
87,167,95
87,167,103
87,167,111
87,167,119
87,167,127
87,167,135
87,167,143
87,167,151
87,167,159
87,167,167
87,167,175
87,167,183
87,167,191
87,167,199
87,167,207
87,167,215
87,167,223
87,167,231
87,167,239
87,167,247
87,167,255
87,175,0
87,175,7
87,175,15
87,175,23
87,175,31
87,175,39
87,175,47
87,175,55
87,175,63
87,175,71
87,175,79
87,175,87
87,175,95
87,175,103
87,175,111
87,175,119
87,175,127
87,175,135
87,175,143
87,175,151
87,175,159
87,175,167
87,175,175
87,175,183
87,175,191
87,175,199
87,175,207
87,175,215
87,175,223
87,175,231
87,175,239
87,175,247
87,175,255
87,183,0
87,183,7
87,183,15
87,183,23
87,183,31
87,183,39
87,183,47
87,183,55
87,183,63
87,183,71
87,183,79
87,183,87
87,183,95
87,183,103
87,183,111
87,183,119
87,183,127
87,183,135
87,183,143
87,183,151
87,183,159
87,183,167
87,183,175
87,183,183
87,183,191
87,183,199
87,183,207
87,183,215
87,183,223
87,183,231
87,183,239
87,183,247
87,183,255
87,191,0
87,191,7
87,191,15
87,191,23
87,191,31
87,191,39
87,191,47
87,191,55
87,191,63
87,191,71
87,191,79
87,191,87
87,191,95
87,191,103
87,191,111
87,191,119
87,191,127
87,191,135
87,191,143
87,191,151
87,191,159
87,191,167
87,191,175
87,191,183
87,191,191
87,191,199
87,191,207
87,191,215
87,191,223
87,191,231
87,191,239
87,191,247
87,191,255
87,199,0
87,199,7
87,199,15
87,199,23
87,199,31
87,199,39
87,199,47
87,199,55
87,199,63
87,199,71
87,199,79
87,199,87
87,199,95
87,199,103
87,199,111
87,199,119
87,199,127
87,199,135
87,199,143
87,199,151
87,199,159
87,199,167
87,199,175
87,199,183
87,199,191
87,199,199
87,199,207
87,199,215
87,199,223
87,199,231
87,199,239
87,199,247
87,199,255
87,207,0
87,207,7
87,207,15
87,207,23
87,207,31
87,207,39
87,207,47
87,207,55
87,207,63
87,207,71
87,207,79
87,207,87
87,207,95
87,207,103
87,207,111
87,207,119
87,207,127
87,207,135
87,207,143
87,207,151
87,207,159
87,207,167
87,207,175
87,207,183
87,207,191
87,207,199
87,207,207
87,207,215
87,207,223
87,207,231
87,207,239
87,207,247
87,207,255
87,215,0
87,215,7
87,215,15
87,215,23
87,215,31
87,215,39
87,215,47
87,215,55
87,215,63
87,215,71
87,215,79
87,215,87
87,215,95
87,215,103
87,215,111
87,215,119
87,215,127
87,215,135
87,215,143
87,215,151
87,215,159
87,215,167
87,215,175
87,215,183
87,215,191
87,215,199
87,215,207
87,215,215
87,215,223
87,215,231
87,215,239
87,215,247
87,215,255
87,223,0
87,223,7
87,223,15
87,223,23
87,223,31
87,223,39
87,223,47
87,223,55
87,223,63
87,223,71
87,223,79
87,223,87
87,223,95
87,223,103
87,223,111
87,223,119
87,223,127
87,223,135
87,223,143
87,223,151
87,223,159
87,223,167
87,223,175
87,223,183
87,223,191
87,223,199
87,223,207
87,223,215
87,223,223
87,223,231
87,223,239
87,223,247
87,223,255
87,231,0
87,231,7
87,231,15
87,231,23
87,231,31
87,231,39
87,231,47
87,231,55
87,231,63
87,231,71
87,231,79
87,231,87
87,231,95
87,231,103
87,231,111
87,231,119
87,231,127
87,231,135
87,231,143
87,231,151
87,231,159
87,231,167
87,231,175
87,231,183
87,231,191
87,231,199
87,231,207
87,231,215
87,231,223
87,231,231
87,231,239
87,231,247
87,231,255
87,239,0
87,239,7
87,239,15
87,239,23
87,239,31
87,239,39
87,239,47
87,239,55
87,239,63
87,239,71
87,239,79
87,239,87
87,239,95
87,239,103
87,239,111
87,239,119
87,239,127
87,239,135
87,239,143
87,239,151
87,239,159
87,239,167
87,239,175
87,239,183
87,239,191
87,239,199
87,239,207
87,239,215
87,239,223
87,239,231
87,239,239
87,239,247
87,239,255
87,247,0
87,247,7
87,247,15
87,247,23
87,247,31
87,247,39
87,247,47
87,247,55
87,247,63
87,247,71
87,247,79
87,247,87
87,247,95
87,247,103
87,247,111
87,247,119
87,247,127
87,247,135
87,247,143
87,247,151
87,247,159
87,247,167
87,247,175
87,247,183
87,247,191
87,247,199
87,247,207
87,247,215
87,247,223
87,247,231
87,247,239
87,247,247
87,247,255
87,255,0
87,255,7
87,255,15
87,255,23
87,255,31
87,255,39
87,255,47
87,255,55
87,255,63
87,255,71
87,255,79
87,255,87
87,255,95
87,255,103
87,255,111
87,255,119
87,255,127
87,255,135
87,255,143
87,255,151
87,255,159
87,255,167
87,255,175
87,255,183
87,255,191
87,255,199
87,255,207
87,255,215
87,255,223
87,255,231
87,255,239
87,255,247
87,255,255
95,0,0
95,0,7
95,0,15
95,0,23
95,0,31
95,0,39
95,0,47
95,0,55
95,0,63
95,0,71
95,0,79
95,0,87
95,0,95
95,0,103
95,0,111
95,0,119
95,0,127
95,0,135
95,0,143
95,0,151
95,0,159
95,0,167
95,0,175
95,0,183
95,0,191
95,0,199
95,0,207
95,0,215
95,0,223
95,0,231
95,0,239
95,0,247
95,0,255
95,7,0
95,7,7
95,7,15
95,7,23
95,7,31
95,7,39
95,7,47
95,7,55
95,7,63
95,7,71
95,7,79
95,7,87
95,7,95
95,7,103
95,7,111
95,7,119
95,7,127
95,7,135
95,7,143
95,7,151
95,7,159
95,7,167
95,7,175
95,7,183
95,7,191
95,7,199
95,7,207
95,7,215
95,7,223
95,7,231
95,7,239
95,7,247
95,7,255
95,15,0
95,15,7
95,15,15
95,15,23
95,15,31
95,15,39
95,15,47
95,15,55
95,15,63
95,15,71
95,15,79
95,15,87
95,15,95
95,15,103
95,15,111
95,15,119
95,15,127
95,15,135
95,15,143
95,15,151
95,15,159
95,15,167
95,15,175
95,15,183
95,15,191
95,15,199
95,15,207
95,15,215
95,15,223
95,15,231
95,15,239
95,15,247
95,15,255
95,23,0
95,23,7
95,23,15
95,23,23
95,23,31
95,23,39
95,23,47
95,23,55
95,23,63
95,23,71
95,23,79
95,23,87
95,23,95
95,23,103
95,23,111
95,23,119
95,23,127
95,23,135
95,23,143
95,23,151
95,23,159
95,23,167
95,23,175
95,23,183
95,23,191
95,23,199
95,23,207
95,23,215
95,23,223
95,23,231
95,23,239
95,23,247
95,23,255
95,31,0
95,31,7
95,31,15
95,31,23
95,31,31
95,31,39
95,31,47
95,31,55
95,31,63
95,31,71
95,31,79
95,31,87
95,31,95
95,31,103
95,31,111
95,31,119
95,31,127
95,31,135
95,31,143
95,31,151
95,31,159
95,31,167
95,31,175
95,31,183
95,31,191
95,31,199
95,31,207
95,31,215
95,31,223
95,31,231
95,31,239
95,31,247
95,31,255
95,39,0
95,39,7
95,39,15
95,39,23
95,39,31
95,39,39
95,39,47
95,39,55
95,39,63
95,39,71
95,39,79
95,39,87
95,39,95
95,39,103
95,39,111
95,39,119
95,39,127
95,39,135
95,39,143
95,39,151
95,39,159
95,39,167
95,39,175
95,39,183
95,39,191
95,39,199
95,39,207
95,39,215
95,39,223
95,39,231
95,39,239
95,39,247
95,39,255
95,47,0
95,47,7
95,47,15
95,47,23
95,47,31
95,47,39
95,47,47
95,47,55
95,47,63
95,47,71
95,47,79
95,47,87
95,47,95
95,47,103
95,47,111
95,47,119
95,47,127
95,47,135
95,47,143
95,47,151
95,47,159
95,47,167
95,47,175
95,47,183
95,47,191
95,47,199
95,47,207
95,47,215
95,47,223
95,47,231
95,47,239
95,47,247
95,47,255
95,55,0
95,55,7
95,55,15
95,55,23
95,55,31
95,55,39
95,55,47
95,55,55
95,55,63
95,55,71
95,55,79
95,55,87
95,55,95
95,55,103
95,55,111
95,55,119
95,55,127
95,55,135
95,55,143
95,55,151
95,55,159
95,55,167
95,55,175
95,55,183
95,55,191
95,55,199
95,55,207
95,55,215
95,55,223
95,55,231
95,55,239
95,55,247
95,55,255
95,63,0
95,63,7
95,63,15
95,63,23
95,63,31
95,63,39
95,63,47
95,63,55
95,63,63
95,63,71
95,63,79
95,63,87
95,63,95
95,63,103
95,63,111
95,63,119
95,63,127
95,63,135
95,63,143
95,63,151
95,63,159
95,63,167
95,63,175
95,63,183
95,63,191
95,63,199
95,63,207
95,63,215
95,63,223
95,63,231
95,63,239
95,63,247
95,63,255
95,71,0
95,71,7
95,71,15
95,71,23
95,71,31
95,71,39
95,71,47
95,71,55
95,71,63
95,71,71
95,71,79
95,71,87
95,71,95
95,71,103
95,71,111
95,71,119
95,71,127
95,71,135
95,71,143
95,71,151
95,71,159
95,71,167
95,71,175
95,71,183
95,71,191
95,71,199
95,71,207
95,71,215
95,71,223
95,71,231
95,71,239
95,71,247
95,71,255
95,79,0
95,79,7
95,79,15
95,79,23
95,79,31
95,79,39
95,79,47
95,79,55
95,79,63
95,79,71
95,79,79
95,79,87
95,79,95
95,79,103
95,79,111
95,79,119
95,79,127
95,79,135
95,79,143
95,79,151
95,79,159
95,79,167
95,79,175
95,79,183
95,79,191
95,79,199
95,79,207
95,79,215
95,79,223
95,79,231
95,79,239
95,79,247
95,79,255
95,87,0
95,87,7
95,87,15
95,87,23
95,87,31
95,87,39
95,87,47
95,87,55
95,87,63
95,87,71
95,87,79
95,87,87
95,87,95
95,87,103
95,87,111
95,87,119
95,87,127
95,87,135
95,87,143
95,87,151
95,87,159
95,87,167
95,87,175
95,87,183
95,87,191
95,87,199
95,87,207
95,87,215
95,87,223
95,87,231
95,87,239
95,87,247
95,87,255
95,95,0
95,95,7
95,95,15
95,95,23
95,95,31
95,95,39
95,95,47
95,95,55
95,95,63
95,95,71
95,95,79
95,95,87
95,95,95
95,95,103
95,95,111
95,95,119
95,95,127
95,95,135
95,95,143
95,95,151
95,95,159
95,95,167
95,95,175
95,95,183
95,95,191
95,95,199
95,95,207
95,95,215
95,95,223
95,95,231
95,95,239
95,95,247
95,95,255
95,103,0
95,103,7
95,103,15
95,103,23
95,103,31
95,103,39
95,103,47
95,103,55
95,103,63
95,103,71
95,103,79
95,103,87
95,103,95
95,103,103
95,103,111
95,103,119
95,103,127
95,103,135
95,103,143
95,103,151
95,103,159
95,103,167
95,103,175
95,103,183
95,103,191
95,103,199
95,103,207
95,103,215
95,103,223
95,103,231
95,103,239
95,103,247
95,103,255
95,111,0
95,111,7
95,111,15
95,111,23
95,111,31
95,111,39
95,111,47
95,111,55
95,111,63
95,111,71
95,111,79
95,111,87
95,111,95
95,111,103
95,111,111
95,111,119
95,111,127
95,111,135
95,111,143
95,111,151
95,111,159
95,111,167
95,111,175
95,111,183
95,111,191
95,111,199
95,111,207
95,111,215
95,111,223
95,111,231
95,111,239
95,111,247
95,111,255
95,119,0
95,119,7
95,119,15
95,119,23
95,119,31
95,119,39
95,119,47
95,119,55
95,119,63
95,119,71
95,119,79
95,119,87
95,119,95
95,119,103
95,119,111
95,119,119
95,119,127
95,119,135
95,119,143
95,119,151
95,119,159
95,119,167
95,119,175
95,119,183
95,119,191
95,119,199
95,119,207
95,119,215
95,119,223
95,119,231
95,119,239
95,119,247
95,119,255
95,127,0
95,127,7
95,127,15
95,127,23
95,127,31
95,127,39
95,127,47
95,127,55
95,127,63
95,127,71
95,127,79
95,127,87
95,127,95
95,127,103
95,127,111
95,127,119
95,127,127
95,127,135
95,127,143
95,127,151
95,127,159
95,127,167
95,127,175
95,127,183
95,127,191
95,127,199
95,127,207
95,127,215
95,127,223
95,127,231
95,127,239
95,127,247
95,127,255
95,135,0
95,135,7
95,135,15
95,135,23
95,135,31
95,135,39
95,135,47
95,135,55
95,135,63
95,135,71
95,135,79
95,135,87
95,135,95
95,135,103
95,135,111
95,135,119
95,135,127
95,135,135
95,135,143
95,135,151
95,135,159
95,135,167
95,135,175
95,135,183
95,135,191
95,135,199
95,135,207
95,135,215
95,135,223
95,135,231
95,135,239
95,135,247
95,135,255
95,143,0
95,143,7
95,143,15
95,143,23
95,143,31
95,143,39
95,143,47
95,143,55
95,143,63
95,143,71
95,143,79
95,143,87
95,143,95
95,143,103
95,143,111
95,143,119
95,143,127
95,143,135
95,143,143
95,143,151
95,143,159
95,143,167
95,143,175
95,143,183
95,143,191
95,143,199
95,143,207
95,143,215
95,143,223
95,143,231
95,143,239
95,143,247
95,143,255
95,151,0
95,151,7
95,151,15
95,151,23
95,151,31
95,151,39
95,151,47
95,151,55
95,151,63
95,151,71
95,151,79
95,151,87
95,151,95
95,151,103
95,151,111
95,151,119
95,151,127
95,151,135
95,151,143
95,151,151
95,151,159
95,151,167
95,151,175
95,151,183
95,151,191
95,151,199
95,151,207
95,151,215
95,151,223
95,151,231
95,151,239
95,151,247
95,151,255
95,159,0
95,159,7
95,159,15
95,159,23
95,159,31
95,159,39
95,159,47
95,159,55
95,159,63
95,159,71
95,159,79
95,159,87
95,159,95
95,159,103
95,159,111
95,159,119
95,159,127
95,159,135
95,159,143
95,159,151
95,159,159
95,159,167
95,159,175
95,159,183
95,159,191
95,159,199
95,159,207
95,159,215
95,159,223
95,159,231
95,159,239
95,159,247
95,159,255
95,167,0
95,167,7
95,167,15
95,167,23
95,167,31
95,167,39
95,167,47
95,167,55
95,167,63
95,167,71
95,167,79
95,167,87
95,167,95
95,167,103
95,167,111
95,167,119
95,167,127
95,167,135
95,167,143
95,167,151
95,167,159
95,167,167
95,167,175
95,167,183
95,167,191
95,167,199
95,167,207
95,167,215
95,167,223
95,167,231
95,167,239
95,167,247
95,167,255
95,175,0
95,175,7
95,175,15
95,175,23
95,175,31
95,175,39
95,175,47
95,175,55
95,175,63
95,175,71
95,175,79
95,175,87
95,175,95
95,175,103
95,175,111
95,175,119
95,175,127
95,175,135
95,175,143
95,175,151
95,175,159
95,175,167
95,175,175
95,175,183
95,175,191
95,175,199
95,175,207
95,175,215
95,175,223
95,175,231
95,175,239
95,175,247
95,175,255
95,183,0
95,183,7
95,183,15
95,183,23
95,183,31
95,183,39
95,183,47
95,183,55
95,183,63
95,183,71
95,183,79
95,183,87
95,183,95
95,183,103
95,183,111
95,183,119
95,183,127
95,183,135
95,183,143
95,183,151
95,183,159
95,183,167
95,183,175
95,183,183
95,183,191
95,183,199
95,183,207
95,183,215
95,183,223
95,183,231
95,183,239
95,183,247
95,183,255
95,191,0
95,191,7
95,191,15
95,191,23
95,191,31
95,191,39
95,191,47
95,191,55
95,191,63
95,191,71
95,191,79
95,191,87
95,191,95
95,191,103
95,191,111
95,191,119
95,191,127
95,191,135
95,191,143
95,191,151
95,191,159
95,191,167
95,191,175
95,191,183
95,191,191
95,191,199
95,191,207
95,191,215
95,191,223
95,191,231
95,191,239
95,191,247
95,191,255
95,199,0
95,199,7
95,199,15
95,199,23
95,199,31
95,199,39
95,199,47
95,199,55
95,199,63
95,199,71
95,199,79
95,199,87
95,199,95
95,199,103
95,199,111
95,199,119
95,199,127
95,199,135
95,199,143
95,199,151
95,199,159
95,199,167
95,199,175
95,199,183
95,199,191
95,199,199
95,199,207
95,199,215
95,199,223
95,199,231
95,199,239
95,199,247
95,199,255
95,207,0
95,207,7
95,207,15
95,207,23
95,207,31
95,207,39
95,207,47
95,207,55
95,207,63
95,207,71
95,207,79
95,207,87
95,207,95
95,207,103
95,207,111
95,207,119
95,207,127
95,207,135
95,207,143
95,207,151
95,207,159
95,207,167
95,207,175
95,207,183
95,207,191
95,207,199
95,207,207
95,207,215
95,207,223
95,207,231
95,207,239
95,207,247
95,207,255
95,215,0
95,215,7
95,215,15
95,215,23
95,215,31
95,215,39
95,215,47
95,215,55
95,215,63
95,215,71
95,215,79
95,215,87
95,215,95
95,215,103
95,215,111
95,215,119
95,215,127
95,215,135
95,215,143
95,215,151
95,215,159
95,215,167
95,215,175
95,215,183
95,215,191
95,215,199
95,215,207
95,215,215
95,215,223
95,215,231
95,215,239
95,215,247
95,215,255
95,223,0
95,223,7
95,223,15
95,223,23
95,223,31
95,223,39
95,223,47
95,223,55
95,223,63
95,223,71
95,223,79
95,223,87
95,223,95
95,223,103
95,223,111
95,223,119
95,223,127
95,223,135
95,223,143
95,223,151
95,223,159
95,223,167
95,223,175
95,223,183
95,223,191
95,223,199
95,223,207
95,223,215
95,223,223
95,223,231
95,223,239
95,223,247
95,223,255
95,231,0
95,231,7
95,231,15
95,231,23
95,231,31
95,231,39
95,231,47
95,231,55
95,231,63
95,231,71
95,231,79
95,231,87
95,231,95
95,231,103
95,231,111
95,231,119
95,231,127
95,231,135
95,231,143
95,231,151
95,231,159
95,231,167
95,231,175
95,231,183
95,231,191
95,231,199
95,231,207
95,231,215
95,231,223
95,231,231
95,231,239
95,231,247
95,231,255
95,239,0
95,239,7
95,239,15
95,239,23
95,239,31
95,239,39
95,239,47
95,239,55
95,239,63
95,239,71
95,239,79
95,239,87
95,239,95
95,239,103
95,239,111
95,239,119
95,239,127
95,239,135
95,239,143
95,239,151
95,239,159
95,239,167
95,239,175
95,239,183
95,239,191
95,239,199
95,239,207
95,239,215
95,239,223
95,239,231
95,239,239
95,239,247
95,239,255
95,247,0
95,247,7
95,247,15
95,247,23
95,247,31
95,247,39
95,247,47
95,247,55
95,247,63
95,247,71
95,247,79
95,247,87
95,247,95
95,247,103
95,247,111
95,247,119
95,247,127
95,247,135
95,247,143
95,247,151
95,247,159
95,247,167
95,247,175
95,247,183
95,247,191
95,247,199
95,247,207
95,247,215
95,247,223
95,247,231
95,247,239
95,247,247
95,247,255
95,255,0
95,255,7
95,255,15
95,255,23
95,255,31
95,255,39
95,255,47
95,255,55
95,255,63
95,255,71
95,255,79
95,255,87
95,255,95
95,255,103
95,255,111
95,255,119
95,255,127
95,255,135
95,255,143
95,255,151
95,255,159
95,255,167
95,255,175
95,255,183
95,255,191
95,255,199
95,255,207
95,255,215
95,255,223
95,255,231
95,255,239
95,255,247
95,255,255
103,0,0
103,0,7
103,0,15
103,0,23
103,0,31
103,0,39
103,0,47
103,0,55
103,0,63
103,0,71
103,0,79
103,0,87
103,0,95
103,0,103
103,0,111
103,0,119
103,0,127
103,0,135
103,0,143
103,0,151
103,0,159
103,0,167
103,0,175
103,0,183
103,0,191
103,0,199
103,0,207
103,0,215
103,0,223
103,0,231
103,0,239
103,0,247
103,0,255
103,7,0
103,7,7
103,7,15
103,7,23
103,7,31
103,7,39
103,7,47
103,7,55
103,7,63
103,7,71
103,7,79
103,7,87
103,7,95
103,7,103
103,7,111
103,7,119
103,7,127
103,7,135
103,7,143
103,7,151
103,7,159
103,7,167
103,7,175
103,7,183
103,7,191
103,7,199
103,7,207
103,7,215
103,7,223
103,7,231
103,7,239
103,7,247
103,7,255
103,15,0
103,15,7
103,15,15
103,15,23
103,15,31
103,15,39
103,15,47
103,15,55
103,15,63
103,15,71
103,15,79
103,15,87
103,15,95
103,15,103
103,15,111
103,15,119
103,15,127
103,15,135
103,15,143
103,15,151
103,15,159
103,15,167
103,15,175
103,15,183
103,15,191
103,15,199
103,15,207
103,15,215
103,15,223
103,15,231
103,15,239
103,15,247
103,15,255
103,23,0
103,23,7
103,23,15
103,23,23
103,23,31
103,23,39
103,23,47
103,23,55
103,23,63
103,23,71
103,23,79
103,23,87
103,23,95
103,23,103
103,23,111
103,23,119
103,23,127
103,23,135
103,23,143
103,23,151
103,23,159
103,23,167
103,23,175
103,23,183
103,23,191
103,23,199
103,23,207
103,23,215
103,23,223
103,23,231
103,23,239
103,23,247
103,23,255
103,31,0
103,31,7
103,31,15
103,31,23
103,31,31
103,31,39
103,31,47
103,31,55
103,31,63
103,31,71
103,31,79
103,31,87
103,31,95
103,31,103
103,31,111
103,31,119
103,31,127
103,31,135
103,31,143
103,31,151
103,31,159
103,31,167
103,31,175
103,31,183
103,31,191
103,31,199
103,31,207
103,31,215
103,31,223
103,31,231
103,31,239
103,31,247
103,31,255
103,39,0
103,39,7
103,39,15
103,39,23
103,39,31
103,39,39
103,39,47
103,39,55
103,39,63
103,39,71
103,39,79
103,39,87
103,39,95
103,39,103
103,39,111
103,39,119
103,39,127
103,39,135
103,39,143
103,39,151
103,39,159
103,39,167
103,39,175
103,39,183
103,39,191
103,39,199
103,39,207
103,39,215
103,39,223
103,39,231
103,39,239
103,39,247
103,39,255
103,47,0
103,47,7
103,47,15
103,47,23
103,47,31
103,47,39
103,47,47
103,47,55
103,47,63
103,47,71
103,47,79
103,47,87
103,47,95
103,47,103
103,47,111
103,47,119
103,47,127
103,47,135
103,47,143
103,47,151
103,47,159
103,47,167
103,47,175
103,47,183
103,47,191
103,47,199
103,47,207
103,47,215
103,47,223
103,47,231
103,47,239
103,47,247
103,47,255
103,55,0
103,55,7
103,55,15
103,55,23
103,55,31
103,55,39
103,55,47
103,55,55
103,55,63
103,55,71
103,55,79
103,55,87
103,55,95
103,55,103
103,55,111
103,55,119
103,55,127
103,55,135
103,55,143
103,55,151
103,55,159
103,55,167
103,55,175
103,55,183
103,55,191
103,55,199
103,55,207
103,55,215
103,55,223
103,55,231
103,55,239
103,55,247
103,55,255
103,63,0
103,63,7
103,63,15
103,63,23
103,63,31
103,63,39
103,63,47
103,63,55
103,63,63
103,63,71
103,63,79
103,63,87
103,63,95
103,63,103
103,63,111
103,63,119
103,63,127
103,63,135
103,63,143
103,63,151
103,63,159
103,63,167
103,63,175
103,63,183
103,63,191
103,63,199
103,63,207
103,63,215
103,63,223
103,63,231
103,63,239
103,63,247
103,63,255
103,71,0
103,71,7
103,71,15
103,71,23
103,71,31
103,71,39
103,71,47
103,71,55
103,71,63
103,71,71
103,71,79
103,71,87
103,71,95
103,71,103
103,71,111
103,71,119
103,71,127
103,71,135
103,71,143
103,71,151
103,71,159
103,71,167
103,71,175
103,71,183
103,71,191
103,71,199
103,71,207
103,71,215
103,71,223
103,71,231
103,71,239
103,71,247
103,71,255
103,79,0
103,79,7
103,79,15
103,79,23
103,79,31
103,79,39
103,79,47
103,79,55
103,79,63
103,79,71
103,79,79
103,79,87
103,79,95
103,79,103
103,79,111
103,79,119
103,79,127
103,79,135
103,79,143
103,79,151
103,79,159
103,79,167
103,79,175
103,79,183
103,79,191
103,79,199
103,79,207
103,79,215
103,79,223
103,79,231
103,79,239
103,79,247
103,79,255
103,87,0
103,87,7
103,87,15
103,87,23
103,87,31
103,87,39
103,87,47
103,87,55
103,87,63
103,87,71
103,87,79
103,87,87
103,87,95
103,87,103
103,87,111
103,87,119
103,87,127
103,87,135
103,87,143
103,87,151
103,87,159
103,87,167
103,87,175
103,87,183
103,87,191
103,87,199
103,87,207
103,87,215
103,87,223
103,87,231
103,87,239
103,87,247
103,87,255
103,95,0
103,95,7
103,95,15
103,95,23
103,95,31
103,95,39
103,95,47
103,95,55
103,95,63
103,95,71
103,95,79
103,95,87
103,95,95
103,95,103
103,95,111
103,95,119
103,95,127
103,95,135
103,95,143
103,95,151
103,95,159
103,95,167
103,95,175
103,95,183
103,95,191
103,95,199
103,95,207
103,95,215
103,95,223
103,95,231
103,95,239
103,95,247
103,95,255
103,103,0
103,103,7
103,103,15
103,103,23
103,103,31
103,103,39
103,103,47
103,103,55
103,103,63
103,103,71
103,103,79
103,103,87
103,103,95
103,103,103
103,103,111
103,103,119
103,103,127
103,103,135
103,103,143
103,103,151
103,103,159
103,103,167
103,103,175
103,103,183
103,103,191
103,103,199
103,103,207
103,103,215
103,103,223
103,103,231
103,103,239
103,103,247
103,103,255
103,111,0
103,111,7
103,111,15
103,111,23
103,111,31
103,111,39
103,111,47
103,111,55
103,111,63
103,111,71
103,111,79
103,111,87
103,111,95
103,111,103
103,111,111
103,111,119
103,111,127
103,111,135
103,111,143
103,111,151
103,111,159
103,111,167
103,111,175
103,111,183
103,111,191
103,111,199
103,111,207
103,111,215
103,111,223
103,111,231
103,111,239
103,111,247
103,111,255
103,119,0
103,119,7
103,119,15
103,119,23
103,119,31
103,119,39
103,119,47
103,119,55
103,119,63
103,119,71
103,119,79
103,119,87
103,119,95
103,119,103
103,119,111
103,119,119
103,119,127
103,119,135
103,119,143
103,119,151
103,119,159
103,119,167
103,119,175
103,119,183
103,119,191
103,119,199
103,119,207
103,119,215
103,119,223
103,119,231
103,119,239
103,119,247
103,119,255
103,127,0
103,127,7
103,127,15
103,127,23
103,127,31
103,127,39
103,127,47
103,127,55
103,127,63
103,127,71
103,127,79
103,127,87
103,127,95
103,127,103
103,127,111
103,127,119
103,127,127
103,127,135
103,127,143
103,127,151
103,127,159
103,127,167
103,127,175
103,127,183
103,127,191
103,127,199
103,127,207
103,127,215
103,127,223
103,127,231
103,127,239
103,127,247
103,127,255
103,135,0
103,135,7
103,135,15
103,135,23
103,135,31
103,135,39
103,135,47
103,135,55
103,135,63
103,135,71
103,135,79
103,135,87
103,135,95
103,135,103
103,135,111
103,135,119
103,135,127
103,135,135
103,135,143
103,135,151
103,135,159
103,135,167
103,135,175
103,135,183
103,135,191
103,135,199
103,135,207
103,135,215
103,135,223
103,135,231
103,135,239
103,135,247
103,135,255
103,143,0
103,143,7
103,143,15
103,143,23
103,143,31
103,143,39
103,143,47
103,143,55
103,143,63
103,143,71
103,143,79
103,143,87
103,143,95
103,143,103
103,143,111
103,143,119
103,143,127
103,143,135
103,143,143
103,143,151
103,143,159
103,143,167
103,143,175
103,143,183
103,143,191
103,143,199
103,143,207
103,143,215
103,143,223
103,143,231
103,143,239
103,143,247
103,143,255
103,151,0
103,151,7
103,151,15
103,151,23
103,151,31
103,151,39
103,151,47
103,151,55
103,151,63
103,151,71
103,151,79
103,151,87
103,151,95
103,151,103
103,151,111
103,151,119
103,151,127
103,151,135
103,151,143
103,151,151
103,151,159
103,151,167
103,151,175
103,151,183
103,151,191
103,151,199
103,151,207
103,151,215
103,151,223
103,151,231
103,151,239
103,151,247
103,151,255
103,159,0
103,159,7
103,159,15
103,159,23
103,159,31
103,159,39
103,159,47
103,159,55
103,159,63
103,159,71
103,159,79
103,159,87
103,159,95
103,159,103
103,159,111
103,159,119
103,159,127
103,159,135
103,159,143
103,159,151
103,159,159
103,159,167
103,159,175
103,159,183
103,159,191
103,159,199
103,159,207
103,159,215
103,159,223
103,159,231
103,159,239
103,159,247
103,159,255
103,167,0
103,167,7
103,167,15
103,167,23
103,167,31
103,167,39
103,167,47
103,167,55
103,167,63
103,167,71
103,167,79
103,167,87
103,167,95
103,167,103
103,167,111
103,167,119
103,167,127
103,167,135
103,167,143
103,167,151
103,167,159
103,167,167
103,167,175
103,167,183
103,167,191
103,167,199
103,167,207
103,167,215
103,167,223
103,167,231
103,167,239
103,167,247
103,167,255
103,175,0
103,175,7
103,175,15
103,175,23
103,175,31
103,175,39
103,175,47
103,175,55
103,175,63
103,175,71
103,175,79
103,175,87
103,175,95
103,175,103
103,175,111
103,175,119
103,175,127
103,175,135
103,175,143
103,175,151
103,175,159
103,175,167
103,175,175
103,175,183
103,175,191
103,175,199
103,175,207
103,175,215
103,175,223
103,175,231
103,175,239
103,175,247
103,175,255
103,183,0
103,183,7
103,183,15
103,183,23
103,183,31
103,183,39
103,183,47
103,183,55
103,183,63
103,183,71
103,183,79
103,183,87
103,183,95
103,183,103
103,183,111
103,183,119
103,183,127
103,183,135
103,183,143
103,183,151
103,183,159
103,183,167
103,183,175
103,183,183
103,183,191
103,183,199
103,183,207
103,183,215
103,183,223
103,183,231
103,183,239
103,183,247
103,183,255
103,191,0
103,191,7
103,191,15
103,191,23
103,191,31
103,191,39
103,191,47
103,191,55
103,191,63
103,191,71
103,191,79
103,191,87
103,191,95
103,191,103
103,191,111
103,191,119
103,191,127
103,191,135
103,191,143
103,191,151
103,191,159
103,191,167
103,191,175
103,191,183
103,191,191
103,191,199
103,191,207
103,191,215
103,191,223
103,191,231
103,191,239
103,191,247
103,191,255
103,199,0
103,199,7
103,199,15
103,199,23
103,199,31
103,199,39
103,199,47
103,199,55
103,199,63
103,199,71
103,199,79
103,199,87
103,199,95
103,199,103
103,199,111
103,199,119
103,199,127
103,199,135
103,199,143
103,199,151
103,199,159
103,199,167
103,199,175
103,199,183
103,199,191
103,199,199
103,199,207
103,199,215
103,199,223
103,199,231
103,199,239
103,199,247
103,199,255
103,207,0
103,207,7
103,207,15
103,207,23
103,207,31
103,207,39
103,207,47
103,207,55
103,207,63
103,207,71
103,207,79
103,207,87
103,207,95
103,207,103
103,207,111
103,207,119
103,207,127
103,207,135
103,207,143
103,207,151
103,207,159
103,207,167
103,207,175
103,207,183
103,207,191
103,207,199
103,207,207
103,207,215
103,207,223
103,207,231
103,207,239
103,207,247
103,207,255
103,215,0
103,215,7
103,215,15
103,215,23
103,215,31
103,215,39
103,215,47
103,215,55
103,215,63
103,215,71
103,215,79
103,215,87
103,215,95
103,215,103
103,215,111
103,215,119
103,215,127
103,215,135
103,215,143
103,215,151
103,215,159
103,215,167
103,215,175
103,215,183
103,215,191
103,215,199
103,215,207
103,215,215
103,215,223
103,215,231
103,215,239
103,215,247
103,215,255
103,223,0
103,223,7
103,223,15
103,223,23
103,223,31
103,223,39
103,223,47
103,223,55
103,223,63
103,223,71
103,223,79
103,223,87
103,223,95
103,223,103
103,223,111
103,223,119
103,223,127
103,223,135
103,223,143
103,223,151
103,223,159
103,223,167
103,223,175
103,223,183
103,223,191
103,223,199
103,223,207
103,223,215
103,223,223
103,223,231
103,223,239
103,223,247
103,223,255
103,231,0
103,231,7
103,231,15
103,231,23
103,231,31
103,231,39
103,231,47
103,231,55
103,231,63
103,231,71
103,231,79
103,231,87
103,231,95
103,231,103
103,231,111
103,231,119
103,231,127
103,231,135
103,231,143
103,231,151
103,231,159
103,231,167
103,231,175
103,231,183
103,231,191
103,231,199
103,231,207
103,231,215
103,231,223
103,231,231
103,231,239
103,231,247
103,231,255
103,239,0
103,239,7
103,239,15
103,239,23
103,239,31
103,239,39
103,239,47
103,239,55
103,239,63
103,239,71
103,239,79
103,239,87
103,239,95
103,239,103
103,239,111
103,239,119
103,239,127
103,239,135
103,239,143
103,239,151
103,239,159
103,239,167
103,239,175
103,239,183
103,239,191
103,239,199
103,239,207
103,239,215
103,239,223
103,239,231
103,239,239
103,239,247
103,239,255
103,247,0
103,247,7
103,247,15
103,247,23
103,247,31
103,247,39
103,247,47
103,247,55
103,247,63
103,247,71
103,247,79
103,247,87
103,247,95
103,247,103
103,247,111
103,247,119
103,247,127
103,247,135
103,247,143
103,247,151
103,247,159
103,247,167
103,247,175
103,247,183
103,247,191
103,247,199
103,247,207
103,247,215
103,247,223
103,247,231
103,247,239
103,247,247
103,247,255
103,255,0
103,255,7
103,255,15
103,255,23
103,255,31
103,255,39
103,255,47
103,255,55
103,255,63
103,255,71
103,255,79
103,255,87
103,255,95
103,255,103
103,255,111
103,255,119
103,255,127
103,255,135
103,255,143
103,255,151
103,255,159
103,255,167
103,255,175
103,255,183
103,255,191
103,255,199
103,255,207
103,255,215
103,255,223
103,255,231
103,255,239
103,255,247
103,255,255
111,0,0
111,0,7
111,0,15
111,0,23
111,0,31
111,0,39
111,0,47
111,0,55
111,0,63
111,0,71
111,0,79
111,0,87
111,0,95
111,0,103
111,0,111
111,0,119
111,0,127
111,0,135
111,0,143
111,0,151
111,0,159
111,0,167
111,0,175
111,0,183
111,0,191
111,0,199
111,0,207
111,0,215
111,0,223
111,0,231
111,0,239
111,0,247
111,0,255
111,7,0
111,7,7
111,7,15
111,7,23
111,7,31
111,7,39
111,7,47
111,7,55
111,7,63
111,7,71
111,7,79
111,7,87
111,7,95
111,7,103
111,7,111
111,7,119
111,7,127
111,7,135
111,7,143
111,7,151
111,7,159
111,7,167
111,7,175
111,7,183
111,7,191
111,7,199
111,7,207
111,7,215
111,7,223
111,7,231
111,7,239
111,7,247
111,7,255
111,15,0
111,15,7
111,15,15
111,15,23
111,15,31
111,15,39
111,15,47
111,15,55
111,15,63
111,15,71
111,15,79
111,15,87
111,15,95
111,15,103
111,15,111
111,15,119
111,15,127
111,15,135
111,15,143
111,15,151
111,15,159
111,15,167
111,15,175
111,15,183
111,15,191
111,15,199
111,15,207
111,15,215
111,15,223
111,15,231
111,15,239
111,15,247
111,15,255
111,23,0
111,23,7
111,23,15
111,23,23
111,23,31
111,23,39
111,23,47
111,23,55
111,23,63
111,23,71
111,23,79
111,23,87
111,23,95
111,23,103
111,23,111
111,23,119
111,23,127
111,23,135
111,23,143
111,23,151
111,23,159
111,23,167
111,23,175
111,23,183
111,23,191
111,23,199
111,23,207
111,23,215
111,23,223
111,23,231
111,23,239
111,23,247
111,23,255
111,31,0
111,31,7
111,31,15
111,31,23
111,31,31
111,31,39
111,31,47
111,31,55
111,31,63
111,31,71
111,31,79
111,31,87
111,31,95
111,31,103
111,31,111
111,31,119
111,31,127
111,31,135
111,31,143
111,31,151
111,31,159
111,31,167
111,31,175
111,31,183
111,31,191
111,31,199
111,31,207
111,31,215
111,31,223
111,31,231
111,31,239
111,31,247
111,31,255
111,39,0
111,39,7
111,39,15
111,39,23
111,39,31
111,39,39
111,39,47
111,39,55
111,39,63
111,39,71
111,39,79
111,39,87
111,39,95
111,39,103
111,39,111
111,39,119
111,39,127
111,39,135
111,39,143
111,39,151
111,39,159
111,39,167
111,39,175
111,39,183
111,39,191
111,39,199
111,39,207
111,39,215
111,39,223
111,39,231
111,39,239
111,39,247
111,39,255
111,47,0
111,47,7
111,47,15
111,47,23
111,47,31
111,47,39
111,47,47
111,47,55
111,47,63
111,47,71
111,47,79
111,47,87
111,47,95
111,47,103
111,47,111
111,47,119
111,47,127
111,47,135
111,47,143
111,47,151
111,47,159
111,47,167
111,47,175
111,47,183
111,47,191
111,47,199
111,47,207
111,47,215
111,47,223
111,47,231
111,47,239
111,47,247
111,47,255
111,55,0
111,55,7
111,55,15
111,55,23
111,55,31
111,55,39
111,55,47
111,55,55
111,55,63
111,55,71
111,55,79
111,55,87
111,55,95
111,55,103
111,55,111
111,55,119
111,55,127
111,55,135
111,55,143
111,55,151
111,55,159
111,55,167
111,55,175
111,55,183
111,55,191
111,55,199
111,55,207
111,55,215
111,55,223
111,55,231
111,55,239
111,55,247
111,55,255
111,63,0
111,63,7
111,63,15
111,63,23
111,63,31
111,63,39
111,63,47
111,63,55
111,63,63
111,63,71
111,63,79
111,63,87
111,63,95
111,63,103
111,63,111
111,63,119
111,63,127
111,63,135
111,63,143
111,63,151
111,63,159
111,63,167
111,63,175
111,63,183
111,63,191
111,63,199
111,63,207
111,63,215
111,63,223
111,63,231
111,63,239
111,63,247
111,63,255
111,71,0
111,71,7
111,71,15
111,71,23
111,71,31
111,71,39
111,71,47
111,71,55
111,71,63
111,71,71
111,71,79
111,71,87
111,71,95
111,71,103
111,71,111
111,71,119
111,71,127
111,71,135
111,71,143
111,71,151
111,71,159
111,71,167
111,71,175
111,71,183
111,71,191
111,71,199
111,71,207
111,71,215
111,71,223
111,71,231
111,71,239
111,71,247
111,71,255
111,79,0
111,79,7
111,79,15
111,79,23
111,79,31
111,79,39
111,79,47
111,79,55
111,79,63
111,79,71
111,79,79
111,79,87
111,79,95
111,79,103
111,79,111
111,79,119
111,79,127
111,79,135
111,79,143
111,79,151
111,79,159
111,79,167
111,79,175
111,79,183
111,79,191
111,79,199
111,79,207
111,79,215
111,79,223
111,79,231
111,79,239
111,79,247
111,79,255
111,87,0
111,87,7
111,87,15
111,87,23
111,87,31
111,87,39
111,87,47
111,87,55
111,87,63
111,87,71
111,87,79
111,87,87
111,87,95
111,87,103
111,87,111
111,87,119
111,87,127
111,87,135
111,87,143
111,87,151
111,87,159
111,87,167
111,87,175
111,87,183
111,87,191
111,87,199
111,87,207
111,87,215
111,87,223
111,87,231
111,87,239
111,87,247
111,87,255
111,95,0
111,95,7
111,95,15
111,95,23
111,95,31
111,95,39
111,95,47
111,95,55
111,95,63
111,95,71
111,95,79
111,95,87
111,95,95
111,95,103
111,95,111
111,95,119
111,95,127
111,95,135
111,95,143
111,95,151
111,95,159
111,95,167
111,95,175
111,95,183
111,95,191
111,95,199
111,95,207
111,95,215
111,95,223
111,95,231
111,95,239
111,95,247
111,95,255
111,103,0
111,103,7
111,103,15
111,103,23
111,103,31
111,103,39
111,103,47
111,103,55
111,103,63
111,103,71
111,103,79
111,103,87
111,103,95
111,103,103
111,103,111
111,103,119
111,103,127
111,103,135
111,103,143
111,103,151
111,103,159
111,103,167
111,103,175
111,103,183
111,103,191
111,103,199
111,103,207
111,103,215
111,103,223
111,103,231
111,103,239
111,103,247
111,103,255
111,111,0
111,111,7
111,111,15
111,111,23
111,111,31
111,111,39
111,111,47
111,111,55
111,111,63
111,111,71
111,111,79
111,111,87
111,111,95
111,111,103
111,111,111
111,111,119
111,111,127
111,111,135
111,111,143
111,111,151
111,111,159
111,111,167
111,111,175
111,111,183
111,111,191
111,111,199
111,111,207
111,111,215
111,111,223
111,111,231
111,111,239
111,111,247
111,111,255
111,119,0
111,119,7
111,119,15
111,119,23
111,119,31
111,119,39
111,119,47
111,119,55
111,119,63
111,119,71
111,119,79
111,119,87
111,119,95
111,119,103
111,119,111
111,119,119
111,119,127
111,119,135
111,119,143
111,119,151
111,119,159
111,119,167
111,119,175
111,119,183
111,119,191
111,119,199
111,119,207
111,119,215
111,119,223
111,119,231
111,119,239
111,119,247
111,119,255
111,127,0
111,127,7
111,127,15
111,127,23
111,127,31
111,127,39
111,127,47
111,127,55
111,127,63
111,127,71
111,127,79
111,127,87
111,127,95
111,127,103
111,127,111
111,127,119
111,127,127
111,127,135
111,127,143
111,127,151
111,127,159
111,127,167
111,127,175
111,127,183
111,127,191
111,127,199
111,127,207
111,127,215
111,127,223
111,127,231
111,127,239
111,127,247
111,127,255
111,135,0
111,135,7
111,135,15
111,135,23
111,135,31
111,135,39
111,135,47
111,135,55
111,135,63
111,135,71
111,135,79
111,135,87
111,135,95
111,135,103
111,135,111
111,135,119
111,135,127
111,135,135
111,135,143
111,135,151
111,135,159
111,135,167
111,135,175
111,135,183
111,135,191
111,135,199
111,135,207
111,135,215
111,135,223
111,135,231
111,135,239
111,135,247
111,135,255
111,143,0
111,143,7
111,143,15
111,143,23
111,143,31
111,143,39
111,143,47
111,143,55
111,143,63
111,143,71
111,143,79
111,143,87
111,143,95
111,143,103
111,143,111
111,143,119
111,143,127
111,143,135
111,143,143
111,143,151
111,143,159
111,143,167
111,143,175
111,143,183
111,143,191
111,143,199
111,143,207
111,143,215
111,143,223
111,143,231
111,143,239
111,143,247
111,143,255
111,151,0
111,151,7
111,151,15
111,151,23
111,151,31
111,151,39
111,151,47
111,151,55
111,151,63
111,151,71
111,151,79
111,151,87
111,151,95
111,151,103
111,151,111
111,151,119
111,151,127
111,151,135
111,151,143
111,151,151
111,151,159
111,151,167
111,151,175
111,151,183
111,151,191
111,151,199
111,151,207
111,151,215
111,151,223
111,151,231
111,151,239
111,151,247
111,151,255
111,159,0
111,159,7
111,159,15
111,159,23
111,159,31
111,159,39
111,159,47
111,159,55
111,159,63
111,159,71
111,159,79
111,159,87
111,159,95
111,159,103
111,159,111
111,159,119
111,159,127
111,159,135
111,159,143
111,159,151
111,159,159
111,159,167
111,159,175
111,159,183
111,159,191
111,159,199
111,159,207
111,159,215
111,159,223
111,159,231
111,159,239
111,159,247
111,159,255
111,167,0
111,167,7
111,167,15
111,167,23
111,167,31
111,167,39
111,167,47
111,167,55
111,167,63
111,167,71
111,167,79
111,167,87
111,167,95
111,167,103
111,167,111
111,167,119
111,167,127
111,167,135
111,167,143
111,167,151
111,167,159
111,167,167
111,167,175
111,167,183
111,167,191
111,167,199
111,167,207
111,167,215
111,167,223
111,167,231
111,167,239
111,167,247
111,167,255
111,175,0
111,175,7
111,175,15
111,175,23
111,175,31
111,175,39
111,175,47
111,175,55
111,175,63
111,175,71
111,175,79
111,175,87
111,175,95
111,175,103
111,175,111
111,175,119
111,175,127
111,175,135
111,175,143
111,175,151
111,175,159
111,175,167
111,175,175
111,175,183
111,175,191
111,175,199
111,175,207
111,175,215
111,175,223
111,175,231
111,175,239
111,175,247
111,175,255
111,183,0
111,183,7
111,183,15
111,183,23
111,183,31
111,183,39
111,183,47
111,183,55
111,183,63
111,183,71
111,183,79
111,183,87
111,183,95
111,183,103
111,183,111
111,183,119
111,183,127
111,183,135
111,183,143
111,183,151
111,183,159
111,183,167
111,183,175
111,183,183
111,183,191
111,183,199
111,183,207
111,183,215
111,183,223
111,183,231
111,183,239
111,183,247
111,183,255
111,191,0
111,191,7
111,191,15
111,191,23
111,191,31
111,191,39
111,191,47
111,191,55
111,191,63
111,191,71
111,191,79
111,191,87
111,191,95
111,191,103
111,191,111
111,191,119
111,191,127
111,191,135
111,191,143
111,191,151
111,191,159
111,191,167
111,191,175
111,191,183
111,191,191
111,191,199
111,191,207
111,191,215
111,191,223
111,191,231
111,191,239
111,191,247
111,191,255
111,199,0
111,199,7
111,199,15
111,199,23
111,199,31
111,199,39
111,199,47
111,199,55
111,199,63
111,199,71
111,199,79
111,199,87
111,199,95
111,199,103
111,199,111
111,199,119
111,199,127
111,199,135
111,199,143
111,199,151
111,199,159
111,199,167
111,199,175
111,199,183
111,199,191
111,199,199
111,199,207
111,199,215
111,199,223
111,199,231
111,199,239
111,199,247
111,199,255
111,207,0
111,207,7
111,207,15
111,207,23
111,207,31
111,207,39
111,207,47
111,207,55
111,207,63
111,207,71
111,207,79
111,207,87
111,207,95
111,207,103
111,207,111
111,207,119
111,207,127
111,207,135
111,207,143
111,207,151
111,207,159
111,207,167
111,207,175
111,207,183
111,207,191
111,207,199
111,207,207
111,207,215
111,207,223
111,207,231
111,207,239
111,207,247
111,207,255
111,215,0
111,215,7
111,215,15
111,215,23
111,215,31
111,215,39
111,215,47
111,215,55
111,215,63
111,215,71
111,215,79
111,215,87
111,215,95
111,215,103
111,215,111
111,215,119
111,215,127
111,215,135
111,215,143
111,215,151
111,215,159
111,215,167
111,215,175
111,215,183
111,215,191
111,215,199
111,215,207
111,215,215
111,215,223
111,215,231
111,215,239
111,215,247
111,215,255
111,223,0
111,223,7
111,223,15
111,223,23
111,223,31
111,223,39
111,223,47
111,223,55
111,223,63
111,223,71
111,223,79
111,223,87
111,223,95
111,223,103
111,223,111
111,223,119
111,223,127
111,223,135
111,223,143
111,223,151
111,223,159
111,223,167
111,223,175
111,223,183
111,223,191
111,223,199
111,223,207
111,223,215
111,223,223
111,223,231
111,223,239
111,223,247
111,223,255
111,231,0
111,231,7
111,231,15
111,231,23
111,231,31
111,231,39
111,231,47
111,231,55
111,231,63
111,231,71
111,231,79
111,231,87
111,231,95
111,231,103
111,231,111
111,231,119
111,231,127
111,231,135
111,231,143
111,231,151
111,231,159
111,231,167
111,231,175
111,231,183
111,231,191
111,231,199
111,231,207
111,231,215
111,231,223
111,231,231
111,231,239
111,231,247
111,231,255
111,239,0
111,239,7
111,239,15
111,239,23
111,239,31
111,239,39
111,239,47
111,239,55
111,239,63
111,239,71
111,239,79
111,239,87
111,239,95
111,239,103
111,239,111
111,239,119
111,239,127
111,239,135
111,239,143
111,239,151
111,239,159
111,239,167
111,239,175
111,239,183
111,239,191
111,239,199
111,239,207
111,239,215
111,239,223
111,239,231
111,239,239
111,239,247
111,239,255
111,247,0
111,247,7
111,247,15
111,247,23
111,247,31
111,247,39
111,247,47
111,247,55
111,247,63
111,247,71
111,247,79
111,247,87
111,247,95
111,247,103
111,247,111
111,247,119
111,247,127
111,247,135
111,247,143
111,247,151
111,247,159
111,247,167
111,247,175
111,247,183
111,247,191
111,247,199
111,247,207
111,247,215
111,247,223
111,247,231
111,247,239
111,247,247
111,247,255
111,255,0
111,255,7
111,255,15
111,255,23
111,255,31
111,255,39
111,255,47
111,255,55
111,255,63
111,255,71
111,255,79
111,255,87
111,255,95
111,255,103
111,255,111
111,255,119
111,255,127
111,255,135
111,255,143
111,255,151
111,255,159
111,255,167
111,255,175
111,255,183
111,255,191
111,255,199
111,255,207
111,255,215
111,255,223
111,255,231
111,255,239
111,255,247
111,255,255
119,0,0
119,0,7
119,0,15
119,0,23
119,0,31
119,0,39
119,0,47
119,0,55
119,0,63
119,0,71
119,0,79
119,0,87
119,0,95
119,0,103
119,0,111
119,0,119
119,0,127
119,0,135
119,0,143
119,0,151
119,0,159
119,0,167
119,0,175
119,0,183
119,0,191
119,0,199
119,0,207
119,0,215
119,0,223
119,0,231
119,0,239
119,0,247
119,0,255
119,7,0
119,7,7
119,7,15
119,7,23
119,7,31
119,7,39
119,7,47
119,7,55
119,7,63
119,7,71
119,7,79
119,7,87
119,7,95
119,7,103
119,7,111
119,7,119
119,7,127
119,7,135
119,7,143
119,7,151
119,7,159
119,7,167
119,7,175
119,7,183
119,7,191
119,7,199
119,7,207
119,7,215
119,7,223
119,7,231
119,7,239
119,7,247
119,7,255
119,15,0
119,15,7
119,15,15
119,15,23
119,15,31
119,15,39
119,15,47
119,15,55
119,15,63
119,15,71
119,15,79
119,15,87
119,15,95
119,15,103
119,15,111
119,15,119
119,15,127
119,15,135
119,15,143
119,15,151
119,15,159
119,15,167
119,15,175
119,15,183
119,15,191
119,15,199
119,15,207
119,15,215
119,15,223
119,15,231
119,15,239
119,15,247
119,15,255
119,23,0
119,23,7
119,23,15
119,23,23
119,23,31
119,23,39
119,23,47
119,23,55
119,23,63
119,23,71
119,23,79
119,23,87
119,23,95
119,23,103
119,23,111
119,23,119
119,23,127
119,23,135
119,23,143
119,23,151
119,23,159
119,23,167
119,23,175
119,23,183
119,23,191
119,23,199
119,23,207
119,23,215
119,23,223
119,23,231
119,23,239
119,23,247
119,23,255
119,31,0
119,31,7
119,31,15
119,31,23
119,31,31
119,31,39
119,31,47
119,31,55
119,31,63
119,31,71
119,31,79
119,31,87
119,31,95
119,31,103
119,31,111
119,31,119
119,31,127
119,31,135
119,31,143
119,31,151
119,31,159
119,31,167
119,31,175
119,31,183
119,31,191
119,31,199
119,31,207
119,31,215
119,31,223
119,31,231
119,31,239
119,31,247
119,31,255
119,39,0
119,39,7
119,39,15
119,39,23
119,39,31
119,39,39
119,39,47
119,39,55
119,39,63
119,39,71
119,39,79
119,39,87
119,39,95
119,39,103
119,39,111
119,39,119
119,39,127
119,39,135
119,39,143
119,39,151
119,39,159
119,39,167
119,39,175
119,39,183
119,39,191
119,39,199
119,39,207
119,39,215
119,39,223
119,39,231
119,39,239
119,39,247
119,39,255
119,47,0
119,47,7
119,47,15
119,47,23
119,47,31
119,47,39
119,47,47
119,47,55
119,47,63
119,47,71
119,47,79
119,47,87
119,47,95
119,47,103
119,47,111
119,47,119
119,47,127
119,47,135
119,47,143
119,47,151
119,47,159
119,47,167
119,47,175
119,47,183
119,47,191
119,47,199
119,47,207
119,47,215
119,47,223
119,47,231
119,47,239
119,47,247
119,47,255
119,55,0
119,55,7
119,55,15
119,55,23
119,55,31
119,55,39
119,55,47
119,55,55
119,55,63
119,55,71
119,55,79
119,55,87
119,55,95
119,55,103
119,55,111
119,55,119
119,55,127
119,55,135
119,55,143
119,55,151
119,55,159
119,55,167
119,55,175
119,55,183
119,55,191
119,55,199
119,55,207
119,55,215
119,55,223
119,55,231
119,55,239
119,55,247
119,55,255
119,63,0
119,63,7
119,63,15
119,63,23
119,63,31
119,63,39
119,63,47
119,63,55
119,63,63
119,63,71
119,63,79
119,63,87
119,63,95
119,63,103
119,63,111
119,63,119
119,63,127
119,63,135
119,63,143
119,63,151
119,63,159
119,63,167
119,63,175
119,63,183
119,63,191
119,63,199
119,63,207
119,63,215
119,63,223
119,63,231
119,63,239
119,63,247
119,63,255
119,71,0
119,71,7
119,71,15
119,71,23
119,71,31
119,71,39
119,71,47
119,71,55
119,71,63
119,71,71
119,71,79
119,71,87
119,71,95
119,71,103
119,71,111
119,71,119
119,71,127
119,71,135
119,71,143
119,71,151
119,71,159
119,71,167
119,71,175
119,71,183
119,71,191
119,71,199
119,71,207
119,71,215
119,71,223
119,71,231
119,71,239
119,71,247
119,71,255
119,79,0
119,79,7
119,79,15
119,79,23
119,79,31
119,79,39
119,79,47
119,79,55
119,79,63
119,79,71
119,79,79
119,79,87
119,79,95
119,79,103
119,79,111
119,79,119
119,79,127
119,79,135
119,79,143
119,79,151
119,79,159
119,79,167
119,79,175
119,79,183
119,79,191
119,79,199
119,79,207
119,79,215
119,79,223
119,79,231
119,79,239
119,79,247
119,79,255
119,87,0
119,87,7
119,87,15
119,87,23
119,87,31
119,87,39
119,87,47
119,87,55
119,87,63
119,87,71
119,87,79
119,87,87
119,87,95
119,87,103
119,87,111
119,87,119
119,87,127
119,87,135
119,87,143
119,87,151
119,87,159
119,87,167
119,87,175
119,87,183
119,87,191
119,87,199
119,87,207
119,87,215
119,87,223
119,87,231
119,87,239
119,87,247
119,87,255
119,95,0
119,95,7
119,95,15
119,95,23
119,95,31
119,95,39
119,95,47
119,95,55
119,95,63
119,95,71
119,95,79
119,95,87
119,95,95
119,95,103
119,95,111
119,95,119
119,95,127
119,95,135
119,95,143
119,95,151
119,95,159
119,95,167
119,95,175
119,95,183
119,95,191
119,95,199
119,95,207
119,95,215
119,95,223
119,95,231
119,95,239
119,95,247
119,95,255
119,103,0
119,103,7
119,103,15
119,103,23
119,103,31
119,103,39
119,103,47
119,103,55
119,103,63
119,103,71
119,103,79
119,103,87
119,103,95
119,103,103
119,103,111
119,103,119
119,103,127
119,103,135
119,103,143
119,103,151
119,103,159
119,103,167
119,103,175
119,103,183
119,103,191
119,103,199
119,103,207
119,103,215
119,103,223
119,103,231
119,103,239
119,103,247
119,103,255
119,111,0
119,111,7
119,111,15
119,111,23
119,111,31
119,111,39
119,111,47
119,111,55
119,111,63
119,111,71
119,111,79
119,111,87
119,111,95
119,111,103
119,111,111
119,111,119
119,111,127
119,111,135
119,111,143
119,111,151
119,111,159
119,111,167
119,111,175
119,111,183
119,111,191
119,111,199
119,111,207
119,111,215
119,111,223
119,111,231
119,111,239
119,111,247
119,111,255
119,119,0
119,119,7
119,119,15
119,119,23
119,119,31
119,119,39
119,119,47
119,119,55
119,119,63
119,119,71
119,119,79
119,119,87
119,119,95
119,119,103
119,119,111
119,119,119
119,119,127
119,119,135
119,119,143
119,119,151
119,119,159
119,119,167
119,119,175
119,119,183
119,119,191
119,119,199
119,119,207
119,119,215
119,119,223
119,119,231
119,119,239
119,119,247
119,119,255
119,127,0
119,127,7
119,127,15
119,127,23
119,127,31
119,127,39
119,127,47
119,127,55
119,127,63
119,127,71
119,127,79
119,127,87
119,127,95
119,127,103
119,127,111
119,127,119
119,127,127
119,127,135
119,127,143
119,127,151
119,127,159
119,127,167
119,127,175
119,127,183
119,127,191
119,127,199
119,127,207
119,127,215
119,127,223
119,127,231
119,127,239
119,127,247
119,127,255
119,135,0
119,135,7
119,135,15
119,135,23
119,135,31
119,135,39
119,135,47
119,135,55
119,135,63
119,135,71
119,135,79
119,135,87
119,135,95
119,135,103
119,135,111
119,135,119
119,135,127
119,135,135
119,135,143
119,135,151
119,135,159
119,135,167
119,135,175
119,135,183
119,135,191
119,135,199
119,135,207
119,135,215
119,135,223
119,135,231
119,135,239
119,135,247
119,135,255
119,143,0
119,143,7
119,143,15
119,143,23
119,143,31
119,143,39
119,143,47
119,143,55
119,143,63
119,143,71
119,143,79
119,143,87
119,143,95
119,143,103
119,143,111
119,143,119
119,143,127
119,143,135
119,143,143
119,143,151
119,143,159
119,143,167
119,143,175
119,143,183
119,143,191
119,143,199
119,143,207
119,143,215
119,143,223
119,143,231
119,143,239
119,143,247
119,143,255
119,151,0
119,151,7
119,151,15
119,151,23
119,151,31
119,151,39
119,151,47
119,151,55
119,151,63
119,151,71
119,151,79
119,151,87
119,151,95
119,151,103
119,151,111
119,151,119
119,151,127
119,151,135
119,151,143
119,151,151
119,151,159
119,151,167
119,151,175
119,151,183
119,151,191
119,151,199
119,151,207
119,151,215
119,151,223
119,151,231
119,151,239
119,151,247
119,151,255
119,159,0
119,159,7
119,159,15
119,159,23
119,159,31
119,159,39
119,159,47
119,159,55
119,159,63
119,159,71
119,159,79
119,159,87
119,159,95
119,159,103
119,159,111
119,159,119
119,159,127
119,159,135
119,159,143
119,159,151
119,159,159
119,159,167
119,159,175
119,159,183
119,159,191
119,159,199
119,159,207
119,159,215
119,159,223
119,159,231
119,159,239
119,159,247
119,159,255
119,167,0
119,167,7
119,167,15
119,167,23
119,167,31
119,167,39
119,167,47
119,167,55
119,167,63
119,167,71
119,167,79
119,167,87
119,167,95
119,167,103
119,167,111
119,167,119
119,167,127
119,167,135
119,167,143
119,167,151
119,167,159
119,167,167
119,167,175
119,167,183
119,167,191
119,167,199
119,167,207
119,167,215
119,167,223
119,167,231
119,167,239
119,167,247
119,167,255
119,175,0
119,175,7
119,175,15
119,175,23
119,175,31
119,175,39
119,175,47
119,175,55
119,175,63
119,175,71
119,175,79
119,175,87
119,175,95
119,175,103
119,175,111
119,175,119
119,175,127
119,175,135
119,175,143
119,175,151
119,175,159
119,175,167
119,175,175
119,175,183
119,175,191
119,175,199
119,175,207
119,175,215
119,175,223
119,175,231
119,175,239
119,175,247
119,175,255
119,183,0
119,183,7
119,183,15
119,183,23
119,183,31
119,183,39
119,183,47
119,183,55
119,183,63
119,183,71
119,183,79
119,183,87
119,183,95
119,183,103
119,183,111
119,183,119
119,183,127
119,183,135
119,183,143
119,183,151
119,183,159
119,183,167
119,183,175
119,183,183
119,183,191
119,183,199
119,183,207
119,183,215
119,183,223
119,183,231
119,183,239
119,183,247
119,183,255
119,191,0
119,191,7
119,191,15
119,191,23
119,191,31
119,191,39
119,191,47
119,191,55
119,191,63
119,191,71
119,191,79
119,191,87
119,191,95
119,191,103
119,191,111
119,191,119
119,191,127
119,191,135
119,191,143
119,191,151
119,191,159
119,191,167
119,191,175
119,191,183
119,191,191
119,191,199
119,191,207
119,191,215
119,191,223
119,191,231
119,191,239
119,191,247
119,191,255
119,199,0
119,199,7
119,199,15
119,199,23
119,199,31
119,199,39
119,199,47
119,199,55
119,199,63
119,199,71
119,199,79
119,199,87
119,199,95
119,199,103
119,199,111
119,199,119
119,199,127
119,199,135
119,199,143
119,199,151
119,199,159
119,199,167
119,199,175
119,199,183
119,199,191
119,199,199
119,199,207
119,199,215
119,199,223
119,199,231
119,199,239
119,199,247
119,199,255
119,207,0
119,207,7
119,207,15
119,207,23
119,207,31
119,207,39
119,207,47
119,207,55
119,207,63
119,207,71
119,207,79
119,207,87
119,207,95
119,207,103
119,207,111
119,207,119
119,207,127
119,207,135
119,207,143
119,207,151
119,207,159
119,207,167
119,207,175
119,207,183
119,207,191
119,207,199
119,207,207
119,207,215
119,207,223
119,207,231
119,207,239
119,207,247
119,207,255
119,215,0
119,215,7
119,215,15
119,215,23
119,215,31
119,215,39
119,215,47
119,215,55
119,215,63
119,215,71
119,215,79
119,215,87
119,215,95
119,215,103
119,215,111
119,215,119
119,215,127
119,215,135
119,215,143
119,215,151
119,215,159
119,215,167
119,215,175
119,215,183
119,215,191
119,215,199
119,215,207
119,215,215
119,215,223
119,215,231
119,215,239
119,215,247
119,215,255
119,223,0
119,223,7
119,223,15
119,223,23
119,223,31
119,223,39
119,223,47
119,223,55
119,223,63
119,223,71
119,223,79
119,223,87
119,223,95
119,223,103
119,223,111
119,223,119
119,223,127
119,223,135
119,223,143
119,223,151
119,223,159
119,223,167
119,223,175
119,223,183
119,223,191
119,223,199
119,223,207
119,223,215
119,223,223
119,223,231
119,223,239
119,223,247
119,223,255
119,231,0
119,231,7
119,231,15
119,231,23
119,231,31
119,231,39
119,231,47
119,231,55
119,231,63
119,231,71
119,231,79
119,231,87
119,231,95
119,231,103
119,231,111
119,231,119
119,231,127
119,231,135
119,231,143
119,231,151
119,231,159
119,231,167
119,231,175
119,231,183
119,231,191
119,231,199
119,231,207
119,231,215
119,231,223
119,231,231
119,231,239
119,231,247
119,231,255
119,239,0
119,239,7
119,239,15
119,239,23
119,239,31
119,239,39
119,239,47
119,239,55
119,239,63
119,239,71
119,239,79
119,239,87
119,239,95
119,239,103
119,239,111
119,239,119
119,239,127
119,239,135
119,239,143
119,239,151
119,239,159
119,239,167
119,239,175
119,239,183
119,239,191
119,239,199
119,239,207
119,239,215
119,239,223
119,239,231
119,239,239
119,239,247
119,239,255
119,247,0
119,247,7
119,247,15
119,247,23
119,247,31
119,247,39
119,247,47
119,247,55
119,247,63
119,247,71
119,247,79
119,247,87
119,247,95
119,247,103
119,247,111
119,247,119
119,247,127
119,247,135
119,247,143
119,247,151
119,247,159
119,247,167
119,247,175
119,247,183
119,247,191
119,247,199
119,247,207
119,247,215
119,247,223
119,247,231
119,247,239
119,247,247
119,247,255
119,255,0
119,255,7
119,255,15
119,255,23
119,255,31
119,255,39
119,255,47
119,255,55
119,255,63
119,255,71
119,255,79
119,255,87
119,255,95
119,255,103
119,255,111
119,255,119
119,255,127
119,255,135
119,255,143
119,255,151
119,255,159
119,255,167
119,255,175
119,255,183
119,255,191
119,255,199
119,255,207
119,255,215
119,255,223
119,255,231
119,255,239
119,255,247
119,255,255
127,0,0
127,0,7
127,0,15
127,0,23
127,0,31
127,0,39
127,0,47
127,0,55
127,0,63
127,0,71
127,0,79
127,0,87
127,0,95
127,0,103
127,0,111
127,0,119
127,0,127
127,0,135
127,0,143
127,0,151
127,0,159
127,0,167
127,0,175
127,0,183
127,0,191
127,0,199
127,0,207
127,0,215
127,0,223
127,0,231
127,0,239
127,0,247
127,0,255
127,7,0
127,7,7
127,7,15
127,7,23
127,7,31
127,7,39
127,7,47
127,7,55
127,7,63
127,7,71
127,7,79
127,7,87
127,7,95
127,7,103
127,7,111
127,7,119
127,7,127
127,7,135
127,7,143
127,7,151
127,7,159
127,7,167
127,7,175
127,7,183
127,7,191
127,7,199
127,7,207
127,7,215
127,7,223
127,7,231
127,7,239
127,7,247
127,7,255
127,15,0
127,15,7
127,15,15
127,15,23
127,15,31
127,15,39
127,15,47
127,15,55
127,15,63
127,15,71
127,15,79
127,15,87
127,15,95
127,15,103
127,15,111
127,15,119
127,15,127
127,15,135
127,15,143
127,15,151
127,15,159
127,15,167
127,15,175
127,15,183
127,15,191
127,15,199
127,15,207
127,15,215
127,15,223
127,15,231
127,15,239
127,15,247
127,15,255
127,23,0
127,23,7
127,23,15
127,23,23
127,23,31
127,23,39
127,23,47
127,23,55
127,23,63
127,23,71
127,23,79
127,23,87
127,23,95
127,23,103
127,23,111
127,23,119
127,23,127
127,23,135
127,23,143
127,23,151
127,23,159
127,23,167
127,23,175
127,23,183
127,23,191
127,23,199
127,23,207
127,23,215
127,23,223
127,23,231
127,23,239
127,23,247
127,23,255
127,31,0
127,31,7
127,31,15
127,31,23
127,31,31
127,31,39
127,31,47
127,31,55
127,31,63
127,31,71
127,31,79
127,31,87
127,31,95
127,31,103
127,31,111
127,31,119
127,31,127
127,31,135
127,31,143
127,31,151
127,31,159
127,31,167
127,31,175
127,31,183
127,31,191
127,31,199
127,31,207
127,31,215
127,31,223
127,31,231
127,31,239
127,31,247
127,31,255
127,39,0
127,39,7
127,39,15
127,39,23
127,39,31
127,39,39
127,39,47
127,39,55
127,39,63
127,39,71
127,39,79
127,39,87
127,39,95
127,39,103
127,39,111
127,39,119
127,39,127
127,39,135
127,39,143
127,39,151
127,39,159
127,39,167
127,39,175
127,39,183
127,39,191
127,39,199
127,39,207
127,39,215
127,39,223
127,39,231
127,39,239
127,39,247
127,39,255
127,47,0
127,47,7
127,47,15
127,47,23
127,47,31
127,47,39
127,47,47
127,47,55
127,47,63
127,47,71
127,47,79
127,47,87
127,47,95
127,47,103
127,47,111
127,47,119
127,47,127
127,47,135
127,47,143
127,47,151
127,47,159
127,47,167
127,47,175
127,47,183
127,47,191
127,47,199
127,47,207
127,47,215
127,47,223
127,47,231
127,47,239
127,47,247
127,47,255
127,55,0
127,55,7
127,55,15
127,55,23
127,55,31
127,55,39
127,55,47
127,55,55
127,55,63
127,55,71
127,55,79
127,55,87
127,55,95
127,55,103
127,55,111
127,55,119
127,55,127
127,55,135
127,55,143
127,55,151
127,55,159
127,55,167
127,55,175
127,55,183
127,55,191
127,55,199
127,55,207
127,55,215
127,55,223
127,55,231
127,55,239
127,55,247
127,55,255
127,63,0
127,63,7
127,63,15
127,63,23
127,63,31
127,63,39
127,63,47
127,63,55
127,63,63
127,63,71
127,63,79
127,63,87
127,63,95
127,63,103
127,63,111
127,63,119
127,63,127
127,63,135
127,63,143
127,63,151
127,63,159
127,63,167
127,63,175
127,63,183
127,63,191
127,63,199
127,63,207
127,63,215
127,63,223
127,63,231
127,63,239
127,63,247
127,63,255
127,71,0
127,71,7
127,71,15
127,71,23
127,71,31
127,71,39
127,71,47
127,71,55
127,71,63
127,71,71
127,71,79
127,71,87
127,71,95
127,71,103
127,71,111
127,71,119
127,71,127
127,71,135
127,71,143
127,71,151
127,71,159
127,71,167
127,71,175
127,71,183
127,71,191
127,71,199
127,71,207
127,71,215
127,71,223
127,71,231
127,71,239
127,71,247
127,71,255
127,79,0
127,79,7
127,79,15
127,79,23
127,79,31
127,79,39
127,79,47
127,79,55
127,79,63
127,79,71
127,79,79
127,79,87
127,79,95
127,79,103
127,79,111
127,79,119
127,79,127
127,79,135
127,79,143
127,79,151
127,79,159
127,79,167
127,79,175
127,79,183
127,79,191
127,79,199
127,79,207
127,79,215
127,79,223
127,79,231
127,79,239
127,79,247
127,79,255
127,87,0
127,87,7
127,87,15
127,87,23
127,87,31
127,87,39
127,87,47
127,87,55
127,87,63
127,87,71
127,87,79
127,87,87
127,87,95
127,87,103
127,87,111
127,87,119
127,87,127
127,87,135
127,87,143
127,87,151
127,87,159
127,87,167
127,87,175
127,87,183
127,87,191
127,87,199
127,87,207
127,87,215
127,87,223
127,87,231
127,87,239
127,87,247
127,87,255
127,95,0
127,95,7
127,95,15
127,95,23
127,95,31
127,95,39
127,95,47
127,95,55
127,95,63
127,95,71
127,95,79
127,95,87
127,95,95
127,95,103
127,95,111
127,95,119
127,95,127
127,95,135
127,95,143
127,95,151
127,95,159
127,95,167
127,95,175
127,95,183
127,95,191
127,95,199
127,95,207
127,95,215
127,95,223
127,95,231
127,95,239
127,95,247
127,95,255
127,103,0
127,103,7
127,103,15
127,103,23
127,103,31
127,103,39
127,103,47
127,103,55
127,103,63
127,103,71
127,103,79
127,103,87
127,103,95
127,103,103
127,103,111
127,103,119
127,103,127
127,103,135
127,103,143
127,103,151
127,103,159
127,103,167
127,103,175
127,103,183
127,103,191
127,103,199
127,103,207
127,103,215
127,103,223
127,103,231
127,103,239
127,103,247
127,103,255
127,111,0
127,111,7
127,111,15
127,111,23
127,111,31
127,111,39
127,111,47
127,111,55
127,111,63
127,111,71
127,111,79
127,111,87
127,111,95
127,111,103
127,111,111
127,111,119
127,111,127
127,111,135
127,111,143
127,111,151
127,111,159
127,111,167
127,111,175
127,111,183
127,111,191
127,111,199
127,111,207
127,111,215
127,111,223
127,111,231
127,111,239
127,111,247
127,111,255
127,119,0
127,119,7
127,119,15
127,119,23
127,119,31
127,119,39
127,119,47
127,119,55
127,119,63
127,119,71
127,119,79
127,119,87
127,119,95
127,119,103
127,119,111
127,119,119
127,119,127
127,119,135
127,119,143
127,119,151
127,119,159
127,119,167
127,119,175
127,119,183
127,119,191
127,119,199
127,119,207
127,119,215
127,119,223
127,119,231
127,119,239
127,119,247
127,119,255
127,127,0
127,127,7
127,127,15
127,127,23
127,127,31
127,127,39
127,127,47
127,127,55
127,127,63
127,127,71
127,127,79
127,127,87
127,127,95
127,127,103
127,127,111
127,127,119
127,127,127
127,127,135
127,127,143
127,127,151
127,127,159
127,127,167
127,127,175
127,127,183
127,127,191
127,127,199
127,127,207
127,127,215
127,127,223
127,127,231
127,127,239
127,127,247
127,127,255
127,135,0
127,135,7
127,135,15
127,135,23
127,135,31
127,135,39
127,135,47
127,135,55
127,135,63
127,135,71
127,135,79
127,135,87
127,135,95
127,135,103
127,135,111
127,135,119
127,135,127
127,135,135
127,135,143
127,135,151
127,135,159
127,135,167
127,135,175
127,135,183
127,135,191
127,135,199
127,135,207
127,135,215
127,135,223
127,135,231
127,135,239
127,135,247
127,135,255
127,143,0
127,143,7
127,143,15
127,143,23
127,143,31
127,143,39
127,143,47
127,143,55
127,143,63
127,143,71
127,143,79
127,143,87
127,143,95
127,143,103
127,143,111
127,143,119
127,143,127
127,143,135
127,143,143
127,143,151
127,143,159
127,143,167
127,143,175
127,143,183
127,143,191
127,143,199
127,143,207
127,143,215
127,143,223
127,143,231
127,143,239
127,143,247
127,143,255
127,151,0
127,151,7
127,151,15
127,151,23
127,151,31
127,151,39
127,151,47
127,151,55
127,151,63
127,151,71
127,151,79
127,151,87
127,151,95
127,151,103
127,151,111
127,151,119
127,151,127
127,151,135
127,151,143
127,151,151
127,151,159
127,151,167
127,151,175
127,151,183
127,151,191
127,151,199
127,151,207
127,151,215
127,151,223
127,151,231
127,151,239
127,151,247
127,151,255
127,159,0
127,159,7
127,159,15
127,159,23
127,159,31
127,159,39
127,159,47
127,159,55
127,159,63
127,159,71
127,159,79
127,159,87
127,159,95
127,159,103
127,159,111
127,159,119
127,159,127
127,159,135
127,159,143
127,159,151
127,159,159
127,159,167
127,159,175
127,159,183
127,159,191
127,159,199
127,159,207
127,159,215
127,159,223
127,159,231
127,159,239
127,159,247
127,159,255
127,167,0
127,167,7
127,167,15
127,167,23
127,167,31
127,167,39
127,167,47
127,167,55
127,167,63
127,167,71
127,167,79
127,167,87
127,167,95
127,167,103
127,167,111
127,167,119
127,167,127
127,167,135
127,167,143
127,167,151
127,167,159
127,167,167
127,167,175
127,167,183
127,167,191
127,167,199
127,167,207
127,167,215
127,167,223
127,167,231
127,167,239
127,167,247
127,167,255
127,175,0
127,175,7
127,175,15
127,175,23
127,175,31
127,175,39
127,175,47
127,175,55
127,175,63
127,175,71
127,175,79
127,175,87
127,175,95
127,175,103
127,175,111
127,175,119
127,175,127
127,175,135
127,175,143
127,175,151
127,175,159
127,175,167
127,175,175
127,175,183
127,175,191
127,175,199
127,175,207
127,175,215
127,175,223
127,175,231
127,175,239
127,175,247
127,175,255
127,183,0
127,183,7
127,183,15
127,183,23
127,183,31
127,183,39
127,183,47
127,183,55
127,183,63
127,183,71
127,183,79
127,183,87
127,183,95
127,183,103
127,183,111
127,183,119
127,183,127
127,183,135
127,183,143
127,183,151
127,183,159
127,183,167
127,183,175
127,183,183
127,183,191
127,183,199
127,183,207
127,183,215
127,183,223
127,183,231
127,183,239
127,183,247
127,183,255
127,191,0
127,191,7
127,191,15
127,191,23
127,191,31
127,191,39
127,191,47
127,191,55
127,191,63
127,191,71
127,191,79
127,191,87
127,191,95
127,191,103
127,191,111
127,191,119
127,191,127
127,191,135
127,191,143
127,191,151
127,191,159
127,191,167
127,191,175
127,191,183
127,191,191
127,191,199
127,191,207
127,191,215
127,191,223
127,191,231
127,191,239
127,191,247
127,191,255
127,199,0
127,199,7
127,199,15
127,199,23
127,199,31
127,199,39
127,199,47
127,199,55
127,199,63
127,199,71
127,199,79
127,199,87
127,199,95
127,199,103
127,199,111
127,199,119
127,199,127
127,199,135
127,199,143
127,199,151
127,199,159
127,199,167
127,199,175
127,199,183
127,199,191
127,199,199
127,199,207
127,199,215
127,199,223
127,199,231
127,199,239
127,199,247
127,199,255
127,207,0
127,207,7
127,207,15
127,207,23
127,207,31
127,207,39
127,207,47
127,207,55
127,207,63
127,207,71
127,207,79
127,207,87
127,207,95
127,207,103
127,207,111
127,207,119
127,207,127
127,207,135
127,207,143
127,207,151
127,207,159
127,207,167
127,207,175
127,207,183
127,207,191
127,207,199
127,207,207
127,207,215
127,207,223
127,207,231
127,207,239
127,207,247
127,207,255
127,215,0
127,215,7
127,215,15
127,215,23
127,215,31
127,215,39
127,215,47
127,215,55
127,215,63
127,215,71
127,215,79
127,215,87
127,215,95
127,215,103
127,215,111
127,215,119
127,215,127
127,215,135
127,215,143
127,215,151
127,215,159
127,215,167
127,215,175
127,215,183
127,215,191
127,215,199
127,215,207
127,215,215
127,215,223
127,215,231
127,215,239
127,215,247
127,215,255
127,223,0
127,223,7
127,223,15
127,223,23
127,223,31
127,223,39
127,223,47
127,223,55
127,223,63
127,223,71
127,223,79
127,223,87
127,223,95
127,223,103
127,223,111
127,223,119
127,223,127
127,223,135
127,223,143
127,223,151
127,223,159
127,223,167
127,223,175
127,223,183
127,223,191
127,223,199
127,223,207
127,223,215
127,223,223
127,223,231
127,223,239
127,223,247
127,223,255
127,231,0
127,231,7
127,231,15
127,231,23
127,231,31
127,231,39
127,231,47
127,231,55
127,231,63
127,231,71
127,231,79
127,231,87
127,231,95
127,231,103
127,231,111
127,231,119
127,231,127
127,231,135
127,231,143
127,231,151
127,231,159
127,231,167
127,231,175
127,231,183
127,231,191
127,231,199
127,231,207
127,231,215
127,231,223
127,231,231
127,231,239
127,231,247
127,231,255
127,239,0
127,239,7
127,239,15
127,239,23
127,239,31
127,239,39
127,239,47
127,239,55
127,239,63
127,239,71
127,239,79
127,239,87
127,239,95
127,239,103
127,239,111
127,239,119
127,239,127
127,239,135
127,239,143
127,239,151
127,239,159
127,239,167
127,239,175
127,239,183
127,239,191
127,239,199
127,239,207
127,239,215
127,239,223
127,239,231
127,239,239
127,239,247
127,239,255
127,247,0
127,247,7
127,247,15
127,247,23
127,247,31
127,247,39
127,247,47
127,247,55
127,247,63
127,247,71
127,247,79
127,247,87
127,247,95
127,247,103
127,247,111
127,247,119
127,247,127
127,247,135
127,247,143
127,247,151
127,247,159
127,247,167
127,247,175
127,247,183
127,247,191
127,247,199
127,247,207
127,247,215
127,247,223
127,247,231
127,247,239
127,247,247
127,247,255
127,255,0
127,255,7
127,255,15
127,255,23
127,255,31
127,255,39
127,255,47
127,255,55
127,255,63
127,255,71
127,255,79
127,255,87
127,255,95
127,255,103
127,255,111
127,255,119
127,255,127
127,255,135
127,255,143
127,255,151
127,255,159
127,255,167
127,255,175
127,255,183
127,255,191
127,255,199
127,255,207
127,255,215
127,255,223
127,255,231
127,255,239
127,255,247
127,255,255
135,0,0
135,0,7
135,0,15
135,0,23
135,0,31
135,0,39
135,0,47
135,0,55
135,0,63
135,0,71
135,0,79
135,0,87
135,0,95
135,0,103
135,0,111
135,0,119
135,0,127
135,0,135
135,0,143
135,0,151
135,0,159
135,0,167
135,0,175
135,0,183
135,0,191
135,0,199
135,0,207
135,0,215
135,0,223
135,0,231
135,0,239
135,0,247
135,0,255
135,7,0
135,7,7
135,7,15
135,7,23
135,7,31
135,7,39
135,7,47
135,7,55
135,7,63
135,7,71
135,7,79
135,7,87
135,7,95
135,7,103
135,7,111
135,7,119
135,7,127
135,7,135
135,7,143
135,7,151
135,7,159
135,7,167
135,7,175
135,7,183
135,7,191
135,7,199
135,7,207
135,7,215
135,7,223
135,7,231
135,7,239
135,7,247
135,7,255
135,15,0
135,15,7
135,15,15
135,15,23
135,15,31
135,15,39
135,15,47
135,15,55
135,15,63
135,15,71
135,15,79
135,15,87
135,15,95
135,15,103
135,15,111
135,15,119
135,15,127
135,15,135
135,15,143
135,15,151
135,15,159
135,15,167
135,15,175
135,15,183
135,15,191
135,15,199
135,15,207
135,15,215
135,15,223
135,15,231
135,15,239
135,15,247
135,15,255
135,23,0
135,23,7
135,23,15
135,23,23
135,23,31
135,23,39
135,23,47
135,23,55
135,23,63
135,23,71
135,23,79
135,23,87
135,23,95
135,23,103
135,23,111
135,23,119
135,23,127
135,23,135
135,23,143
135,23,151
135,23,159
135,23,167
135,23,175
135,23,183
135,23,191
135,23,199
135,23,207
135,23,215
135,23,223
135,23,231
135,23,239
135,23,247
135,23,255
135,31,0
135,31,7
135,31,15
135,31,23
135,31,31
135,31,39
135,31,47
135,31,55
135,31,63
135,31,71
135,31,79
135,31,87
135,31,95
135,31,103
135,31,111
135,31,119
135,31,127
135,31,135
135,31,143
135,31,151
135,31,159
135,31,167
135,31,175
135,31,183
135,31,191
135,31,199
135,31,207
135,31,215
135,31,223
135,31,231
135,31,239
135,31,247
135,31,255
135,39,0
135,39,7
135,39,15
135,39,23
135,39,31
135,39,39
135,39,47
135,39,55
135,39,63
135,39,71
135,39,79
135,39,87
135,39,95
135,39,103
135,39,111
135,39,119
135,39,127
135,39,135
135,39,143
135,39,151
135,39,159
135,39,167
135,39,175
135,39,183
135,39,191
135,39,199
135,39,207
135,39,215
135,39,223
135,39,231
135,39,239
135,39,247
135,39,255
135,47,0
135,47,7
135,47,15
135,47,23
135,47,31
135,47,39
135,47,47
135,47,55
135,47,63
135,47,71
135,47,79
135,47,87
135,47,95
135,47,103
135,47,111
135,47,119
135,47,127
135,47,135
135,47,143
135,47,151
135,47,159
135,47,167
135,47,175
135,47,183
135,47,191
135,47,199
135,47,207
135,47,215
135,47,223
135,47,231
135,47,239
135,47,247
135,47,255
135,55,0
135,55,7
135,55,15
135,55,23
135,55,31
135,55,39
135,55,47
135,55,55
135,55,63
135,55,71
135,55,79
135,55,87
135,55,95
135,55,103
135,55,111
135,55,119
135,55,127
135,55,135
135,55,143
135,55,151
135,55,159
135,55,167
135,55,175
135,55,183
135,55,191
135,55,199
135,55,207
135,55,215
135,55,223
135,55,231
135,55,239
135,55,247
135,55,255
135,63,0
135,63,7
135,63,15
135,63,23
135,63,31
135,63,39
135,63,47
135,63,55
135,63,63
135,63,71
135,63,79
135,63,87
135,63,95
135,63,103
135,63,111
135,63,119
135,63,127
135,63,135
135,63,143
135,63,151
135,63,159
135,63,167
135,63,175
135,63,183
135,63,191
135,63,199
135,63,207
135,63,215
135,63,223
135,63,231
135,63,239
135,63,247
135,63,255
135,71,0
135,71,7
135,71,15
135,71,23
135,71,31
135,71,39
135,71,47
135,71,55
135,71,63
135,71,71
135,71,79
135,71,87
135,71,95
135,71,103
135,71,111
135,71,119
135,71,127
135,71,135
135,71,143
135,71,151
135,71,159
135,71,167
135,71,175
135,71,183
135,71,191
135,71,199
135,71,207
135,71,215
135,71,223
135,71,231
135,71,239
135,71,247
135,71,255
135,79,0
135,79,7
135,79,15
135,79,23
135,79,31
135,79,39
135,79,47
135,79,55
135,79,63
135,79,71
135,79,79
135,79,87
135,79,95
135,79,103
135,79,111
135,79,119
135,79,127
135,79,135
135,79,143
135,79,151
135,79,159
135,79,167
135,79,175
135,79,183
135,79,191
135,79,199
135,79,207
135,79,215
135,79,223
135,79,231
135,79,239
135,79,247
135,79,255
135,87,0
135,87,7
135,87,15
135,87,23
135,87,31
135,87,39
135,87,47
135,87,55
135,87,63
135,87,71
135,87,79
135,87,87
135,87,95
135,87,103
135,87,111
135,87,119
135,87,127
135,87,135
135,87,143
135,87,151
135,87,159
135,87,167
135,87,175
135,87,183
135,87,191
135,87,199
135,87,207
135,87,215
135,87,223
135,87,231
135,87,239
135,87,247
135,87,255
135,95,0
135,95,7
135,95,15
135,95,23
135,95,31
135,95,39
135,95,47
135,95,55
135,95,63
135,95,71
135,95,79
135,95,87
135,95,95
135,95,103
135,95,111
135,95,119
135,95,127
135,95,135
135,95,143
135,95,151
135,95,159
135,95,167
135,95,175
135,95,183
135,95,191
135,95,199
135,95,207
135,95,215
135,95,223
135,95,231
135,95,239
135,95,247
135,95,255
135,103,0
135,103,7
135,103,15
135,103,23
135,103,31
135,103,39
135,103,47
135,103,55
135,103,63
135,103,71
135,103,79
135,103,87
135,103,95
135,103,103
135,103,111
135,103,119
135,103,127
135,103,135
135,103,143
135,103,151
135,103,159
135,103,167
135,103,175
135,103,183
135,103,191
135,103,199
135,103,207
135,103,215
135,103,223
135,103,231
135,103,239
135,103,247
135,103,255
135,111,0
135,111,7
135,111,15
135,111,23
135,111,31
135,111,39
135,111,47
135,111,55
135,111,63
135,111,71
135,111,79
135,111,87
135,111,95
135,111,103
135,111,111
135,111,119
135,111,127
135,111,135
135,111,143
135,111,151
135,111,159
135,111,167
135,111,175
135,111,183
135,111,191
135,111,199
135,111,207
135,111,215
135,111,223
135,111,231
135,111,239
135,111,247
135,111,255
135,119,0
135,119,7
135,119,15
135,119,23
135,119,31
135,119,39
135,119,47
135,119,55
135,119,63
135,119,71
135,119,79
135,119,87
135,119,95
135,119,103
135,119,111
135,119,119
135,119,127
135,119,135
135,119,143
135,119,151
135,119,159
135,119,167
135,119,175
135,119,183
135,119,191
135,119,199
135,119,207
135,119,215
135,119,223
135,119,231
135,119,239
135,119,247
135,119,255
135,127,0
135,127,7
135,127,15
135,127,23
135,127,31
135,127,39
135,127,47
135,127,55
135,127,63
135,127,71
135,127,79
135,127,87
135,127,95
135,127,103
135,127,111
135,127,119
135,127,127
135,127,135
135,127,143
135,127,151
135,127,159
135,127,167
135,127,175
135,127,183
135,127,191
135,127,199
135,127,207
135,127,215
135,127,223
135,127,231
135,127,239
135,127,247
135,127,255
135,135,0
135,135,7
135,135,15
135,135,23
135,135,31
135,135,39
135,135,47
135,135,55
135,135,63
135,135,71
135,135,79
135,135,87
135,135,95
135,135,103
135,135,111
135,135,119
135,135,127
135,135,135
135,135,143
135,135,151
135,135,159
135,135,167
135,135,175
135,135,183
135,135,191
135,135,199
135,135,207
135,135,215
135,135,223
135,135,231
135,135,239
135,135,247
135,135,255
135,143,0
135,143,7
135,143,15
135,143,23
135,143,31
135,143,39
135,143,47
135,143,55
135,143,63
135,143,71
135,143,79
135,143,87
135,143,95
135,143,103
135,143,111
135,143,119
135,143,127
135,143,135
135,143,143
135,143,151
135,143,159
135,143,167
135,143,175
135,143,183
135,143,191
135,143,199
135,143,207
135,143,215
135,143,223
135,143,231
135,143,239
135,143,247
135,143,255
135,151,0
135,151,7
135,151,15
135,151,23
135,151,31
135,151,39
135,151,47
135,151,55
135,151,63
135,151,71
135,151,79
135,151,87
135,151,95
135,151,103
135,151,111
135,151,119
135,151,127
135,151,135
135,151,143
135,151,151
135,151,159
135,151,167
135,151,175
135,151,183
135,151,191
135,151,199
135,151,207
135,151,215
135,151,223
135,151,231
135,151,239
135,151,247
135,151,255
135,159,0
135,159,7
135,159,15
135,159,23
135,159,31
135,159,39
135,159,47
135,159,55
135,159,63
135,159,71
135,159,79
135,159,87
135,159,95
135,159,103
135,159,111
135,159,119
135,159,127
135,159,135
135,159,143
135,159,151
135,159,159
135,159,167
135,159,175
135,159,183
135,159,191
135,159,199
135,159,207
135,159,215
135,159,223
135,159,231
135,159,239
135,159,247
135,159,255
135,167,0
135,167,7
135,167,15
135,167,23
135,167,31
135,167,39
135,167,47
135,167,55
135,167,63
135,167,71
135,167,79
135,167,87
135,167,95
135,167,103
135,167,111
135,167,119
135,167,127
135,167,135
135,167,143
135,167,151
135,167,159
135,167,167
135,167,175
135,167,183
135,167,191
135,167,199
135,167,207
135,167,215
135,167,223
135,167,231
135,167,239
135,167,247
135,167,255
135,175,0
135,175,7
135,175,15
135,175,23
135,175,31
135,175,39
135,175,47
135,175,55
135,175,63
135,175,71
135,175,79
135,175,87
135,175,95
135,175,103
135,175,111
135,175,119
135,175,127
135,175,135
135,175,143
135,175,151
135,175,159
135,175,167
135,175,175
135,175,183
135,175,191
135,175,199
135,175,207
135,175,215
135,175,223
135,175,231
135,175,239
135,175,247
135,175,255
135,183,0
135,183,7
135,183,15
135,183,23
135,183,31
135,183,39
135,183,47
135,183,55
135,183,63
135,183,71
135,183,79
135,183,87
135,183,95
135,183,103
135,183,111
135,183,119
135,183,127
135,183,135
135,183,143
135,183,151
135,183,159
135,183,167
135,183,175
135,183,183
135,183,191
135,183,199
135,183,207
135,183,215
135,183,223
135,183,231
135,183,239
135,183,247
135,183,255
135,191,0
135,191,7
135,191,15
135,191,23
135,191,31
135,191,39
135,191,47
135,191,55
135,191,63
135,191,71
135,191,79
135,191,87
135,191,95
135,191,103
135,191,111
135,191,119
135,191,127
135,191,135
135,191,143
135,191,151
135,191,159
135,191,167
135,191,175
135,191,183
135,191,191
135,191,199
135,191,207
135,191,215
135,191,223
135,191,231
135,191,239
135,191,247
135,191,255
135,199,0
135,199,7
135,199,15
135,199,23
135,199,31
135,199,39
135,199,47
135,199,55
135,199,63
135,199,71
135,199,79
135,199,87
135,199,95
135,199,103
135,199,111
135,199,119
135,199,127
135,199,135
135,199,143
135,199,151
135,199,159
135,199,167
135,199,175
135,199,183
135,199,191
135,199,199
135,199,207
135,199,215
135,199,223
135,199,231
135,199,239
135,199,247
135,199,255
135,207,0
135,207,7
135,207,15
135,207,23
135,207,31
135,207,39
135,207,47
135,207,55
135,207,63
135,207,71
135,207,79
135,207,87
135,207,95
135,207,103
135,207,111
135,207,119
135,207,127
135,207,135
135,207,143
135,207,151
135,207,159
135,207,167
135,207,175
135,207,183
135,207,191
135,207,199
135,207,207
135,207,215
135,207,223
135,207,231
135,207,239
135,207,247
135,207,255
135,215,0
135,215,7
135,215,15
135,215,23
135,215,31
135,215,39
135,215,47
135,215,55
135,215,63
135,215,71
135,215,79
135,215,87
135,215,95
135,215,103
135,215,111
135,215,119
135,215,127
135,215,135
135,215,143
135,215,151
135,215,159
135,215,167
135,215,175
135,215,183
135,215,191
135,215,199
135,215,207
135,215,215
135,215,223
135,215,231
135,215,239
135,215,247
135,215,255
135,223,0
135,223,7
135,223,15
135,223,23
135,223,31
135,223,39
135,223,47
135,223,55
135,223,63
135,223,71
135,223,79
135,223,87
135,223,95
135,223,103
135,223,111
135,223,119
135,223,127
135,223,135
135,223,143
135,223,151
135,223,159
135,223,167
135,223,175
135,223,183
135,223,191
135,223,199
135,223,207
135,223,215
135,223,223
135,223,231
135,223,239
135,223,247
135,223,255
135,231,0
135,231,7
135,231,15
135,231,23
135,231,31
135,231,39
135,231,47
135,231,55
135,231,63
135,231,71
135,231,79
135,231,87
135,231,95
135,231,103
135,231,111
135,231,119
135,231,127
135,231,135
135,231,143
135,231,151
135,231,159
135,231,167
135,231,175
135,231,183
135,231,191
135,231,199
135,231,207
135,231,215
135,231,223
135,231,231
135,231,239
135,231,247
135,231,255
135,239,0
135,239,7
135,239,15
135,239,23
135,239,31
135,239,39
135,239,47
135,239,55
135,239,63
135,239,71
135,239,79
135,239,87
135,239,95
135,239,103
135,239,111
135,239,119
135,239,127
135,239,135
135,239,143
135,239,151
135,239,159
135,239,167
135,239,175
135,239,183
135,239,191
135,239,199
135,239,207
135,239,215
135,239,223
135,239,231
135,239,239
135,239,247
135,239,255
135,247,0
135,247,7
135,247,15
135,247,23
135,247,31
135,247,39
135,247,47
135,247,55
135,247,63
135,247,71
135,247,79
135,247,87
135,247,95
135,247,103
135,247,111
135,247,119
135,247,127
135,247,135
135,247,143
135,247,151
135,247,159
135,247,167
135,247,175
135,247,183
135,247,191
135,247,199
135,247,207
135,247,215
135,247,223
135,247,231
135,247,239
135,247,247
135,247,255
135,255,0
135,255,7
135,255,15
135,255,23
135,255,31
135,255,39
135,255,47
135,255,55
135,255,63
135,255,71
135,255,79
135,255,87
135,255,95
135,255,103
135,255,111
135,255,119
135,255,127
135,255,135
135,255,143
135,255,151
135,255,159
135,255,167
135,255,175
135,255,183
135,255,191
135,255,199
135,255,207
135,255,215
135,255,223
135,255,231
135,255,239
135,255,247
135,255,255
143,0,0
143,0,7
143,0,15
143,0,23
143,0,31
143,0,39
143,0,47
143,0,55
143,0,63
143,0,71
143,0,79
143,0,87
143,0,95
143,0,103
143,0,111
143,0,119
143,0,127
143,0,135
143,0,143
143,0,151
143,0,159
143,0,167
143,0,175
143,0,183
143,0,191
143,0,199
143,0,207
143,0,215
143,0,223
143,0,231
143,0,239
143,0,247
143,0,255
143,7,0
143,7,7
143,7,15
143,7,23
143,7,31
143,7,39
143,7,47
143,7,55
143,7,63
143,7,71
143,7,79
143,7,87
143,7,95
143,7,103
143,7,111
143,7,119
143,7,127
143,7,135
143,7,143
143,7,151
143,7,159
143,7,167
143,7,175
143,7,183
143,7,191
143,7,199
143,7,207
143,7,215
143,7,223
143,7,231
143,7,239
143,7,247
143,7,255
143,15,0
143,15,7
143,15,15
143,15,23
143,15,31
143,15,39
143,15,47
143,15,55
143,15,63
143,15,71
143,15,79
143,15,87
143,15,95
143,15,103
143,15,111
143,15,119
143,15,127
143,15,135
143,15,143
143,15,151
143,15,159
143,15,167
143,15,175
143,15,183
143,15,191
143,15,199
143,15,207
143,15,215
143,15,223
143,15,231
143,15,239
143,15,247
143,15,255
143,23,0
143,23,7
143,23,15
143,23,23
143,23,31
143,23,39
143,23,47
143,23,55
143,23,63
143,23,71
143,23,79
143,23,87
143,23,95
143,23,103
143,23,111
143,23,119
143,23,127
143,23,135
143,23,143
143,23,151
143,23,159
143,23,167
143,23,175
143,23,183
143,23,191
143,23,199
143,23,207
143,23,215
143,23,223
143,23,231
143,23,239
143,23,247
143,23,255
143,31,0
143,31,7
143,31,15
143,31,23
143,31,31
143,31,39
143,31,47
143,31,55
143,31,63
143,31,71
143,31,79
143,31,87
143,31,95
143,31,103
143,31,111
143,31,119
143,31,127
143,31,135
143,31,143
143,31,151
143,31,159
143,31,167
143,31,175
143,31,183
143,31,191
143,31,199
143,31,207
143,31,215
143,31,223
143,31,231
143,31,239
143,31,247
143,31,255
143,39,0
143,39,7
143,39,15
143,39,23
143,39,31
143,39,39
143,39,47
143,39,55
143,39,63
143,39,71
143,39,79
143,39,87
143,39,95
143,39,103
143,39,111
143,39,119
143,39,127
143,39,135
143,39,143
143,39,151
143,39,159
143,39,167
143,39,175
143,39,183
143,39,191
143,39,199
143,39,207
143,39,215
143,39,223
143,39,231
143,39,239
143,39,247
143,39,255
143,47,0
143,47,7
143,47,15
143,47,23
143,47,31
143,47,39
143,47,47
143,47,55
143,47,63
143,47,71
143,47,79
143,47,87
143,47,95
143,47,103
143,47,111
143,47,119
143,47,127
143,47,135
143,47,143
143,47,151
143,47,159
143,47,167
143,47,175
143,47,183
143,47,191
143,47,199
143,47,207
143,47,215
143,47,223
143,47,231
143,47,239
143,47,247
143,47,255
143,55,0
143,55,7
143,55,15
143,55,23
143,55,31
143,55,39
143,55,47
143,55,55
143,55,63
143,55,71
143,55,79
143,55,87
143,55,95
143,55,103
143,55,111
143,55,119
143,55,127
143,55,135
143,55,143
143,55,151
143,55,159
143,55,167
143,55,175
143,55,183
143,55,191
143,55,199
143,55,207
143,55,215
143,55,223
143,55,231
143,55,239
143,55,247
143,55,255
143,63,0
143,63,7
143,63,15
143,63,23
143,63,31
143,63,39
143,63,47
143,63,55
143,63,63
143,63,71
143,63,79
143,63,87
143,63,95
143,63,103
143,63,111
143,63,119
143,63,127
143,63,135
143,63,143
143,63,151
143,63,159
143,63,167
143,63,175
143,63,183
143,63,191
143,63,199
143,63,207
143,63,215
143,63,223
143,63,231
143,63,239
143,63,247
143,63,255
143,71,0
143,71,7
143,71,15
143,71,23
143,71,31
143,71,39
143,71,47
143,71,55
143,71,63
143,71,71
143,71,79
143,71,87
143,71,95
143,71,103
143,71,111
143,71,119
143,71,127
143,71,135
143,71,143
143,71,151
143,71,159
143,71,167
143,71,175
143,71,183
143,71,191
143,71,199
143,71,207
143,71,215
143,71,223
143,71,231
143,71,239
143,71,247
143,71,255
143,79,0
143,79,7
143,79,15
143,79,23
143,79,31
143,79,39
143,79,47
143,79,55
143,79,63
143,79,71
143,79,79
143,79,87
143,79,95
143,79,103
143,79,111
143,79,119
143,79,127
143,79,135
143,79,143
143,79,151
143,79,159
143,79,167
143,79,175
143,79,183
143,79,191
143,79,199
143,79,207
143,79,215
143,79,223
143,79,231
143,79,239
143,79,247
143,79,255
143,87,0
143,87,7
143,87,15
143,87,23
143,87,31
143,87,39
143,87,47
143,87,55
143,87,63
143,87,71
143,87,79
143,87,87
143,87,95
143,87,103
143,87,111
143,87,119
143,87,127
143,87,135
143,87,143
143,87,151
143,87,159
143,87,167
143,87,175
143,87,183
143,87,191
143,87,199
143,87,207
143,87,215
143,87,223
143,87,231
143,87,239
143,87,247
143,87,255
143,95,0
143,95,7
143,95,15
143,95,23
143,95,31
143,95,39
143,95,47
143,95,55
143,95,63
143,95,71
143,95,79
143,95,87
143,95,95
143,95,103
143,95,111
143,95,119
143,95,127
143,95,135
143,95,143
143,95,151
143,95,159
143,95,167
143,95,175
143,95,183
143,95,191
143,95,199
143,95,207
143,95,215
143,95,223
143,95,231
143,95,239
143,95,247
143,95,255
143,103,0
143,103,7
143,103,15
143,103,23
143,103,31
143,103,39
143,103,47
143,103,55
143,103,63
143,103,71
143,103,79
143,103,87
143,103,95
143,103,103
143,103,111
143,103,119
143,103,127
143,103,135
143,103,143
143,103,151
143,103,159
143,103,167
143,103,175
143,103,183
143,103,191
143,103,199
143,103,207
143,103,215
143,103,223
143,103,231
143,103,239
143,103,247
143,103,255
143,111,0
143,111,7
143,111,15
143,111,23
143,111,31
143,111,39
143,111,47
143,111,55
143,111,63
143,111,71
143,111,79
143,111,87
143,111,95
143,111,103
143,111,111
143,111,119
143,111,127
143,111,135
143,111,143
143,111,151
143,111,159
143,111,167
143,111,175
143,111,183
143,111,191
143,111,199
143,111,207
143,111,215
143,111,223
143,111,231
143,111,239
143,111,247
143,111,255
143,119,0
143,119,7
143,119,15
143,119,23
143,119,31
143,119,39
143,119,47
143,119,55
143,119,63
143,119,71
143,119,79
143,119,87
143,119,95
143,119,103
143,119,111
143,119,119
143,119,127
143,119,135
143,119,143
143,119,151
143,119,159
143,119,167
143,119,175
143,119,183
143,119,191
143,119,199
143,119,207
143,119,215
143,119,223
143,119,231
143,119,239
143,119,247
143,119,255
143,127,0
143,127,7
143,127,15
143,127,23
143,127,31
143,127,39
143,127,47
143,127,55
143,127,63
143,127,71
143,127,79
143,127,87
143,127,95
143,127,103
143,127,111
143,127,119
143,127,127
143,127,135
143,127,143
143,127,151
143,127,159
143,127,167
143,127,175
143,127,183
143,127,191
143,127,199
143,127,207
143,127,215
143,127,223
143,127,231
143,127,239
143,127,247
143,127,255
143,135,0
143,135,7
143,135,15
143,135,23
143,135,31
143,135,39
143,135,47
143,135,55
143,135,63
143,135,71
143,135,79
143,135,87
143,135,95
143,135,103
143,135,111
143,135,119
143,135,127
143,135,135
143,135,143
143,135,151
143,135,159
143,135,167
143,135,175
143,135,183
143,135,191
143,135,199
143,135,207
143,135,215
143,135,223
143,135,231
143,135,239
143,135,247
143,135,255
143,143,0
143,143,7
143,143,15
143,143,23
143,143,31
143,143,39
143,143,47
143,143,55
143,143,63
143,143,71
143,143,79
143,143,87
143,143,95
143,143,103
143,143,111
143,143,119
143,143,127
143,143,135
143,143,143
143,143,151
143,143,159
143,143,167
143,143,175
143,143,183
143,143,191
143,143,199
143,143,207
143,143,215
143,143,223
143,143,231
143,143,239
143,143,247
143,143,255
143,151,0
143,151,7
143,151,15
143,151,23
143,151,31
143,151,39
143,151,47
143,151,55
143,151,63
143,151,71
143,151,79
143,151,87
143,151,95
143,151,103
143,151,111
143,151,119
143,151,127
143,151,135
143,151,143
143,151,151
143,151,159
143,151,167
143,151,175
143,151,183
143,151,191
143,151,199
143,151,207
143,151,215
143,151,223
143,151,231
143,151,239
143,151,247
143,151,255
143,159,0
143,159,7
143,159,15
143,159,23
143,159,31
143,159,39
143,159,47
143,159,55
143,159,63
143,159,71
143,159,79
143,159,87
143,159,95
143,159,103
143,159,111
143,159,119
143,159,127
143,159,135
143,159,143
143,159,151
143,159,159
143,159,167
143,159,175
143,159,183
143,159,191
143,159,199
143,159,207
143,159,215
143,159,223
143,159,231
143,159,239
143,159,247
143,159,255
143,167,0
143,167,7
143,167,15
143,167,23
143,167,31
143,167,39
143,167,47
143,167,55
143,167,63
143,167,71
143,167,79
143,167,87
143,167,95
143,167,103
143,167,111
143,167,119
143,167,127
143,167,135
143,167,143
143,167,151
143,167,159
143,167,167
143,167,175
143,167,183
143,167,191
143,167,199
143,167,207
143,167,215
143,167,223
143,167,231
143,167,239
143,167,247
143,167,255
143,175,0
143,175,7
143,175,15
143,175,23
143,175,31
143,175,39
143,175,47
143,175,55
143,175,63
143,175,71
143,175,79
143,175,87
143,175,95
143,175,103
143,175,111
143,175,119
143,175,127
143,175,135
143,175,143
143,175,151
143,175,159
143,175,167
143,175,175
143,175,183
143,175,191
143,175,199
143,175,207
143,175,215
143,175,223
143,175,231
143,175,239
143,175,247
143,175,255
143,183,0
143,183,7
143,183,15
143,183,23
143,183,31
143,183,39
143,183,47
143,183,55
143,183,63
143,183,71
143,183,79
143,183,87
143,183,95
143,183,103
143,183,111
143,183,119
143,183,127
143,183,135
143,183,143
143,183,151
143,183,159
143,183,167
143,183,175
143,183,183
143,183,191
143,183,199
143,183,207
143,183,215
143,183,223
143,183,231
143,183,239
143,183,247
143,183,255
143,191,0
143,191,7
143,191,15
143,191,23
143,191,31
143,191,39
143,191,47
143,191,55
143,191,63
143,191,71
143,191,79
143,191,87
143,191,95
143,191,103
143,191,111
143,191,119
143,191,127
143,191,135
143,191,143
143,191,151
143,191,159
143,191,167
143,191,175
143,191,183
143,191,191
143,191,199
143,191,207
143,191,215
143,191,223
143,191,231
143,191,239
143,191,247
143,191,255
143,199,0
143,199,7
143,199,15
143,199,23
143,199,31
143,199,39
143,199,47
143,199,55
143,199,63
143,199,71
143,199,79
143,199,87
143,199,95
143,199,103
143,199,111
143,199,119
143,199,127
143,199,135
143,199,143
143,199,151
143,199,159
143,199,167
143,199,175
143,199,183
143,199,191
143,199,199
143,199,207
143,199,215
143,199,223
143,199,231
143,199,239
143,199,247
143,199,255
143,207,0
143,207,7
143,207,15
143,207,23
143,207,31
143,207,39
143,207,47
143,207,55
143,207,63
143,207,71
143,207,79
143,207,87
143,207,95
143,207,103
143,207,111
143,207,119
143,207,127
143,207,135
143,207,143
143,207,151
143,207,159
143,207,167
143,207,175
143,207,183
143,207,191
143,207,199
143,207,207
143,207,215
143,207,223
143,207,231
143,207,239
143,207,247
143,207,255
143,215,0
143,215,7
143,215,15
143,215,23
143,215,31
143,215,39
143,215,47
143,215,55
143,215,63
143,215,71
143,215,79
143,215,87
143,215,95
143,215,103
143,215,111
143,215,119
143,215,127
143,215,135
143,215,143
143,215,151
143,215,159
143,215,167
143,215,175
143,215,183
143,215,191
143,215,199
143,215,207
143,215,215
143,215,223
143,215,231
143,215,239
143,215,247
143,215,255
143,223,0
143,223,7
143,223,15
143,223,23
143,223,31
143,223,39
143,223,47
143,223,55
143,223,63
143,223,71
143,223,79
143,223,87
143,223,95
143,223,103
143,223,111
143,223,119
143,223,127
143,223,135
143,223,143
143,223,151
143,223,159
143,223,167
143,223,175
143,223,183
143,223,191
143,223,199
143,223,207
143,223,215
143,223,223
143,223,231
143,223,239
143,223,247
143,223,255
143,231,0
143,231,7
143,231,15
143,231,23
143,231,31
143,231,39
143,231,47
143,231,55
143,231,63
143,231,71
143,231,79
143,231,87
143,231,95
143,231,103
143,231,111
143,231,119
143,231,127
143,231,135
143,231,143
143,231,151
143,231,159
143,231,167
143,231,175
143,231,183
143,231,191
143,231,199
143,231,207
143,231,215
143,231,223
143,231,231
143,231,239
143,231,247
143,231,255
143,239,0
143,239,7
143,239,15
143,239,23
143,239,31
143,239,39
143,239,47
143,239,55
143,239,63
143,239,71
143,239,79
143,239,87
143,239,95
143,239,103
143,239,111
143,239,119
143,239,127
143,239,135
143,239,143
143,239,151
143,239,159
143,239,167
143,239,175
143,239,183
143,239,191
143,239,199
143,239,207
143,239,215
143,239,223
143,239,231
143,239,239
143,239,247
143,239,255
143,247,0
143,247,7
143,247,15
143,247,23
143,247,31
143,247,39
143,247,47
143,247,55
143,247,63
143,247,71
143,247,79
143,247,87
143,247,95
143,247,103
143,247,111
143,247,119
143,247,127
143,247,135
143,247,143
143,247,151
143,247,159
143,247,167
143,247,175
143,247,183
143,247,191
143,247,199
143,247,207
143,247,215
143,247,223
143,247,231
143,247,239
143,247,247
143,247,255
143,255,0
143,255,7
143,255,15
143,255,23
143,255,31
143,255,39
143,255,47
143,255,55
143,255,63
143,255,71
143,255,79
143,255,87
143,255,95
143,255,103
143,255,111
143,255,119
143,255,127
143,255,135
143,255,143
143,255,151
143,255,159
143,255,167
143,255,175
143,255,183
143,255,191
143,255,199
143,255,207
143,255,215
143,255,223
143,255,231
143,255,239
143,255,247
143,255,255
151,0,0
151,0,7
151,0,15
151,0,23
151,0,31
151,0,39
151,0,47
151,0,55
151,0,63
151,0,71
151,0,79
151,0,87
151,0,95
151,0,103
151,0,111
151,0,119
151,0,127
151,0,135
151,0,143
151,0,151
151,0,159
151,0,167
151,0,175
151,0,183
151,0,191
151,0,199
151,0,207
151,0,215
151,0,223
151,0,231
151,0,239
151,0,247
151,0,255
151,7,0
151,7,7
151,7,15
151,7,23
151,7,31
151,7,39
151,7,47
151,7,55
151,7,63
151,7,71
151,7,79
151,7,87
151,7,95
151,7,103
151,7,111
151,7,119
151,7,127
151,7,135
151,7,143
151,7,151
151,7,159
151,7,167
151,7,175
151,7,183
151,7,191
151,7,199
151,7,207
151,7,215
151,7,223
151,7,231
151,7,239
151,7,247
151,7,255
151,15,0
151,15,7
151,15,15
151,15,23
151,15,31
151,15,39
151,15,47
151,15,55
151,15,63
151,15,71
151,15,79
151,15,87
151,15,95
151,15,103
151,15,111
151,15,119
151,15,127
151,15,135
151,15,143
151,15,151
151,15,159
151,15,167
151,15,175
151,15,183
151,15,191
151,15,199
151,15,207
151,15,215
151,15,223
151,15,231
151,15,239
151,15,247
151,15,255
151,23,0
151,23,7
151,23,15
151,23,23
151,23,31
151,23,39
151,23,47
151,23,55
151,23,63
151,23,71
151,23,79
151,23,87
151,23,95
151,23,103
151,23,111
151,23,119
151,23,127
151,23,135
151,23,143
151,23,151
151,23,159
151,23,167
151,23,175
151,23,183
151,23,191
151,23,199
151,23,207
151,23,215
151,23,223
151,23,231
151,23,239
151,23,247
151,23,255
151,31,0
151,31,7
151,31,15
151,31,23
151,31,31
151,31,39
151,31,47
151,31,55
151,31,63
151,31,71
151,31,79
151,31,87
151,31,95
151,31,103
151,31,111
151,31,119
151,31,127
151,31,135
151,31,143
151,31,151
151,31,159
151,31,167
151,31,175
151,31,183
151,31,191
151,31,199
151,31,207
151,31,215
151,31,223
151,31,231
151,31,239
151,31,247
151,31,255
151,39,0
151,39,7
151,39,15
151,39,23
151,39,31
151,39,39
151,39,47
151,39,55
151,39,63
151,39,71
151,39,79
151,39,87
151,39,95
151,39,103
151,39,111
151,39,119
151,39,127
151,39,135
151,39,143
151,39,151
151,39,159
151,39,167
151,39,175
151,39,183
151,39,191
151,39,199
151,39,207
151,39,215
151,39,223
151,39,231
151,39,239
151,39,247
151,39,255
151,47,0
151,47,7
151,47,15
151,47,23
151,47,31
151,47,39
151,47,47
151,47,55
151,47,63
151,47,71
151,47,79
151,47,87
151,47,95
151,47,103
151,47,111
151,47,119
151,47,127
151,47,135
151,47,143
151,47,151
151,47,159
151,47,167
151,47,175
151,47,183
151,47,191
151,47,199
151,47,207
151,47,215
151,47,223
151,47,231
151,47,239
151,47,247
151,47,255
151,55,0
151,55,7
151,55,15
151,55,23
151,55,31
151,55,39
151,55,47
151,55,55
151,55,63
151,55,71
151,55,79
151,55,87
151,55,95
151,55,103
151,55,111
151,55,119
151,55,127
151,55,135
151,55,143
151,55,151
151,55,159
151,55,167
151,55,175
151,55,183
151,55,191
151,55,199
151,55,207
151,55,215
151,55,223
151,55,231
151,55,239
151,55,247
151,55,255
151,63,0
151,63,7
151,63,15
151,63,23
151,63,31
151,63,39
151,63,47
151,63,55
151,63,63
151,63,71
151,63,79
151,63,87
151,63,95
151,63,103
151,63,111
151,63,119
151,63,127
151,63,135
151,63,143
151,63,151
151,63,159
151,63,167
151,63,175
151,63,183
151,63,191
151,63,199
151,63,207
151,63,215
151,63,223
151,63,231
151,63,239
151,63,247
151,63,255
151,71,0
151,71,7
151,71,15
151,71,23
151,71,31
151,71,39
151,71,47
151,71,55
151,71,63
151,71,71
151,71,79
151,71,87
151,71,95
151,71,103
151,71,111
151,71,119
151,71,127
151,71,135
151,71,143
151,71,151
151,71,159
151,71,167
151,71,175
151,71,183
151,71,191
151,71,199
151,71,207
151,71,215
151,71,223
151,71,231
151,71,239
151,71,247
151,71,255
151,79,0
151,79,7
151,79,15
151,79,23
151,79,31
151,79,39
151,79,47
151,79,55
151,79,63
151,79,71
151,79,79
151,79,87
151,79,95
151,79,103
151,79,111
151,79,119
151,79,127
151,79,135
151,79,143
151,79,151
151,79,159
151,79,167
151,79,175
151,79,183
151,79,191
151,79,199
151,79,207
151,79,215
151,79,223
151,79,231
151,79,239
151,79,247
151,79,255
151,87,0
151,87,7
151,87,15
151,87,23
151,87,31
151,87,39
151,87,47
151,87,55
151,87,63
151,87,71
151,87,79
151,87,87
151,87,95
151,87,103
151,87,111
151,87,119
151,87,127
151,87,135
151,87,143
151,87,151
151,87,159
151,87,167
151,87,175
151,87,183
151,87,191
151,87,199
151,87,207
151,87,215
151,87,223
151,87,231
151,87,239
151,87,247
151,87,255
151,95,0
151,95,7
151,95,15
151,95,23
151,95,31
151,95,39
151,95,47
151,95,55
151,95,63
151,95,71
151,95,79
151,95,87
151,95,95
151,95,103
151,95,111
151,95,119
151,95,127
151,95,135
151,95,143
151,95,151
151,95,159
151,95,167
151,95,175
151,95,183
151,95,191
151,95,199
151,95,207
151,95,215
151,95,223
151,95,231
151,95,239
151,95,247
151,95,255
151,103,0
151,103,7
151,103,15
151,103,23
151,103,31
151,103,39
151,103,47
151,103,55
151,103,63
151,103,71
151,103,79
151,103,87
151,103,95
151,103,103
151,103,111
151,103,119
151,103,127
151,103,135
151,103,143
151,103,151
151,103,159
151,103,167
151,103,175
151,103,183
151,103,191
151,103,199
151,103,207
151,103,215
151,103,223
151,103,231
151,103,239
151,103,247
151,103,255
151,111,0
151,111,7
151,111,15
151,111,23
151,111,31
151,111,39
151,111,47
151,111,55
151,111,63
151,111,71
151,111,79
151,111,87
151,111,95
151,111,103
151,111,111
151,111,119
151,111,127
151,111,135
151,111,143
151,111,151
151,111,159
151,111,167
151,111,175
151,111,183
151,111,191
151,111,199
151,111,207
151,111,215
151,111,223
151,111,231
151,111,239
151,111,247
151,111,255
151,119,0
151,119,7
151,119,15
151,119,23
151,119,31
151,119,39
151,119,47
151,119,55
151,119,63
151,119,71
151,119,79
151,119,87
151,119,95
151,119,103
151,119,111
151,119,119
151,119,127
151,119,135
151,119,143
151,119,151
151,119,159
151,119,167
151,119,175
151,119,183
151,119,191
151,119,199
151,119,207
151,119,215
151,119,223
151,119,231
151,119,239
151,119,247
151,119,255
151,127,0
151,127,7
151,127,15
151,127,23
151,127,31
151,127,39
151,127,47
151,127,55
151,127,63
151,127,71
151,127,79
151,127,87
151,127,95
151,127,103
151,127,111
151,127,119
151,127,127
151,127,135
151,127,143
151,127,151
151,127,159
151,127,167
151,127,175
151,127,183
151,127,191
151,127,199
151,127,207
151,127,215
151,127,223
151,127,231
151,127,239
151,127,247
151,127,255
151,135,0
151,135,7
151,135,15
151,135,23
151,135,31
151,135,39
151,135,47
151,135,55
151,135,63
151,135,71
151,135,79
151,135,87
151,135,95
151,135,103
151,135,111
151,135,119
151,135,127
151,135,135
151,135,143
151,135,151
151,135,159
151,135,167
151,135,175
151,135,183
151,135,191
151,135,199
151,135,207
151,135,215
151,135,223
151,135,231
151,135,239
151,135,247
151,135,255
151,143,0
151,143,7
151,143,15
151,143,23
151,143,31
151,143,39
151,143,47
151,143,55
151,143,63
151,143,71
151,143,79
151,143,87
151,143,95
151,143,103
151,143,111
151,143,119
151,143,127
151,143,135
151,143,143
151,143,151
151,143,159
151,143,167
151,143,175
151,143,183
151,143,191
151,143,199
151,143,207
151,143,215
151,143,223
151,143,231
151,143,239
151,143,247
151,143,255
151,151,0
151,151,7
151,151,15
151,151,23
151,151,31
151,151,39
151,151,47
151,151,55
151,151,63
151,151,71
151,151,79
151,151,87
151,151,95
151,151,103
151,151,111
151,151,119
151,151,127
151,151,135
151,151,143
151,151,151
151,151,159
151,151,167
151,151,175
151,151,183
151,151,191
151,151,199
151,151,207
151,151,215
151,151,223
151,151,231
151,151,239
151,151,247
151,151,255
151,159,0
151,159,7
151,159,15
151,159,23
151,159,31
151,159,39
151,159,47
151,159,55
151,159,63
151,159,71
151,159,79
151,159,87
151,159,95
151,159,103
151,159,111
151,159,119
151,159,127
151,159,135
151,159,143
151,159,151
151,159,159
151,159,167
151,159,175
151,159,183
151,159,191
151,159,199
151,159,207
151,159,215
151,159,223
151,159,231
151,159,239
151,159,247
151,159,255
151,167,0
151,167,7
151,167,15
151,167,23
151,167,31
151,167,39
151,167,47
151,167,55
151,167,63
151,167,71
151,167,79
151,167,87
151,167,95
151,167,103
151,167,111
151,167,119
151,167,127
151,167,135
151,167,143
151,167,151
151,167,159
151,167,167
151,167,175
151,167,183
151,167,191
151,167,199
151,167,207
151,167,215
151,167,223
151,167,231
151,167,239
151,167,247
151,167,255
151,175,0
151,175,7
151,175,15
151,175,23
151,175,31
151,175,39
151,175,47
151,175,55
151,175,63
151,175,71
151,175,79
151,175,87
151,175,95
151,175,103
151,175,111
151,175,119
151,175,127
151,175,135
151,175,143
151,175,151
151,175,159
151,175,167
151,175,175
151,175,183
151,175,191
151,175,199
151,175,207
151,175,215
151,175,223
151,175,231
151,175,239
151,175,247
151,175,255
151,183,0
151,183,7
151,183,15
151,183,23
151,183,31
151,183,39
151,183,47
151,183,55
151,183,63
151,183,71
151,183,79
151,183,87
151,183,95
151,183,103
151,183,111
151,183,119
151,183,127
151,183,135
151,183,143
151,183,151
151,183,159
151,183,167
151,183,175
151,183,183
151,183,191
151,183,199
151,183,207
151,183,215
151,183,223
151,183,231
151,183,239
151,183,247
151,183,255
151,191,0
151,191,7
151,191,15
151,191,23
151,191,31
151,191,39
151,191,47
151,191,55
151,191,63
151,191,71
151,191,79
151,191,87
151,191,95
151,191,103
151,191,111
151,191,119
151,191,127
151,191,135
151,191,143
151,191,151
151,191,159
151,191,167
151,191,175
151,191,183
151,191,191
151,191,199
151,191,207
151,191,215
151,191,223
151,191,231
151,191,239
151,191,247
151,191,255
151,199,0
151,199,7
151,199,15
151,199,23
151,199,31
151,199,39
151,199,47
151,199,55
151,199,63
151,199,71
151,199,79
151,199,87
151,199,95
151,199,103
151,199,111
151,199,119
151,199,127
151,199,135
151,199,143
151,199,151
151,199,159
151,199,167
151,199,175
151,199,183
151,199,191
151,199,199
151,199,207
151,199,215
151,199,223
151,199,231
151,199,239
151,199,247
151,199,255
151,207,0
151,207,7
151,207,15
151,207,23
151,207,31
151,207,39
151,207,47
151,207,55
151,207,63
151,207,71
151,207,79
151,207,87
151,207,95
151,207,103
151,207,111
151,207,119
151,207,127
151,207,135
151,207,143
151,207,151
151,207,159
151,207,167
151,207,175
151,207,183
151,207,191
151,207,199
151,207,207
151,207,215
151,207,223
151,207,231
151,207,239
151,207,247
151,207,255
151,215,0
151,215,7
151,215,15
151,215,23
151,215,31
151,215,39
151,215,47
151,215,55
151,215,63
151,215,71
151,215,79
151,215,87
151,215,95
151,215,103
151,215,111
151,215,119
151,215,127
151,215,135
151,215,143
151,215,151
151,215,159
151,215,167
151,215,175
151,215,183
151,215,191
151,215,199
151,215,207
151,215,215
151,215,223
151,215,231
151,215,239
151,215,247
151,215,255
151,223,0
151,223,7
151,223,15
151,223,23
151,223,31
151,223,39
151,223,47
151,223,55
151,223,63
151,223,71
151,223,79
151,223,87
151,223,95
151,223,103
151,223,111
151,223,119
151,223,127
151,223,135
151,223,143
151,223,151
151,223,159
151,223,167
151,223,175
151,223,183
151,223,191
151,223,199
151,223,207
151,223,215
151,223,223
151,223,231
151,223,239
151,223,247
151,223,255
151,231,0
151,231,7
151,231,15
151,231,23
151,231,31
151,231,39
151,231,47
151,231,55
151,231,63
151,231,71
151,231,79
151,231,87
151,231,95
151,231,103
151,231,111
151,231,119
151,231,127
151,231,135
151,231,143
151,231,151
151,231,159
151,231,167
151,231,175
151,231,183
151,231,191
151,231,199
151,231,207
151,231,215
151,231,223
151,231,231
151,231,239
151,231,247
151,231,255
151,239,0
151,239,7
151,239,15
151,239,23
151,239,31
151,239,39
151,239,47
151,239,55
151,239,63
151,239,71
151,239,79
151,239,87
151,239,95
151,239,103
151,239,111
151,239,119
151,239,127
151,239,135
151,239,143
151,239,151
151,239,159
151,239,167
151,239,175
151,239,183
151,239,191
151,239,199
151,239,207
151,239,215
151,239,223
151,239,231
151,239,239
151,239,247
151,239,255
151,247,0
151,247,7
151,247,15
151,247,23
151,247,31
151,247,39
151,247,47
151,247,55
151,247,63
151,247,71
151,247,79
151,247,87
151,247,95
151,247,103
151,247,111
151,247,119
151,247,127
151,247,135
151,247,143
151,247,151
151,247,159
151,247,167
151,247,175
151,247,183
151,247,191
151,247,199
151,247,207
151,247,215
151,247,223
151,247,231
151,247,239
151,247,247
151,247,255
151,255,0
151,255,7
151,255,15
151,255,23
151,255,31
151,255,39
151,255,47
151,255,55
151,255,63
151,255,71
151,255,79
151,255,87
151,255,95
151,255,103
151,255,111
151,255,119
151,255,127
151,255,135
151,255,143
151,255,151
151,255,159
151,255,167
151,255,175
151,255,183
151,255,191
151,255,199
151,255,207
151,255,215
151,255,223
151,255,231
151,255,239
151,255,247
151,255,255
159,0,0
159,0,7
159,0,15
159,0,23
159,0,31
159,0,39
159,0,47
159,0,55
159,0,63
159,0,71
159,0,79
159,0,87
159,0,95
159,0,103
159,0,111
159,0,119
159,0,127
159,0,135
159,0,143
159,0,151
159,0,159
159,0,167
159,0,175
159,0,183
159,0,191
159,0,199
159,0,207
159,0,215
159,0,223
159,0,231
159,0,239
159,0,247
159,0,255
159,7,0
159,7,7
159,7,15
159,7,23
159,7,31
159,7,39
159,7,47
159,7,55
159,7,63
159,7,71
159,7,79
159,7,87
159,7,95
159,7,103
159,7,111
159,7,119
159,7,127
159,7,135
159,7,143
159,7,151
159,7,159
159,7,167
159,7,175
159,7,183
159,7,191
159,7,199
159,7,207
159,7,215
159,7,223
159,7,231
159,7,239
159,7,247
159,7,255
159,15,0
159,15,7
159,15,15
159,15,23
159,15,31
159,15,39
159,15,47
159,15,55
159,15,63
159,15,71
159,15,79
159,15,87
159,15,95
159,15,103
159,15,111
159,15,119
159,15,127
159,15,135
159,15,143
159,15,151
159,15,159
159,15,167
159,15,175
159,15,183
159,15,191
159,15,199
159,15,207
159,15,215
159,15,223
159,15,231
159,15,239
159,15,247
159,15,255
159,23,0
159,23,7
159,23,15
159,23,23
159,23,31
159,23,39
159,23,47
159,23,55
159,23,63
159,23,71
159,23,79
159,23,87
159,23,95
159,23,103
159,23,111
159,23,119
159,23,127
159,23,135
159,23,143
159,23,151
159,23,159
159,23,167
159,23,175
159,23,183
159,23,191
159,23,199
159,23,207
159,23,215
159,23,223
159,23,231
159,23,239
159,23,247
159,23,255
159,31,0
159,31,7
159,31,15
159,31,23
159,31,31
159,31,39
159,31,47
159,31,55
159,31,63
159,31,71
159,31,79
159,31,87
159,31,95
159,31,103
159,31,111
159,31,119
159,31,127
159,31,135
159,31,143
159,31,151
159,31,159
159,31,167
159,31,175
159,31,183
159,31,191
159,31,199
159,31,207
159,31,215
159,31,223
159,31,231
159,31,239
159,31,247
159,31,255
159,39,0
159,39,7
159,39,15
159,39,23
159,39,31
159,39,39
159,39,47
159,39,55
159,39,63
159,39,71
159,39,79
159,39,87
159,39,95
159,39,103
159,39,111
159,39,119
159,39,127
159,39,135
159,39,143
159,39,151
159,39,159
159,39,167
159,39,175
159,39,183
159,39,191
159,39,199
159,39,207
159,39,215
159,39,223
159,39,231
159,39,239
159,39,247
159,39,255
159,47,0
159,47,7
159,47,15
159,47,23
159,47,31
159,47,39
159,47,47
159,47,55
159,47,63
159,47,71
159,47,79
159,47,87
159,47,95
159,47,103
159,47,111
159,47,119
159,47,127
159,47,135
159,47,143
159,47,151
159,47,159
159,47,167
159,47,175
159,47,183
159,47,191
159,47,199
159,47,207
159,47,215
159,47,223
159,47,231
159,47,239
159,47,247
159,47,255
159,55,0
159,55,7
159,55,15
159,55,23
159,55,31
159,55,39
159,55,47
159,55,55
159,55,63
159,55,71
159,55,79
159,55,87
159,55,95
159,55,103
159,55,111
159,55,119
159,55,127
159,55,135
159,55,143
159,55,151
159,55,159
159,55,167
159,55,175
159,55,183
159,55,191
159,55,199
159,55,207
159,55,215
159,55,223
159,55,231
159,55,239
159,55,247
159,55,255
159,63,0
159,63,7
159,63,15
159,63,23
159,63,31
159,63,39
159,63,47
159,63,55
159,63,63
159,63,71
159,63,79
159,63,87
159,63,95
159,63,103
159,63,111
159,63,119
159,63,127
159,63,135
159,63,143
159,63,151
159,63,159
159,63,167
159,63,175
159,63,183
159,63,191
159,63,199
159,63,207
159,63,215
159,63,223
159,63,231
159,63,239
159,63,247
159,63,255
159,71,0
159,71,7
159,71,15
159,71,23
159,71,31
159,71,39
159,71,47
159,71,55
159,71,63
159,71,71
159,71,79
159,71,87
159,71,95
159,71,103
159,71,111
159,71,119
159,71,127
159,71,135
159,71,143
159,71,151
159,71,159
159,71,167
159,71,175
159,71,183
159,71,191
159,71,199
159,71,207
159,71,215
159,71,223
159,71,231
159,71,239
159,71,247
159,71,255
159,79,0
159,79,7
159,79,15
159,79,23
159,79,31
159,79,39
159,79,47
159,79,55
159,79,63
159,79,71
159,79,79
159,79,87
159,79,95
159,79,103
159,79,111
159,79,119
159,79,127
159,79,135
159,79,143
159,79,151
159,79,159
159,79,167
159,79,175
159,79,183
159,79,191
159,79,199
159,79,207
159,79,215
159,79,223
159,79,231
159,79,239
159,79,247
159,79,255
159,87,0
159,87,7
159,87,15
159,87,23
159,87,31
159,87,39
159,87,47
159,87,55
159,87,63
159,87,71
159,87,79
159,87,87
159,87,95
159,87,103
159,87,111
159,87,119
159,87,127
159,87,135
159,87,143
159,87,151
159,87,159
159,87,167
159,87,175
159,87,183
159,87,191
159,87,199
159,87,207
159,87,215
159,87,223
159,87,231
159,87,239
159,87,247
159,87,255
159,95,0
159,95,7
159,95,15
159,95,23
159,95,31
159,95,39
159,95,47
159,95,55
159,95,63
159,95,71
159,95,79
159,95,87
159,95,95
159,95,103
159,95,111
159,95,119
159,95,127
159,95,135
159,95,143
159,95,151
159,95,159
159,95,167
159,95,175
159,95,183
159,95,191
159,95,199
159,95,207
159,95,215
159,95,223
159,95,231
159,95,239
159,95,247
159,95,255
159,103,0
159,103,7
159,103,15
159,103,23
159,103,31
159,103,39
159,103,47
159,103,55
159,103,63
159,103,71
159,103,79
159,103,87
159,103,95
159,103,103
159,103,111
159,103,119
159,103,127
159,103,135
159,103,143
159,103,151
159,103,159
159,103,167
159,103,175
159,103,183
159,103,191
159,103,199
159,103,207
159,103,215
159,103,223
159,103,231
159,103,239
159,103,247
159,103,255
159,111,0
159,111,7
159,111,15
159,111,23
159,111,31
159,111,39
159,111,47
159,111,55
159,111,63
159,111,71
159,111,79
159,111,87
159,111,95
159,111,103
159,111,111
159,111,119
159,111,127
159,111,135
159,111,143
159,111,151
159,111,159
159,111,167
159,111,175
159,111,183
159,111,191
159,111,199
159,111,207
159,111,215
159,111,223
159,111,231
159,111,239
159,111,247
159,111,255
159,119,0
159,119,7
159,119,15
159,119,23
159,119,31
159,119,39
159,119,47
159,119,55
159,119,63
159,119,71
159,119,79
159,119,87
159,119,95
159,119,103
159,119,111
159,119,119
159,119,127
159,119,135
159,119,143
159,119,151
159,119,159
159,119,167
159,119,175
159,119,183
159,119,191
159,119,199
159,119,207
159,119,215
159,119,223
159,119,231
159,119,239
159,119,247
159,119,255
159,127,0
159,127,7
159,127,15
159,127,23
159,127,31
159,127,39
159,127,47
159,127,55
159,127,63
159,127,71
159,127,79
159,127,87
159,127,95
159,127,103
159,127,111
159,127,119
159,127,127
159,127,135
159,127,143
159,127,151
159,127,159
159,127,167
159,127,175
159,127,183
159,127,191
159,127,199
159,127,207
159,127,215
159,127,223
159,127,231
159,127,239
159,127,247
159,127,255
159,135,0
159,135,7
159,135,15
159,135,23
159,135,31
159,135,39
159,135,47
159,135,55
159,135,63
159,135,71
159,135,79
159,135,87
159,135,95
159,135,103
159,135,111
159,135,119
159,135,127
159,135,135
159,135,143
159,135,151
159,135,159
159,135,167
159,135,175
159,135,183
159,135,191
159,135,199
159,135,207
159,135,215
159,135,223
159,135,231
159,135,239
159,135,247
159,135,255
159,143,0
159,143,7
159,143,15
159,143,23
159,143,31
159,143,39
159,143,47
159,143,55
159,143,63
159,143,71
159,143,79
159,143,87
159,143,95
159,143,103
159,143,111
159,143,119
159,143,127
159,143,135
159,143,143
159,143,151
159,143,159
159,143,167
159,143,175
159,143,183
159,143,191
159,143,199
159,143,207
159,143,215
159,143,223
159,143,231
159,143,239
159,143,247
159,143,255
159,151,0
159,151,7
159,151,15
159,151,23
159,151,31
159,151,39
159,151,47
159,151,55
159,151,63
159,151,71
159,151,79
159,151,87
159,151,95
159,151,103
159,151,111
159,151,119
159,151,127
159,151,135
159,151,143
159,151,151
159,151,159
159,151,167
159,151,175
159,151,183
159,151,191
159,151,199
159,151,207
159,151,215
159,151,223
159,151,231
159,151,239
159,151,247
159,151,255
159,159,0
159,159,7
159,159,15
159,159,23
159,159,31
159,159,39
159,159,47
159,159,55
159,159,63
159,159,71
159,159,79
159,159,87
159,159,95
159,159,103
159,159,111
159,159,119
159,159,127
159,159,135
159,159,143
159,159,151
159,159,159
159,159,167
159,159,175
159,159,183
159,159,191
159,159,199
159,159,207
159,159,215
159,159,223
159,159,231
159,159,239
159,159,247
159,159,255
159,167,0
159,167,7
159,167,15
159,167,23
159,167,31
159,167,39
159,167,47
159,167,55
159,167,63
159,167,71
159,167,79
159,167,87
159,167,95
159,167,103
159,167,111
159,167,119
159,167,127
159,167,135
159,167,143
159,167,151
159,167,159
159,167,167
159,167,175
159,167,183
159,167,191
159,167,199
159,167,207
159,167,215
159,167,223
159,167,231
159,167,239
159,167,247
159,167,255
159,175,0
159,175,7
159,175,15
159,175,23
159,175,31
159,175,39
159,175,47
159,175,55
159,175,63
159,175,71
159,175,79
159,175,87
159,175,95
159,175,103
159,175,111
159,175,119
159,175,127
159,175,135
159,175,143
159,175,151
159,175,159
159,175,167
159,175,175
159,175,183
159,175,191
159,175,199
159,175,207
159,175,215
159,175,223
159,175,231
159,175,239
159,175,247
159,175,255
159,183,0
159,183,7
159,183,15
159,183,23
159,183,31
159,183,39
159,183,47
159,183,55
159,183,63
159,183,71
159,183,79
159,183,87
159,183,95
159,183,103
159,183,111
159,183,119
159,183,127
159,183,135
159,183,143
159,183,151
159,183,159
159,183,167
159,183,175
159,183,183
159,183,191
159,183,199
159,183,207
159,183,215
159,183,223
159,183,231
159,183,239
159,183,247
159,183,255
159,191,0
159,191,7
159,191,15
159,191,23
159,191,31
159,191,39
159,191,47
159,191,55
159,191,63
159,191,71
159,191,79
159,191,87
159,191,95
159,191,103
159,191,111
159,191,119
159,191,127
159,191,135
159,191,143
159,191,151
159,191,159
159,191,167
159,191,175
159,191,183
159,191,191
159,191,199
159,191,207
159,191,215
159,191,223
159,191,231
159,191,239
159,191,247
159,191,255
159,199,0
159,199,7
159,199,15
159,199,23
159,199,31
159,199,39
159,199,47
159,199,55
159,199,63
159,199,71
159,199,79
159,199,87
159,199,95
159,199,103
159,199,111
159,199,119
159,199,127
159,199,135
159,199,143
159,199,151
159,199,159
159,199,167
159,199,175
159,199,183
159,199,191
159,199,199
159,199,207
159,199,215
159,199,223
159,199,231
159,199,239
159,199,247
159,199,255
159,207,0
159,207,7
159,207,15
159,207,23
159,207,31
159,207,39
159,207,47
159,207,55
159,207,63
159,207,71
159,207,79
159,207,87
159,207,95
159,207,103
159,207,111
159,207,119
159,207,127
159,207,135
159,207,143
159,207,151
159,207,159
159,207,167
159,207,175
159,207,183
159,207,191
159,207,199
159,207,207
159,207,215
159,207,223
159,207,231
159,207,239
159,207,247
159,207,255
159,215,0
159,215,7
159,215,15
159,215,23
159,215,31
159,215,39
159,215,47
159,215,55
159,215,63
159,215,71
159,215,79
159,215,87
159,215,95
159,215,103
159,215,111
159,215,119
159,215,127
159,215,135
159,215,143
159,215,151
159,215,159
159,215,167
159,215,175
159,215,183
159,215,191
159,215,199
159,215,207
159,215,215
159,215,223
159,215,231
159,215,239
159,215,247
159,215,255
159,223,0
159,223,7
159,223,15
159,223,23
159,223,31
159,223,39
159,223,47
159,223,55
159,223,63
159,223,71
159,223,79
159,223,87
159,223,95
159,223,103
159,223,111
159,223,119
159,223,127
159,223,135
159,223,143
159,223,151
159,223,159
159,223,167
159,223,175
159,223,183
159,223,191
159,223,199
159,223,207
159,223,215
159,223,223
159,223,231
159,223,239
159,223,247
159,223,255
159,231,0
159,231,7
159,231,15
159,231,23
159,231,31
159,231,39
159,231,47
159,231,55
159,231,63
159,231,71
159,231,79
159,231,87
159,231,95
159,231,103
159,231,111
159,231,119
159,231,127
159,231,135
159,231,143
159,231,151
159,231,159
159,231,167
159,231,175
159,231,183
159,231,191
159,231,199
159,231,207
159,231,215
159,231,223
159,231,231
159,231,239
159,231,247
159,231,255
159,239,0
159,239,7
159,239,15
159,239,23
159,239,31
159,239,39
159,239,47
159,239,55
159,239,63
159,239,71
159,239,79
159,239,87
159,239,95
159,239,103
159,239,111
159,239,119
159,239,127
159,239,135
159,239,143
159,239,151
159,239,159
159,239,167
159,239,175
159,239,183
159,239,191
159,239,199
159,239,207
159,239,215
159,239,223
159,239,231
159,239,239
159,239,247
159,239,255
159,247,0
159,247,7
159,247,15
159,247,23
159,247,31
159,247,39
159,247,47
159,247,55
159,247,63
159,247,71
159,247,79
159,247,87
159,247,95
159,247,103
159,247,111
159,247,119
159,247,127
159,247,135
159,247,143
159,247,151
159,247,159
159,247,167
159,247,175
159,247,183
159,247,191
159,247,199
159,247,207
159,247,215
159,247,223
159,247,231
159,247,239
159,247,247
159,247,255
159,255,0
159,255,7
159,255,15
159,255,23
159,255,31
159,255,39
159,255,47
159,255,55
159,255,63
159,255,71
159,255,79
159,255,87
159,255,95
159,255,103
159,255,111
159,255,119
159,255,127
159,255,135
159,255,143
159,255,151
159,255,159
159,255,167
159,255,175
159,255,183
159,255,191
159,255,199
159,255,207
159,255,215
159,255,223
159,255,231
159,255,239
159,255,247
159,255,255
167,0,0
167,0,7
167,0,15
167,0,23
167,0,31
167,0,39
167,0,47
167,0,55
167,0,63
167,0,71
167,0,79
167,0,87
167,0,95
167,0,103
167,0,111
167,0,119
167,0,127
167,0,135
167,0,143
167,0,151
167,0,159
167,0,167
167,0,175
167,0,183
167,0,191
167,0,199
167,0,207
167,0,215
167,0,223
167,0,231
167,0,239
167,0,247
167,0,255
167,7,0
167,7,7
167,7,15
167,7,23
167,7,31
167,7,39
167,7,47
167,7,55
167,7,63
167,7,71
167,7,79
167,7,87
167,7,95
167,7,103
167,7,111
167,7,119
167,7,127
167,7,135
167,7,143
167,7,151
167,7,159
167,7,167
167,7,175
167,7,183
167,7,191
167,7,199
167,7,207
167,7,215
167,7,223
167,7,231
167,7,239
167,7,247
167,7,255
167,15,0
167,15,7
167,15,15
167,15,23
167,15,31
167,15,39
167,15,47
167,15,55
167,15,63
167,15,71
167,15,79
167,15,87
167,15,95
167,15,103
167,15,111
167,15,119
167,15,127
167,15,135
167,15,143
167,15,151
167,15,159
167,15,167
167,15,175
167,15,183
167,15,191
167,15,199
167,15,207
167,15,215
167,15,223
167,15,231
167,15,239
167,15,247
167,15,255
167,23,0
167,23,7
167,23,15
167,23,23
167,23,31
167,23,39
167,23,47
167,23,55
167,23,63
167,23,71
167,23,79
167,23,87
167,23,95
167,23,103
167,23,111
167,23,119
167,23,127
167,23,135
167,23,143
167,23,151
167,23,159
167,23,167
167,23,175
167,23,183
167,23,191
167,23,199
167,23,207
167,23,215
167,23,223
167,23,231
167,23,239
167,23,247
167,23,255
167,31,0
167,31,7
167,31,15
167,31,23
167,31,31
167,31,39
167,31,47
167,31,55
167,31,63
167,31,71
167,31,79
167,31,87
167,31,95
167,31,103
167,31,111
167,31,119
167,31,127
167,31,135
167,31,143
167,31,151
167,31,159
167,31,167
167,31,175
167,31,183
167,31,191
167,31,199
167,31,207
167,31,215
167,31,223
167,31,231
167,31,239
167,31,247
167,31,255
167,39,0
167,39,7
167,39,15
167,39,23
167,39,31
167,39,39
167,39,47
167,39,55
167,39,63
167,39,71
167,39,79
167,39,87
167,39,95
167,39,103
167,39,111
167,39,119
167,39,127
167,39,135
167,39,143
167,39,151
167,39,159
167,39,167
167,39,175
167,39,183
167,39,191
167,39,199
167,39,207
167,39,215
167,39,223
167,39,231
167,39,239
167,39,247
167,39,255
167,47,0
167,47,7
167,47,15
167,47,23
167,47,31
167,47,39
167,47,47
167,47,55
167,47,63
167,47,71
167,47,79
167,47,87
167,47,95
167,47,103
167,47,111
167,47,119
167,47,127
167,47,135
167,47,143
167,47,151
167,47,159
167,47,167
167,47,175
167,47,183
167,47,191
167,47,199
167,47,207
167,47,215
167,47,223
167,47,231
167,47,239
167,47,247
167,47,255
167,55,0
167,55,7
167,55,15
167,55,23
167,55,31
167,55,39
167,55,47
167,55,55
167,55,63
167,55,71
167,55,79
167,55,87
167,55,95
167,55,103
167,55,111
167,55,119
167,55,127
167,55,135
167,55,143
167,55,151
167,55,159
167,55,167
167,55,175
167,55,183
167,55,191
167,55,199
167,55,207
167,55,215
167,55,223
167,55,231
167,55,239
167,55,247
167,55,255
167,63,0
167,63,7
167,63,15
167,63,23
167,63,31
167,63,39
167,63,47
167,63,55
167,63,63
167,63,71
167,63,79
167,63,87
167,63,95
167,63,103
167,63,111
167,63,119
167,63,127
167,63,135
167,63,143
167,63,151
167,63,159
167,63,167
167,63,175
167,63,183
167,63,191
167,63,199
167,63,207
167,63,215
167,63,223
167,63,231
167,63,239
167,63,247
167,63,255
167,71,0
167,71,7
167,71,15
167,71,23
167,71,31
167,71,39
167,71,47
167,71,55
167,71,63
167,71,71
167,71,79
167,71,87
167,71,95
167,71,103
167,71,111
167,71,119
167,71,127
167,71,135
167,71,143
167,71,151
167,71,159
167,71,167
167,71,175
167,71,183
167,71,191
167,71,199
167,71,207
167,71,215
167,71,223
167,71,231
167,71,239
167,71,247
167,71,255
167,79,0
167,79,7
167,79,15
167,79,23
167,79,31
167,79,39
167,79,47
167,79,55
167,79,63
167,79,71
167,79,79
167,79,87
167,79,95
167,79,103
167,79,111
167,79,119
167,79,127
167,79,135
167,79,143
167,79,151
167,79,159
167,79,167
167,79,175
167,79,183
167,79,191
167,79,199
167,79,207
167,79,215
167,79,223
167,79,231
167,79,239
167,79,247
167,79,255
167,87,0
167,87,7
167,87,15
167,87,23
167,87,31
167,87,39
167,87,47
167,87,55
167,87,63
167,87,71
167,87,79
167,87,87
167,87,95
167,87,103
167,87,111
167,87,119
167,87,127
167,87,135
167,87,143
167,87,151
167,87,159
167,87,167
167,87,175
167,87,183
167,87,191
167,87,199
167,87,207
167,87,215
167,87,223
167,87,231
167,87,239
167,87,247
167,87,255
167,95,0
167,95,7
167,95,15
167,95,23
167,95,31
167,95,39
167,95,47
167,95,55
167,95,63
167,95,71
167,95,79
167,95,87
167,95,95
167,95,103
167,95,111
167,95,119
167,95,127
167,95,135
167,95,143
167,95,151
167,95,159
167,95,167
167,95,175
167,95,183
167,95,191
167,95,199
167,95,207
167,95,215
167,95,223
167,95,231
167,95,239
167,95,247
167,95,255
167,103,0
167,103,7
167,103,15
167,103,23
167,103,31
167,103,39
167,103,47
167,103,55
167,103,63
167,103,71
167,103,79
167,103,87
167,103,95
167,103,103
167,103,111
167,103,119
167,103,127
167,103,135
167,103,143
167,103,151
167,103,159
167,103,167
167,103,175
167,103,183
167,103,191
167,103,199
167,103,207
167,103,215
167,103,223
167,103,231
167,103,239
167,103,247
167,103,255
167,111,0
167,111,7
167,111,15
167,111,23
167,111,31
167,111,39
167,111,47
167,111,55
167,111,63
167,111,71
167,111,79
167,111,87
167,111,95
167,111,103
167,111,111
167,111,119
167,111,127
167,111,135
167,111,143
167,111,151
167,111,159
167,111,167
167,111,175
167,111,183
167,111,191
167,111,199
167,111,207
167,111,215
167,111,223
167,111,231
167,111,239
167,111,247
167,111,255
167,119,0
167,119,7
167,119,15
167,119,23
167,119,31
167,119,39
167,119,47
167,119,55
167,119,63
167,119,71
167,119,79
167,119,87
167,119,95
167,119,103
167,119,111
167,119,119
167,119,127
167,119,135
167,119,143
167,119,151
167,119,159
167,119,167
167,119,175
167,119,183
167,119,191
167,119,199
167,119,207
167,119,215
167,119,223
167,119,231
167,119,239
167,119,247
167,119,255
167,127,0
167,127,7
167,127,15
167,127,23
167,127,31
167,127,39
167,127,47
167,127,55
167,127,63
167,127,71
167,127,79
167,127,87
167,127,95
167,127,103
167,127,111
167,127,119
167,127,127
167,127,135
167,127,143
167,127,151
167,127,159
167,127,167
167,127,175
167,127,183
167,127,191
167,127,199
167,127,207
167,127,215
167,127,223
167,127,231
167,127,239
167,127,247
167,127,255
167,135,0
167,135,7
167,135,15
167,135,23
167,135,31
167,135,39
167,135,47
167,135,55
167,135,63
167,135,71
167,135,79
167,135,87
167,135,95
167,135,103
167,135,111
167,135,119
167,135,127
167,135,135
167,135,143
167,135,151
167,135,159
167,135,167
167,135,175
167,135,183
167,135,191
167,135,199
167,135,207
167,135,215
167,135,223
167,135,231
167,135,239
167,135,247
167,135,255
167,143,0
167,143,7
167,143,15
167,143,23
167,143,31
167,143,39
167,143,47
167,143,55
167,143,63
167,143,71
167,143,79
167,143,87
167,143,95
167,143,103
167,143,111
167,143,119
167,143,127
167,143,135
167,143,143
167,143,151
167,143,159
167,143,167
167,143,175
167,143,183
167,143,191
167,143,199
167,143,207
167,143,215
167,143,223
167,143,231
167,143,239
167,143,247
167,143,255
167,151,0
167,151,7
167,151,15
167,151,23
167,151,31
167,151,39
167,151,47
167,151,55
167,151,63
167,151,71
167,151,79
167,151,87
167,151,95
167,151,103
167,151,111
167,151,119
167,151,127
167,151,135
167,151,143
167,151,151
167,151,159
167,151,167
167,151,175
167,151,183
167,151,191
167,151,199
167,151,207
167,151,215
167,151,223
167,151,231
167,151,239
167,151,247
167,151,255
167,159,0
167,159,7
167,159,15
167,159,23
167,159,31
167,159,39
167,159,47
167,159,55
167,159,63
167,159,71
167,159,79
167,159,87
167,159,95
167,159,103
167,159,111
167,159,119
167,159,127
167,159,135
167,159,143
167,159,151
167,159,159
167,159,167
167,159,175
167,159,183
167,159,191
167,159,199
167,159,207
167,159,215
167,159,223
167,159,231
167,159,239
167,159,247
167,159,255
167,167,0
167,167,7
167,167,15
167,167,23
167,167,31
167,167,39
167,167,47
167,167,55
167,167,63
167,167,71
167,167,79
167,167,87
167,167,95
167,167,103
167,167,111
167,167,119
167,167,127
167,167,135
167,167,143
167,167,151
167,167,159
167,167,167
167,167,175
167,167,183
167,167,191
167,167,199
167,167,207
167,167,215
167,167,223
167,167,231
167,167,239
167,167,247
167,167,255
167,175,0
167,175,7
167,175,15
167,175,23
167,175,31
167,175,39
167,175,47
167,175,55
167,175,63
167,175,71
167,175,79
167,175,87
167,175,95
167,175,103
167,175,111
167,175,119
167,175,127
167,175,135
167,175,143
167,175,151
167,175,159
167,175,167
167,175,175
167,175,183
167,175,191
167,175,199
167,175,207
167,175,215
167,175,223
167,175,231
167,175,239
167,175,247
167,175,255
167,183,0
167,183,7
167,183,15
167,183,23
167,183,31
167,183,39
167,183,47
167,183,55
167,183,63
167,183,71
167,183,79
167,183,87
167,183,95
167,183,103
167,183,111
167,183,119
167,183,127
167,183,135
167,183,143
167,183,151
167,183,159
167,183,167
167,183,175
167,183,183
167,183,191
167,183,199
167,183,207
167,183,215
167,183,223
167,183,231
167,183,239
167,183,247
167,183,255
167,191,0
167,191,7
167,191,15
167,191,23
167,191,31
167,191,39
167,191,47
167,191,55
167,191,63
167,191,71
167,191,79
167,191,87
167,191,95
167,191,103
167,191,111
167,191,119
167,191,127
167,191,135
167,191,143
167,191,151
167,191,159
167,191,167
167,191,175
167,191,183
167,191,191
167,191,199
167,191,207
167,191,215
167,191,223
167,191,231
167,191,239
167,191,247
167,191,255
167,199,0
167,199,7
167,199,15
167,199,23
167,199,31
167,199,39
167,199,47
167,199,55
167,199,63
167,199,71
167,199,79
167,199,87
167,199,95
167,199,103
167,199,111
167,199,119
167,199,127
167,199,135
167,199,143
167,199,151
167,199,159
167,199,167
167,199,175
167,199,183
167,199,191
167,199,199
167,199,207
167,199,215
167,199,223
167,199,231
167,199,239
167,199,247
167,199,255
167,207,0
167,207,7
167,207,15
167,207,23
167,207,31
167,207,39
167,207,47
167,207,55
167,207,63
167,207,71
167,207,79
167,207,87
167,207,95
167,207,103
167,207,111
167,207,119
167,207,127
167,207,135
167,207,143
167,207,151
167,207,159
167,207,167
167,207,175
167,207,183
167,207,191
167,207,199
167,207,207
167,207,215
167,207,223
167,207,231
167,207,239
167,207,247
167,207,255
167,215,0
167,215,7
167,215,15
167,215,23
167,215,31
167,215,39
167,215,47
167,215,55
167,215,63
167,215,71
167,215,79
167,215,87
167,215,95
167,215,103
167,215,111
167,215,119
167,215,127
167,215,135
167,215,143
167,215,151
167,215,159
167,215,167
167,215,175
167,215,183
167,215,191
167,215,199
167,215,207
167,215,215
167,215,223
167,215,231
167,215,239
167,215,247
167,215,255
167,223,0
167,223,7
167,223,15
167,223,23
167,223,31
167,223,39
167,223,47
167,223,55
167,223,63
167,223,71
167,223,79
167,223,87
167,223,95
167,223,103
167,223,111
167,223,119
167,223,127
167,223,135
167,223,143
167,223,151
167,223,159
167,223,167
167,223,175
167,223,183
167,223,191
167,223,199
167,223,207
167,223,215
167,223,223
167,223,231
167,223,239
167,223,247
167,223,255
167,231,0
167,231,7
167,231,15
167,231,23
167,231,31
167,231,39
167,231,47
167,231,55
167,231,63
167,231,71
167,231,79
167,231,87
167,231,95
167,231,103
167,231,111
167,231,119
167,231,127
167,231,135
167,231,143
167,231,151
167,231,159
167,231,167
167,231,175
167,231,183
167,231,191
167,231,199
167,231,207
167,231,215
167,231,223
167,231,231
167,231,239
167,231,247
167,231,255
167,239,0
167,239,7
167,239,15
167,239,23
167,239,31
167,239,39
167,239,47
167,239,55
167,239,63
167,239,71
167,239,79
167,239,87
167,239,95
167,239,103
167,239,111
167,239,119
167,239,127
167,239,135
167,239,143
167,239,151
167,239,159
167,239,167
167,239,175
167,239,183
167,239,191
167,239,199
167,239,207
167,239,215
167,239,223
167,239,231
167,239,239
167,239,247
167,239,255
167,247,0
167,247,7
167,247,15
167,247,23
167,247,31
167,247,39
167,247,47
167,247,55
167,247,63
167,247,71
167,247,79
167,247,87
167,247,95
167,247,103
167,247,111
167,247,119
167,247,127
167,247,135
167,247,143
167,247,151
167,247,159
167,247,167
167,247,175
167,247,183
167,247,191
167,247,199
167,247,207
167,247,215
167,247,223
167,247,231
167,247,239
167,247,247
167,247,255
167,255,0
167,255,7
167,255,15
167,255,23
167,255,31
167,255,39
167,255,47
167,255,55
167,255,63
167,255,71
167,255,79
167,255,87
167,255,95
167,255,103
167,255,111
167,255,119
167,255,127
167,255,135
167,255,143
167,255,151
167,255,159
167,255,167
167,255,175
167,255,183
167,255,191
167,255,199
167,255,207
167,255,215
167,255,223
167,255,231
167,255,239
167,255,247
167,255,255
175,0,0
175,0,7
175,0,15
175,0,23
175,0,31
175,0,39
175,0,47
175,0,55
175,0,63
175,0,71
175,0,79
175,0,87
175,0,95
175,0,103
175,0,111
175,0,119
175,0,127
175,0,135
175,0,143
175,0,151
175,0,159
175,0,167
175,0,175
175,0,183
175,0,191
175,0,199
175,0,207
175,0,215
175,0,223
175,0,231
175,0,239
175,0,247
175,0,255
175,7,0
175,7,7
175,7,15
175,7,23
175,7,31
175,7,39
175,7,47
175,7,55
175,7,63
175,7,71
175,7,79
175,7,87
175,7,95
175,7,103
175,7,111
175,7,119
175,7,127
175,7,135
175,7,143
175,7,151
175,7,159
175,7,167
175,7,175
175,7,183
175,7,191
175,7,199
175,7,207
175,7,215
175,7,223
175,7,231
175,7,239
175,7,247
175,7,255
175,15,0
175,15,7
175,15,15
175,15,23
175,15,31
175,15,39
175,15,47
175,15,55
175,15,63
175,15,71
175,15,79
175,15,87
175,15,95
175,15,103
175,15,111
175,15,119
175,15,127
175,15,135
175,15,143
175,15,151
175,15,159
175,15,167
175,15,175
175,15,183
175,15,191
175,15,199
175,15,207
175,15,215
175,15,223
175,15,231
175,15,239
175,15,247
175,15,255
175,23,0
175,23,7
175,23,15
175,23,23
175,23,31
175,23,39
175,23,47
175,23,55
175,23,63
175,23,71
175,23,79
175,23,87
175,23,95
175,23,103
175,23,111
175,23,119
175,23,127
175,23,135
175,23,143
175,23,151
175,23,159
175,23,167
175,23,175
175,23,183
175,23,191
175,23,199
175,23,207
175,23,215
175,23,223
175,23,231
175,23,239
175,23,247
175,23,255
175,31,0
175,31,7
175,31,15
175,31,23
175,31,31
175,31,39
175,31,47
175,31,55
175,31,63
175,31,71
175,31,79
175,31,87
175,31,95
175,31,103
175,31,111
175,31,119
175,31,127
175,31,135
175,31,143
175,31,151
175,31,159
175,31,167
175,31,175
175,31,183
175,31,191
175,31,199
175,31,207
175,31,215
175,31,223
175,31,231
175,31,239
175,31,247
175,31,255
175,39,0
175,39,7
175,39,15
175,39,23
175,39,31
175,39,39
175,39,47
175,39,55
175,39,63
175,39,71
175,39,79
175,39,87
175,39,95
175,39,103
175,39,111
175,39,119
175,39,127
175,39,135
175,39,143
175,39,151
175,39,159
175,39,167
175,39,175
175,39,183
175,39,191
175,39,199
175,39,207
175,39,215
175,39,223
175,39,231
175,39,239
175,39,247
175,39,255
175,47,0
175,47,7
175,47,15
175,47,23
175,47,31
175,47,39
175,47,47
175,47,55
175,47,63
175,47,71
175,47,79
175,47,87
175,47,95
175,47,103
175,47,111
175,47,119
175,47,127
175,47,135
175,47,143
175,47,151
175,47,159
175,47,167
175,47,175
175,47,183
175,47,191
175,47,199
175,47,207
175,47,215
175,47,223
175,47,231
175,47,239
175,47,247
175,47,255
175,55,0
175,55,7
175,55,15
175,55,23
175,55,31
175,55,39
175,55,47
175,55,55
175,55,63
175,55,71
175,55,79
175,55,87
175,55,95
175,55,103
175,55,111
175,55,119
175,55,127
175,55,135
175,55,143
175,55,151
175,55,159
175,55,167
175,55,175
175,55,183
175,55,191
175,55,199
175,55,207
175,55,215
175,55,223
175,55,231
175,55,239
175,55,247
175,55,255
175,63,0
175,63,7
175,63,15
175,63,23
175,63,31
175,63,39
175,63,47
175,63,55
175,63,63
175,63,71
175,63,79
175,63,87
175,63,95
175,63,103
175,63,111
175,63,119
175,63,127
175,63,135
175,63,143
175,63,151
175,63,159
175,63,167
175,63,175
175,63,183
175,63,191
175,63,199
175,63,207
175,63,215
175,63,223
175,63,231
175,63,239
175,63,247
175,63,255
175,71,0
175,71,7
175,71,15
175,71,23
175,71,31
175,71,39
175,71,47
175,71,55
175,71,63
175,71,71
175,71,79
175,71,87
175,71,95
175,71,103
175,71,111
175,71,119
175,71,127
175,71,135
175,71,143
175,71,151
175,71,159
175,71,167
175,71,175
175,71,183
175,71,191
175,71,199
175,71,207
175,71,215
175,71,223
175,71,231
175,71,239
175,71,247
175,71,255
175,79,0
175,79,7
175,79,15
175,79,23
175,79,31
175,79,39
175,79,47
175,79,55
175,79,63
175,79,71
175,79,79
175,79,87
175,79,95
175,79,103
175,79,111
175,79,119
175,79,127
175,79,135
175,79,143
175,79,151
175,79,159
175,79,167
175,79,175
175,79,183
175,79,191
175,79,199
175,79,207
175,79,215
175,79,223
175,79,231
175,79,239
175,79,247
175,79,255
175,87,0
175,87,7
175,87,15
175,87,23
175,87,31
175,87,39
175,87,47
175,87,55
175,87,63
175,87,71
175,87,79
175,87,87
175,87,95
175,87,103
175,87,111
175,87,119
175,87,127
175,87,135
175,87,143
175,87,151
175,87,159
175,87,167
175,87,175
175,87,183
175,87,191
175,87,199
175,87,207
175,87,215
175,87,223
175,87,231
175,87,239
175,87,247
175,87,255
175,95,0
175,95,7
175,95,15
175,95,23
175,95,31
175,95,39
175,95,47
175,95,55
175,95,63
175,95,71
175,95,79
175,95,87
175,95,95
175,95,103
175,95,111
175,95,119
175,95,127
175,95,135
175,95,143
175,95,151
175,95,159
175,95,167
175,95,175
175,95,183
175,95,191
175,95,199
175,95,207
175,95,215
175,95,223
175,95,231
175,95,239
175,95,247
175,95,255
175,103,0
175,103,7
175,103,15
175,103,23
175,103,31
175,103,39
175,103,47
175,103,55
175,103,63
175,103,71
175,103,79
175,103,87
175,103,95
175,103,103
175,103,111
175,103,119
175,103,127
175,103,135
175,103,143
175,103,151
175,103,159
175,103,167
175,103,175
175,103,183
175,103,191
175,103,199
175,103,207
175,103,215
175,103,223
175,103,231
175,103,239
175,103,247
175,103,255
175,111,0
175,111,7
175,111,15
175,111,23
175,111,31
175,111,39
175,111,47
175,111,55
175,111,63
175,111,71
175,111,79
175,111,87
175,111,95
175,111,103
175,111,111
175,111,119
175,111,127
175,111,135
175,111,143
175,111,151
175,111,159
175,111,167
175,111,175
175,111,183
175,111,191
175,111,199
175,111,207
175,111,215
175,111,223
175,111,231
175,111,239
175,111,247
175,111,255
175,119,0
175,119,7
175,119,15
175,119,23
175,119,31
175,119,39
175,119,47
175,119,55
175,119,63
175,119,71
175,119,79
175,119,87
175,119,95
175,119,103
175,119,111
175,119,119
175,119,127
175,119,135
175,119,143
175,119,151
175,119,159
175,119,167
175,119,175
175,119,183
175,119,191
175,119,199
175,119,207
175,119,215
175,119,223
175,119,231
175,119,239
175,119,247
175,119,255
175,127,0
175,127,7
175,127,15
175,127,23
175,127,31
175,127,39
175,127,47
175,127,55
175,127,63
175,127,71
175,127,79
175,127,87
175,127,95
175,127,103
175,127,111
175,127,119
175,127,127
175,127,135
175,127,143
175,127,151
175,127,159
175,127,167
175,127,175
175,127,183
175,127,191
175,127,199
175,127,207
175,127,215
175,127,223
175,127,231
175,127,239
175,127,247
175,127,255
175,135,0
175,135,7
175,135,15
175,135,23
175,135,31
175,135,39
175,135,47
175,135,55
175,135,63
175,135,71
175,135,79
175,135,87
175,135,95
175,135,103
175,135,111
175,135,119
175,135,127
175,135,135
175,135,143
175,135,151
175,135,159
175,135,167
175,135,175
175,135,183
175,135,191
175,135,199
175,135,207
175,135,215
175,135,223
175,135,231
175,135,239
175,135,247
175,135,255
175,143,0
175,143,7
175,143,15
175,143,23
175,143,31
175,143,39
175,143,47
175,143,55
175,143,63
175,143,71
175,143,79
175,143,87
175,143,95
175,143,103
175,143,111
175,143,119
175,143,127
175,143,135
175,143,143
175,143,151
175,143,159
175,143,167
175,143,175
175,143,183
175,143,191
175,143,199
175,143,207
175,143,215
175,143,223
175,143,231
175,143,239
175,143,247
175,143,255
175,151,0
175,151,7
175,151,15
175,151,23
175,151,31
175,151,39
175,151,47
175,151,55
175,151,63
175,151,71
175,151,79
175,151,87
175,151,95
175,151,103
175,151,111
175,151,119
175,151,127
175,151,135
175,151,143
175,151,151
175,151,159
175,151,167
175,151,175
175,151,183
175,151,191
175,151,199
175,151,207
175,151,215
175,151,223
175,151,231
175,151,239
175,151,247
175,151,255
175,159,0
175,159,7
175,159,15
175,159,23
175,159,31
175,159,39
175,159,47
175,159,55
175,159,63
175,159,71
175,159,79
175,159,87
175,159,95
175,159,103
175,159,111
175,159,119
175,159,127
175,159,135
175,159,143
175,159,151
175,159,159
175,159,167
175,159,175
175,159,183
175,159,191
175,159,199
175,159,207
175,159,215
175,159,223
175,159,231
175,159,239
175,159,247
175,159,255
175,167,0
175,167,7
175,167,15
175,167,23
175,167,31
175,167,39
175,167,47
175,167,55
175,167,63
175,167,71
175,167,79
175,167,87
175,167,95
175,167,103
175,167,111
175,167,119
175,167,127
175,167,135
175,167,143
175,167,151
175,167,159
175,167,167
175,167,175
175,167,183
175,167,191
175,167,199
175,167,207
175,167,215
175,167,223
175,167,231
175,167,239
175,167,247
175,167,255
175,175,0
175,175,7
175,175,15
175,175,23
175,175,31
175,175,39
175,175,47
175,175,55
175,175,63
175,175,71
175,175,79
175,175,87
175,175,95
175,175,103
175,175,111
175,175,119
175,175,127
175,175,135
175,175,143
175,175,151
175,175,159
175,175,167
175,175,175
175,175,183
175,175,191
175,175,199
175,175,207
175,175,215
175,175,223
175,175,231
175,175,239
175,175,247
175,175,255
175,183,0
175,183,7
175,183,15
175,183,23
175,183,31
175,183,39
175,183,47
175,183,55
175,183,63
175,183,71
175,183,79
175,183,87
175,183,95
175,183,103
175,183,111
175,183,119
175,183,127
175,183,135
175,183,143
175,183,151
175,183,159
175,183,167
175,183,175
175,183,183
175,183,191
175,183,199
175,183,207
175,183,215
175,183,223
175,183,231
175,183,239
175,183,247
175,183,255
175,191,0
175,191,7
175,191,15
175,191,23
175,191,31
175,191,39
175,191,47
175,191,55
175,191,63
175,191,71
175,191,79
175,191,87
175,191,95
175,191,103
175,191,111
175,191,119
175,191,127
175,191,135
175,191,143
175,191,151
175,191,159
175,191,167
175,191,175
175,191,183
175,191,191
175,191,199
175,191,207
175,191,215
175,191,223
175,191,231
175,191,239
175,191,247
175,191,255
175,199,0
175,199,7
175,199,15
175,199,23
175,199,31
175,199,39
175,199,47
175,199,55
175,199,63
175,199,71
175,199,79
175,199,87
175,199,95
175,199,103
175,199,111
175,199,119
175,199,127
175,199,135
175,199,143
175,199,151
175,199,159
175,199,167
175,199,175
175,199,183
175,199,191
175,199,199
175,199,207
175,199,215
175,199,223
175,199,231
175,199,239
175,199,247
175,199,255
175,207,0
175,207,7
175,207,15
175,207,23
175,207,31
175,207,39
175,207,47
175,207,55
175,207,63
175,207,71
175,207,79
175,207,87
175,207,95
175,207,103
175,207,111
175,207,119
175,207,127
175,207,135
175,207,143
175,207,151
175,207,159
175,207,167
175,207,175
175,207,183
175,207,191
175,207,199
175,207,207
175,207,215
175,207,223
175,207,231
175,207,239
175,207,247
175,207,255
175,215,0
175,215,7
175,215,15
175,215,23
175,215,31
175,215,39
175,215,47
175,215,55
175,215,63
175,215,71
175,215,79
175,215,87
175,215,95
175,215,103
175,215,111
175,215,119
175,215,127
175,215,135
175,215,143
175,215,151
175,215,159
175,215,167
175,215,175
175,215,183
175,215,191
175,215,199
175,215,207
175,215,215
175,215,223
175,215,231
175,215,239
175,215,247
175,215,255
175,223,0
175,223,7
175,223,15
175,223,23
175,223,31
175,223,39
175,223,47
175,223,55
175,223,63
175,223,71
175,223,79
175,223,87
175,223,95
175,223,103
175,223,111
175,223,119
175,223,127
175,223,135
175,223,143
175,223,151
175,223,159
175,223,167
175,223,175
175,223,183
175,223,191
175,223,199
175,223,207
175,223,215
175,223,223
175,223,231
175,223,239
175,223,247
175,223,255
175,231,0
175,231,7
175,231,15
175,231,23
175,231,31
175,231,39
175,231,47
175,231,55
175,231,63
175,231,71
175,231,79
175,231,87
175,231,95
175,231,103
175,231,111
175,231,119
175,231,127
175,231,135
175,231,143
175,231,151
175,231,159
175,231,167
175,231,175
175,231,183
175,231,191
175,231,199
175,231,207
175,231,215
175,231,223
175,231,231
175,231,239
175,231,247
175,231,255
175,239,0
175,239,7
175,239,15
175,239,23
175,239,31
175,239,39
175,239,47
175,239,55
175,239,63
175,239,71
175,239,79
175,239,87
175,239,95
175,239,103
175,239,111
175,239,119
175,239,127
175,239,135
175,239,143
175,239,151
175,239,159
175,239,167
175,239,175
175,239,183
175,239,191
175,239,199
175,239,207
175,239,215
175,239,223
175,239,231
175,239,239
175,239,247
175,239,255
175,247,0
175,247,7
175,247,15
175,247,23
175,247,31
175,247,39
175,247,47
175,247,55
175,247,63
175,247,71
175,247,79
175,247,87
175,247,95
175,247,103
175,247,111
175,247,119
175,247,127
175,247,135
175,247,143
175,247,151
175,247,159
175,247,167
175,247,175
175,247,183
175,247,191
175,247,199
175,247,207
175,247,215
175,247,223
175,247,231
175,247,239
175,247,247
175,247,255
175,255,0
175,255,7
175,255,15
175,255,23
175,255,31
175,255,39
175,255,47
175,255,55
175,255,63
175,255,71
175,255,79
175,255,87
175,255,95
175,255,103
175,255,111
175,255,119
175,255,127
175,255,135
175,255,143
175,255,151
175,255,159
175,255,167
175,255,175
175,255,183
175,255,191
175,255,199
175,255,207
175,255,215
175,255,223
175,255,231
175,255,239
175,255,247
175,255,255
183,0,0
183,0,7
183,0,15
183,0,23
183,0,31
183,0,39
183,0,47
183,0,55
183,0,63
183,0,71
183,0,79
183,0,87
183,0,95
183,0,103
183,0,111
183,0,119
183,0,127
183,0,135
183,0,143
183,0,151
183,0,159
183,0,167
183,0,175
183,0,183
183,0,191
183,0,199
183,0,207
183,0,215
183,0,223
183,0,231
183,0,239
183,0,247
183,0,255
183,7,0
183,7,7
183,7,15
183,7,23
183,7,31
183,7,39
183,7,47
183,7,55
183,7,63
183,7,71
183,7,79
183,7,87
183,7,95
183,7,103
183,7,111
183,7,119
183,7,127
183,7,135
183,7,143
183,7,151
183,7,159
183,7,167
183,7,175
183,7,183
183,7,191
183,7,199
183,7,207
183,7,215
183,7,223
183,7,231
183,7,239
183,7,247
183,7,255
183,15,0
183,15,7
183,15,15
183,15,23
183,15,31
183,15,39
183,15,47
183,15,55
183,15,63
183,15,71
183,15,79
183,15,87
183,15,95
183,15,103
183,15,111
183,15,119
183,15,127
183,15,135
183,15,143
183,15,151
183,15,159
183,15,167
183,15,175
183,15,183
183,15,191
183,15,199
183,15,207
183,15,215
183,15,223
183,15,231
183,15,239
183,15,247
183,15,255
183,23,0
183,23,7
183,23,15
183,23,23
183,23,31
183,23,39
183,23,47
183,23,55
183,23,63
183,23,71
183,23,79
183,23,87
183,23,95
183,23,103
183,23,111
183,23,119
183,23,127
183,23,135
183,23,143
183,23,151
183,23,159
183,23,167
183,23,175
183,23,183
183,23,191
183,23,199
183,23,207
183,23,215
183,23,223
183,23,231
183,23,239
183,23,247
183,23,255
183,31,0
183,31,7
183,31,15
183,31,23
183,31,31
183,31,39
183,31,47
183,31,55
183,31,63
183,31,71
183,31,79
183,31,87
183,31,95
183,31,103
183,31,111
183,31,119
183,31,127
183,31,135
183,31,143
183,31,151
183,31,159
183,31,167
183,31,175
183,31,183
183,31,191
183,31,199
183,31,207
183,31,215
183,31,223
183,31,231
183,31,239
183,31,247
183,31,255
183,39,0
183,39,7
183,39,15
183,39,23
183,39,31
183,39,39
183,39,47
183,39,55
183,39,63
183,39,71
183,39,79
183,39,87
183,39,95
183,39,103
183,39,111
183,39,119
183,39,127
183,39,135
183,39,143
183,39,151
183,39,159
183,39,167
183,39,175
183,39,183
183,39,191
183,39,199
183,39,207
183,39,215
183,39,223
183,39,231
183,39,239
183,39,247
183,39,255
183,47,0
183,47,7
183,47,15
183,47,23
183,47,31
183,47,39
183,47,47
183,47,55
183,47,63
183,47,71
183,47,79
183,47,87
183,47,95
183,47,103
183,47,111
183,47,119
183,47,127
183,47,135
183,47,143
183,47,151
183,47,159
183,47,167
183,47,175
183,47,183
183,47,191
183,47,199
183,47,207
183,47,215
183,47,223
183,47,231
183,47,239
183,47,247
183,47,255
183,55,0
183,55,7
183,55,15
183,55,23
183,55,31
183,55,39
183,55,47
183,55,55
183,55,63
183,55,71
183,55,79
183,55,87
183,55,95
183,55,103
183,55,111
183,55,119
183,55,127
183,55,135
183,55,143
183,55,151
183,55,159
183,55,167
183,55,175
183,55,183
183,55,191
183,55,199
183,55,207
183,55,215
183,55,223
183,55,231
183,55,239
183,55,247
183,55,255
183,63,0
183,63,7
183,63,15
183,63,23
183,63,31
183,63,39
183,63,47
183,63,55
183,63,63
183,63,71
183,63,79
183,63,87
183,63,95
183,63,103
183,63,111
183,63,119
183,63,127
183,63,135
183,63,143
183,63,151
183,63,159
183,63,167
183,63,175
183,63,183
183,63,191
183,63,199
183,63,207
183,63,215
183,63,223
183,63,231
183,63,239
183,63,247
183,63,255
183,71,0
183,71,7
183,71,15
183,71,23
183,71,31
183,71,39
183,71,47
183,71,55
183,71,63
183,71,71
183,71,79
183,71,87
183,71,95
183,71,103
183,71,111
183,71,119
183,71,127
183,71,135
183,71,143
183,71,151
183,71,159
183,71,167
183,71,175
183,71,183
183,71,191
183,71,199
183,71,207
183,71,215
183,71,223
183,71,231
183,71,239
183,71,247
183,71,255
183,79,0
183,79,7
183,79,15
183,79,23
183,79,31
183,79,39
183,79,47
183,79,55
183,79,63
183,79,71
183,79,79
183,79,87
183,79,95
183,79,103
183,79,111
183,79,119
183,79,127
183,79,135
183,79,143
183,79,151
183,79,159
183,79,167
183,79,175
183,79,183
183,79,191
183,79,199
183,79,207
183,79,215
183,79,223
183,79,231
183,79,239
183,79,247
183,79,255
183,87,0
183,87,7
183,87,15
183,87,23
183,87,31
183,87,39
183,87,47
183,87,55
183,87,63
183,87,71
183,87,79
183,87,87
183,87,95
183,87,103
183,87,111
183,87,119
183,87,127
183,87,135
183,87,143
183,87,151
183,87,159
183,87,167
183,87,175
183,87,183
183,87,191
183,87,199
183,87,207
183,87,215
183,87,223
183,87,231
183,87,239
183,87,247
183,87,255
183,95,0
183,95,7
183,95,15
183,95,23
183,95,31
183,95,39
183,95,47
183,95,55
183,95,63
183,95,71
183,95,79
183,95,87
183,95,95
183,95,103
183,95,111
183,95,119
183,95,127
183,95,135
183,95,143
183,95,151
183,95,159
183,95,167
183,95,175
183,95,183
183,95,191
183,95,199
183,95,207
183,95,215
183,95,223
183,95,231
183,95,239
183,95,247
183,95,255
183,103,0
183,103,7
183,103,15
183,103,23
183,103,31
183,103,39
183,103,47
183,103,55
183,103,63
183,103,71
183,103,79
183,103,87
183,103,95
183,103,103
183,103,111
183,103,119
183,103,127
183,103,135
183,103,143
183,103,151
183,103,159
183,103,167
183,103,175
183,103,183
183,103,191
183,103,199
183,103,207
183,103,215
183,103,223
183,103,231
183,103,239
183,103,247
183,103,255
183,111,0
183,111,7
183,111,15
183,111,23
183,111,31
183,111,39
183,111,47
183,111,55
183,111,63
183,111,71
183,111,79
183,111,87
183,111,95
183,111,103
183,111,111
183,111,119
183,111,127
183,111,135
183,111,143
183,111,151
183,111,159
183,111,167
183,111,175
183,111,183
183,111,191
183,111,199
183,111,207
183,111,215
183,111,223
183,111,231
183,111,239
183,111,247
183,111,255
183,119,0
183,119,7
183,119,15
183,119,23
183,119,31
183,119,39
183,119,47
183,119,55
183,119,63
183,119,71
183,119,79
183,119,87
183,119,95
183,119,103
183,119,111
183,119,119
183,119,127
183,119,135
183,119,143
183,119,151
183,119,159
183,119,167
183,119,175
183,119,183
183,119,191
183,119,199
183,119,207
183,119,215
183,119,223
183,119,231
183,119,239
183,119,247
183,119,255
183,127,0
183,127,7
183,127,15
183,127,23
183,127,31
183,127,39
183,127,47
183,127,55
183,127,63
183,127,71
183,127,79
183,127,87
183,127,95
183,127,103
183,127,111
183,127,119
183,127,127
183,127,135
183,127,143
183,127,151
183,127,159
183,127,167
183,127,175
183,127,183
183,127,191
183,127,199
183,127,207
183,127,215
183,127,223
183,127,231
183,127,239
183,127,247
183,127,255
183,135,0
183,135,7
183,135,15
183,135,23
183,135,31
183,135,39
183,135,47
183,135,55
183,135,63
183,135,71
183,135,79
183,135,87
183,135,95
183,135,103
183,135,111
183,135,119
183,135,127
183,135,135
183,135,143
183,135,151
183,135,159
183,135,167
183,135,175
183,135,183
183,135,191
183,135,199
183,135,207
183,135,215
183,135,223
183,135,231
183,135,239
183,135,247
183,135,255
183,143,0
183,143,7
183,143,15
183,143,23
183,143,31
183,143,39
183,143,47
183,143,55
183,143,63
183,143,71
183,143,79
183,143,87
183,143,95
183,143,103
183,143,111
183,143,119
183,143,127
183,143,135
183,143,143
183,143,151
183,143,159
183,143,167
183,143,175
183,143,183
183,143,191
183,143,199
183,143,207
183,143,215
183,143,223
183,143,231
183,143,239
183,143,247
183,143,255
183,151,0
183,151,7
183,151,15
183,151,23
183,151,31
183,151,39
183,151,47
183,151,55
183,151,63
183,151,71
183,151,79
183,151,87
183,151,95
183,151,103
183,151,111
183,151,119
183,151,127
183,151,135
183,151,143
183,151,151
183,151,159
183,151,167
183,151,175
183,151,183
183,151,191
183,151,199
183,151,207
183,151,215
183,151,223
183,151,231
183,151,239
183,151,247
183,151,255
183,159,0
183,159,7
183,159,15
183,159,23
183,159,31
183,159,39
183,159,47
183,159,55
183,159,63
183,159,71
183,159,79
183,159,87
183,159,95
183,159,103
183,159,111
183,159,119
183,159,127
183,159,135
183,159,143
183,159,151
183,159,159
183,159,167
183,159,175
183,159,183
183,159,191
183,159,199
183,159,207
183,159,215
183,159,223
183,159,231
183,159,239
183,159,247
183,159,255
183,167,0
183,167,7
183,167,15
183,167,23
183,167,31
183,167,39
183,167,47
183,167,55
183,167,63
183,167,71
183,167,79
183,167,87
183,167,95
183,167,103
183,167,111
183,167,119
183,167,127
183,167,135
183,167,143
183,167,151
183,167,159
183,167,167
183,167,175
183,167,183
183,167,191
183,167,199
183,167,207
183,167,215
183,167,223
183,167,231
183,167,239
183,167,247
183,167,255
183,175,0
183,175,7
183,175,15
183,175,23
183,175,31
183,175,39
183,175,47
183,175,55
183,175,63
183,175,71
183,175,79
183,175,87
183,175,95
183,175,103
183,175,111
183,175,119
183,175,127
183,175,135
183,175,143
183,175,151
183,175,159
183,175,167
183,175,175
183,175,183
183,175,191
183,175,199
183,175,207
183,175,215
183,175,223
183,175,231
183,175,239
183,175,247
183,175,255
183,183,0
183,183,7
183,183,15
183,183,23
183,183,31
183,183,39
183,183,47
183,183,55
183,183,63
183,183,71
183,183,79
183,183,87
183,183,95
183,183,103
183,183,111
183,183,119
183,183,127
183,183,135
183,183,143
183,183,151
183,183,159
183,183,167
183,183,175
183,183,183
183,183,191
183,183,199
183,183,207
183,183,215
183,183,223
183,183,231
183,183,239
183,183,247
183,183,255
183,191,0
183,191,7
183,191,15
183,191,23
183,191,31
183,191,39
183,191,47
183,191,55
183,191,63
183,191,71
183,191,79
183,191,87
183,191,95
183,191,103
183,191,111
183,191,119
183,191,127
183,191,135
183,191,143
183,191,151
183,191,159
183,191,167
183,191,175
183,191,183
183,191,191
183,191,199
183,191,207
183,191,215
183,191,223
183,191,231
183,191,239
183,191,247
183,191,255
183,199,0
183,199,7
183,199,15
183,199,23
183,199,31
183,199,39
183,199,47
183,199,55
183,199,63
183,199,71
183,199,79
183,199,87
183,199,95
183,199,103
183,199,111
183,199,119
183,199,127
183,199,135
183,199,143
183,199,151
183,199,159
183,199,167
183,199,175
183,199,183
183,199,191
183,199,199
183,199,207
183,199,215
183,199,223
183,199,231
183,199,239
183,199,247
183,199,255
183,207,0
183,207,7
183,207,15
183,207,23
183,207,31
183,207,39
183,207,47
183,207,55
183,207,63
183,207,71
183,207,79
183,207,87
183,207,95
183,207,103
183,207,111
183,207,119
183,207,127
183,207,135
183,207,143
183,207,151
183,207,159
183,207,167
183,207,175
183,207,183
183,207,191
183,207,199
183,207,207
183,207,215
183,207,223
183,207,231
183,207,239
183,207,247
183,207,255
183,215,0
183,215,7
183,215,15
183,215,23
183,215,31
183,215,39
183,215,47
183,215,55
183,215,63
183,215,71
183,215,79
183,215,87
183,215,95
183,215,103
183,215,111
183,215,119
183,215,127
183,215,135
183,215,143
183,215,151
183,215,159
183,215,167
183,215,175
183,215,183
183,215,191
183,215,199
183,215,207
183,215,215
183,215,223
183,215,231
183,215,239
183,215,247
183,215,255
183,223,0
183,223,7
183,223,15
183,223,23
183,223,31
183,223,39
183,223,47
183,223,55
183,223,63
183,223,71
183,223,79
183,223,87
183,223,95
183,223,103
183,223,111
183,223,119
183,223,127
183,223,135
183,223,143
183,223,151
183,223,159
183,223,167
183,223,175
183,223,183
183,223,191
183,223,199
183,223,207
183,223,215
183,223,223
183,223,231
183,223,239
183,223,247
183,223,255
183,231,0
183,231,7
183,231,15
183,231,23
183,231,31
183,231,39
183,231,47
183,231,55
183,231,63
183,231,71
183,231,79
183,231,87
183,231,95
183,231,103
183,231,111
183,231,119
183,231,127
183,231,135
183,231,143
183,231,151
183,231,159
183,231,167
183,231,175
183,231,183
183,231,191
183,231,199
183,231,207
183,231,215
183,231,223
183,231,231
183,231,239
183,231,247
183,231,255
183,239,0
183,239,7
183,239,15
183,239,23
183,239,31
183,239,39
183,239,47
183,239,55
183,239,63
183,239,71
183,239,79
183,239,87
183,239,95
183,239,103
183,239,111
183,239,119
183,239,127
183,239,135
183,239,143
183,239,151
183,239,159
183,239,167
183,239,175
183,239,183
183,239,191
183,239,199
183,239,207
183,239,215
183,239,223
183,239,231
183,239,239
183,239,247
183,239,255
183,247,0
183,247,7
183,247,15
183,247,23
183,247,31
183,247,39
183,247,47
183,247,55
183,247,63
183,247,71
183,247,79
183,247,87
183,247,95
183,247,103
183,247,111
183,247,119
183,247,127
183,247,135
183,247,143
183,247,151
183,247,159
183,247,167
183,247,175
183,247,183
183,247,191
183,247,199
183,247,207
183,247,215
183,247,223
183,247,231
183,247,239
183,247,247
183,247,255
183,255,0
183,255,7
183,255,15
183,255,23
183,255,31
183,255,39
183,255,47
183,255,55
183,255,63
183,255,71
183,255,79
183,255,87
183,255,95
183,255,103
183,255,111
183,255,119
183,255,127
183,255,135
183,255,143
183,255,151
183,255,159
183,255,167
183,255,175
183,255,183
183,255,191
183,255,199
183,255,207
183,255,215
183,255,223
183,255,231
183,255,239
183,255,247
183,255,255
191,0,0
191,0,7
191,0,15
191,0,23
191,0,31
191,0,39
191,0,47
191,0,55
191,0,63
191,0,71
191,0,79
191,0,87
191,0,95
191,0,103
191,0,111
191,0,119
191,0,127
191,0,135
191,0,143
191,0,151
191,0,159
191,0,167
191,0,175
191,0,183
191,0,191
191,0,199
191,0,207
191,0,215
191,0,223
191,0,231
191,0,239
191,0,247
191,0,255
191,7,0
191,7,7
191,7,15
191,7,23
191,7,31
191,7,39
191,7,47
191,7,55
191,7,63
191,7,71
191,7,79
191,7,87
191,7,95
191,7,103
191,7,111
191,7,119
191,7,127
191,7,135
191,7,143
191,7,151
191,7,159
191,7,167
191,7,175
191,7,183
191,7,191
191,7,199
191,7,207
191,7,215
191,7,223
191,7,231
191,7,239
191,7,247
191,7,255
191,15,0
191,15,7
191,15,15
191,15,23
191,15,31
191,15,39
191,15,47
191,15,55
191,15,63
191,15,71
191,15,79
191,15,87
191,15,95
191,15,103
191,15,111
191,15,119
191,15,127
191,15,135
191,15,143
191,15,151
191,15,159
191,15,167
191,15,175
191,15,183
191,15,191
191,15,199
191,15,207
191,15,215
191,15,223
191,15,231
191,15,239
191,15,247
191,15,255
191,23,0
191,23,7
191,23,15
191,23,23
191,23,31
191,23,39
191,23,47
191,23,55
191,23,63
191,23,71
191,23,79
191,23,87
191,23,95
191,23,103
191,23,111
191,23,119
191,23,127
191,23,135
191,23,143
191,23,151
191,23,159
191,23,167
191,23,175
191,23,183
191,23,191
191,23,199
191,23,207
191,23,215
191,23,223
191,23,231
191,23,239
191,23,247
191,23,255
191,31,0
191,31,7
191,31,15
191,31,23
191,31,31
191,31,39
191,31,47
191,31,55
191,31,63
191,31,71
191,31,79
191,31,87
191,31,95
191,31,103
191,31,111
191,31,119
191,31,127
191,31,135
191,31,143
191,31,151
191,31,159
191,31,167
191,31,175
191,31,183
191,31,191
191,31,199
191,31,207
191,31,215
191,31,223
191,31,231
191,31,239
191,31,247
191,31,255
191,39,0
191,39,7
191,39,15
191,39,23
191,39,31
191,39,39
191,39,47
191,39,55
191,39,63
191,39,71
191,39,79
191,39,87
191,39,95
191,39,103
191,39,111
191,39,119
191,39,127
191,39,135
191,39,143
191,39,151
191,39,159
191,39,167
191,39,175
191,39,183
191,39,191
191,39,199
191,39,207
191,39,215
191,39,223
191,39,231
191,39,239
191,39,247
191,39,255
191,47,0
191,47,7
191,47,15
191,47,23
191,47,31
191,47,39
191,47,47
191,47,55
191,47,63
191,47,71
191,47,79
191,47,87
191,47,95
191,47,103
191,47,111
191,47,119
191,47,127
191,47,135
191,47,143
191,47,151
191,47,159
191,47,167
191,47,175
191,47,183
191,47,191
191,47,199
191,47,207
191,47,215
191,47,223
191,47,231
191,47,239
191,47,247
191,47,255
191,55,0
191,55,7
191,55,15
191,55,23
191,55,31
191,55,39
191,55,47
191,55,55
191,55,63
191,55,71
191,55,79
191,55,87
191,55,95
191,55,103
191,55,111
191,55,119
191,55,127
191,55,135
191,55,143
191,55,151
191,55,159
191,55,167
191,55,175
191,55,183
191,55,191
191,55,199
191,55,207
191,55,215
191,55,223
191,55,231
191,55,239
191,55,247
191,55,255
191,63,0
191,63,7
191,63,15
191,63,23
191,63,31
191,63,39
191,63,47
191,63,55
191,63,63
191,63,71
191,63,79
191,63,87
191,63,95
191,63,103
191,63,111
191,63,119
191,63,127
191,63,135
191,63,143
191,63,151
191,63,159
191,63,167
191,63,175
191,63,183
191,63,191
191,63,199
191,63,207
191,63,215
191,63,223
191,63,231
191,63,239
191,63,247
191,63,255
191,71,0
191,71,7
191,71,15
191,71,23
191,71,31
191,71,39
191,71,47
191,71,55
191,71,63
191,71,71
191,71,79
191,71,87
191,71,95
191,71,103
191,71,111
191,71,119
191,71,127
191,71,135
191,71,143
191,71,151
191,71,159
191,71,167
191,71,175
191,71,183
191,71,191
191,71,199
191,71,207
191,71,215
191,71,223
191,71,231
191,71,239
191,71,247
191,71,255
191,79,0
191,79,7
191,79,15
191,79,23
191,79,31
191,79,39
191,79,47
191,79,55
191,79,63
191,79,71
191,79,79
191,79,87
191,79,95
191,79,103
191,79,111
191,79,119
191,79,127
191,79,135
191,79,143
191,79,151
191,79,159
191,79,167
191,79,175
191,79,183
191,79,191
191,79,199
191,79,207
191,79,215
191,79,223
191,79,231
191,79,239
191,79,247
191,79,255
191,87,0
191,87,7
191,87,15
191,87,23
191,87,31
191,87,39
191,87,47
191,87,55
191,87,63
191,87,71
191,87,79
191,87,87
191,87,95
191,87,103
191,87,111
191,87,119
191,87,127
191,87,135
191,87,143
191,87,151
191,87,159
191,87,167
191,87,175
191,87,183
191,87,191
191,87,199
191,87,207
191,87,215
191,87,223
191,87,231
191,87,239
191,87,247
191,87,255
191,95,0
191,95,7
191,95,15
191,95,23
191,95,31
191,95,39
191,95,47
191,95,55
191,95,63
191,95,71
191,95,79
191,95,87
191,95,95
191,95,103
191,95,111
191,95,119
191,95,127
191,95,135
191,95,143
191,95,151
191,95,159
191,95,167
191,95,175
191,95,183
191,95,191
191,95,199
191,95,207
191,95,215
191,95,223
191,95,231
191,95,239
191,95,247
191,95,255
191,103,0
191,103,7
191,103,15
191,103,23
191,103,31
191,103,39
191,103,47
191,103,55
191,103,63
191,103,71
191,103,79
191,103,87
191,103,95
191,103,103
191,103,111
191,103,119
191,103,127
191,103,135
191,103,143
191,103,151
191,103,159
191,103,167
191,103,175
191,103,183
191,103,191
191,103,199
191,103,207
191,103,215
191,103,223
191,103,231
191,103,239
191,103,247
191,103,255
191,111,0
191,111,7
191,111,15
191,111,23
191,111,31
191,111,39
191,111,47
191,111,55
191,111,63
191,111,71
191,111,79
191,111,87
191,111,95
191,111,103
191,111,111
191,111,119
191,111,127
191,111,135
191,111,143
191,111,151
191,111,159
191,111,167
191,111,175
191,111,183
191,111,191
191,111,199
191,111,207
191,111,215
191,111,223
191,111,231
191,111,239
191,111,247
191,111,255
191,119,0
191,119,7
191,119,15
191,119,23
191,119,31
191,119,39
191,119,47
191,119,55
191,119,63
191,119,71
191,119,79
191,119,87
191,119,95
191,119,103
191,119,111
191,119,119
191,119,127
191,119,135
191,119,143
191,119,151
191,119,159
191,119,167
191,119,175
191,119,183
191,119,191
191,119,199
191,119,207
191,119,215
191,119,223
191,119,231
191,119,239
191,119,247
191,119,255
191,127,0
191,127,7
191,127,15
191,127,23
191,127,31
191,127,39
191,127,47
191,127,55
191,127,63
191,127,71
191,127,79
191,127,87
191,127,95
191,127,103
191,127,111
191,127,119
191,127,127
191,127,135
191,127,143
191,127,151
191,127,159
191,127,167
191,127,175
191,127,183
191,127,191
191,127,199
191,127,207
191,127,215
191,127,223
191,127,231
191,127,239
191,127,247
191,127,255
191,135,0
191,135,7
191,135,15
191,135,23
191,135,31
191,135,39
191,135,47
191,135,55
191,135,63
191,135,71
191,135,79
191,135,87
191,135,95
191,135,103
191,135,111
191,135,119
191,135,127
191,135,135
191,135,143
191,135,151
191,135,159
191,135,167
191,135,175
191,135,183
191,135,191
191,135,199
191,135,207
191,135,215
191,135,223
191,135,231
191,135,239
191,135,247
191,135,255
191,143,0
191,143,7
191,143,15
191,143,23
191,143,31
191,143,39
191,143,47
191,143,55
191,143,63
191,143,71
191,143,79
191,143,87
191,143,95
191,143,103
191,143,111
191,143,119
191,143,127
191,143,135
191,143,143
191,143,151
191,143,159
191,143,167
191,143,175
191,143,183
191,143,191
191,143,199
191,143,207
191,143,215
191,143,223
191,143,231
191,143,239
191,143,247
191,143,255
191,151,0
191,151,7
191,151,15
191,151,23
191,151,31
191,151,39
191,151,47
191,151,55
191,151,63
191,151,71
191,151,79
191,151,87
191,151,95
191,151,103
191,151,111
191,151,119
191,151,127
191,151,135
191,151,143
191,151,151
191,151,159
191,151,167
191,151,175
191,151,183
191,151,191
191,151,199
191,151,207
191,151,215
191,151,223
191,151,231
191,151,239
191,151,247
191,151,255
191,159,0
191,159,7
191,159,15
191,159,23
191,159,31
191,159,39
191,159,47
191,159,55
191,159,63
191,159,71
191,159,79
191,159,87
191,159,95
191,159,103
191,159,111
191,159,119
191,159,127
191,159,135
191,159,143
191,159,151
191,159,159
191,159,167
191,159,175
191,159,183
191,159,191
191,159,199
191,159,207
191,159,215
191,159,223
191,159,231
191,159,239
191,159,247
191,159,255
191,167,0
191,167,7
191,167,15
191,167,23
191,167,31
191,167,39
191,167,47
191,167,55
191,167,63
191,167,71
191,167,79
191,167,87
191,167,95
191,167,103
191,167,111
191,167,119
191,167,127
191,167,135
191,167,143
191,167,151
191,167,159
191,167,167
191,167,175
191,167,183
191,167,191
191,167,199
191,167,207
191,167,215
191,167,223
191,167,231
191,167,239
191,167,247
191,167,255
191,175,0
191,175,7
191,175,15
191,175,23
191,175,31
191,175,39
191,175,47
191,175,55
191,175,63
191,175,71
191,175,79
191,175,87
191,175,95
191,175,103
191,175,111
191,175,119
191,175,127
191,175,135
191,175,143
191,175,151
191,175,159
191,175,167
191,175,175
191,175,183
191,175,191
191,175,199
191,175,207
191,175,215
191,175,223
191,175,231
191,175,239
191,175,247
191,175,255
191,183,0
191,183,7
191,183,15
191,183,23
191,183,31
191,183,39
191,183,47
191,183,55
191,183,63
191,183,71
191,183,79
191,183,87
191,183,95
191,183,103
191,183,111
191,183,119
191,183,127
191,183,135
191,183,143
191,183,151
191,183,159
191,183,167
191,183,175
191,183,183
191,183,191
191,183,199
191,183,207
191,183,215
191,183,223
191,183,231
191,183,239
191,183,247
191,183,255
191,191,0
191,191,7
191,191,15
191,191,23
191,191,31
191,191,39
191,191,47
191,191,55
191,191,63
191,191,71
191,191,79
191,191,87
191,191,95
191,191,103
191,191,111
191,191,119
191,191,127
191,191,135
191,191,143
191,191,151
191,191,159
191,191,167
191,191,175
191,191,183
191,191,191
191,191,199
191,191,207
191,191,215
191,191,223
191,191,231
191,191,239
191,191,247
191,191,255
191,199,0
191,199,7
191,199,15
191,199,23
191,199,31
191,199,39
191,199,47
191,199,55
191,199,63
191,199,71
191,199,79
191,199,87
191,199,95
191,199,103
191,199,111
191,199,119
191,199,127
191,199,135
191,199,143
191,199,151
191,199,159
191,199,167
191,199,175
191,199,183
191,199,191
191,199,199
191,199,207
191,199,215
191,199,223
191,199,231
191,199,239
191,199,247
191,199,255
191,207,0
191,207,7
191,207,15
191,207,23
191,207,31
191,207,39
191,207,47
191,207,55
191,207,63
191,207,71
191,207,79
191,207,87
191,207,95
191,207,103
191,207,111
191,207,119
191,207,127
191,207,135
191,207,143
191,207,151
191,207,159
191,207,167
191,207,175
191,207,183
191,207,191
191,207,199
191,207,207
191,207,215
191,207,223
191,207,231
191,207,239
191,207,247
191,207,255
191,215,0
191,215,7
191,215,15
191,215,23
191,215,31
191,215,39
191,215,47
191,215,55
191,215,63
191,215,71
191,215,79
191,215,87
191,215,95
191,215,103
191,215,111
191,215,119
191,215,127
191,215,135
191,215,143
191,215,151
191,215,159
191,215,167
191,215,175
191,215,183
191,215,191
191,215,199
191,215,207
191,215,215
191,215,223
191,215,231
191,215,239
191,215,247
191,215,255
191,223,0
191,223,7
191,223,15
191,223,23
191,223,31
191,223,39
191,223,47
191,223,55
191,223,63
191,223,71
191,223,79
191,223,87
191,223,95
191,223,103
191,223,111
191,223,119
191,223,127
191,223,135
191,223,143
191,223,151
191,223,159
191,223,167
191,223,175
191,223,183
191,223,191
191,223,199
191,223,207
191,223,215
191,223,223
191,223,231
191,223,239
191,223,247
191,223,255
191,231,0
191,231,7
191,231,15
191,231,23
191,231,31
191,231,39
191,231,47
191,231,55
191,231,63
191,231,71
191,231,79
191,231,87
191,231,95
191,231,103
191,231,111
191,231,119
191,231,127
191,231,135
191,231,143
191,231,151
191,231,159
191,231,167
191,231,175
191,231,183
191,231,191
191,231,199
191,231,207
191,231,215
191,231,223
191,231,231
191,231,239
191,231,247
191,231,255
191,239,0
191,239,7
191,239,15
191,239,23
191,239,31
191,239,39
191,239,47
191,239,55
191,239,63
191,239,71
191,239,79
191,239,87
191,239,95
191,239,103
191,239,111
191,239,119
191,239,127
191,239,135
191,239,143
191,239,151
191,239,159
191,239,167
191,239,175
191,239,183
191,239,191
191,239,199
191,239,207
191,239,215
191,239,223
191,239,231
191,239,239
191,239,247
191,239,255
191,247,0
191,247,7
191,247,15
191,247,23
191,247,31
191,247,39
191,247,47
191,247,55
191,247,63
191,247,71
191,247,79
191,247,87
191,247,95
191,247,103
191,247,111
191,247,119
191,247,127
191,247,135
191,247,143
191,247,151
191,247,159
191,247,167
191,247,175
191,247,183
191,247,191
191,247,199
191,247,207
191,247,215
191,247,223
191,247,231
191,247,239
191,247,247
191,247,255
191,255,0
191,255,7
191,255,15
191,255,23
191,255,31
191,255,39
191,255,47
191,255,55
191,255,63
191,255,71
191,255,79
191,255,87
191,255,95
191,255,103
191,255,111
191,255,119
191,255,127
191,255,135
191,255,143
191,255,151
191,255,159
191,255,167
191,255,175
191,255,183
191,255,191
191,255,199
191,255,207
191,255,215
191,255,223
191,255,231
191,255,239
191,255,247
191,255,255
199,0,0
199,0,7
199,0,15
199,0,23
199,0,31
199,0,39
199,0,47
199,0,55
199,0,63
199,0,71
199,0,79
199,0,87
199,0,95
199,0,103
199,0,111
199,0,119
199,0,127
199,0,135
199,0,143
199,0,151
199,0,159
199,0,167
199,0,175
199,0,183
199,0,191
199,0,199
199,0,207
199,0,215
199,0,223
199,0,231
199,0,239
199,0,247
199,0,255
199,7,0
199,7,7
199,7,15
199,7,23
199,7,31
199,7,39
199,7,47
199,7,55
199,7,63
199,7,71
199,7,79
199,7,87
199,7,95
199,7,103
199,7,111
199,7,119
199,7,127
199,7,135
199,7,143
199,7,151
199,7,159
199,7,167
199,7,175
199,7,183
199,7,191
199,7,199
199,7,207
199,7,215
199,7,223
199,7,231
199,7,239
199,7,247
199,7,255
199,15,0
199,15,7
199,15,15
199,15,23
199,15,31
199,15,39
199,15,47
199,15,55
199,15,63
199,15,71
199,15,79
199,15,87
199,15,95
199,15,103
199,15,111
199,15,119
199,15,127
199,15,135
199,15,143
199,15,151
199,15,159
199,15,167
199,15,175
199,15,183
199,15,191
199,15,199
199,15,207
199,15,215
199,15,223
199,15,231
199,15,239
199,15,247
199,15,255
199,23,0
199,23,7
199,23,15
199,23,23
199,23,31
199,23,39
199,23,47
199,23,55
199,23,63
199,23,71
199,23,79
199,23,87
199,23,95
199,23,103
199,23,111
199,23,119
199,23,127
199,23,135
199,23,143
199,23,151
199,23,159
199,23,167
199,23,175
199,23,183
199,23,191
199,23,199
199,23,207
199,23,215
199,23,223
199,23,231
199,23,239
199,23,247
199,23,255
199,31,0
199,31,7
199,31,15
199,31,23
199,31,31
199,31,39
199,31,47
199,31,55
199,31,63
199,31,71
199,31,79
199,31,87
199,31,95
199,31,103
199,31,111
199,31,119
199,31,127
199,31,135
199,31,143
199,31,151
199,31,159
199,31,167
199,31,175
199,31,183
199,31,191
199,31,199
199,31,207
199,31,215
199,31,223
199,31,231
199,31,239
199,31,247
199,31,255
199,39,0
199,39,7
199,39,15
199,39,23
199,39,31
199,39,39
199,39,47
199,39,55
199,39,63
199,39,71
199,39,79
199,39,87
199,39,95
199,39,103
199,39,111
199,39,119
199,39,127
199,39,135
199,39,143
199,39,151
199,39,159
199,39,167
199,39,175
199,39,183
199,39,191
199,39,199
199,39,207
199,39,215
199,39,223
199,39,231
199,39,239
199,39,247
199,39,255
199,47,0
199,47,7
199,47,15
199,47,23
199,47,31
199,47,39
199,47,47
199,47,55
199,47,63
199,47,71
199,47,79
199,47,87
199,47,95
199,47,103
199,47,111
199,47,119
199,47,127
199,47,135
199,47,143
199,47,151
199,47,159
199,47,167
199,47,175
199,47,183
199,47,191
199,47,199
199,47,207
199,47,215
199,47,223
199,47,231
199,47,239
199,47,247
199,47,255
199,55,0
199,55,7
199,55,15
199,55,23
199,55,31
199,55,39
199,55,47
199,55,55
199,55,63
199,55,71
199,55,79
199,55,87
199,55,95
199,55,103
199,55,111
199,55,119
199,55,127
199,55,135
199,55,143
199,55,151
199,55,159
199,55,167
199,55,175
199,55,183
199,55,191
199,55,199
199,55,207
199,55,215
199,55,223
199,55,231
199,55,239
199,55,247
199,55,255
199,63,0
199,63,7
199,63,15
199,63,23
199,63,31
199,63,39
199,63,47
199,63,55
199,63,63
199,63,71
199,63,79
199,63,87
199,63,95
199,63,103
199,63,111
199,63,119
199,63,127
199,63,135
199,63,143
199,63,151
199,63,159
199,63,167
199,63,175
199,63,183
199,63,191
199,63,199
199,63,207
199,63,215
199,63,223
199,63,231
199,63,239
199,63,247
199,63,255
199,71,0
199,71,7
199,71,15
199,71,23
199,71,31
199,71,39
199,71,47
199,71,55
199,71,63
199,71,71
199,71,79
199,71,87
199,71,95
199,71,103
199,71,111
199,71,119
199,71,127
199,71,135
199,71,143
199,71,151
199,71,159
199,71,167
199,71,175
199,71,183
199,71,191
199,71,199
199,71,207
199,71,215
199,71,223
199,71,231
199,71,239
199,71,247
199,71,255
199,79,0
199,79,7
199,79,15
199,79,23
199,79,31
199,79,39
199,79,47
199,79,55
199,79,63
199,79,71
199,79,79
199,79,87
199,79,95
199,79,103
199,79,111
199,79,119
199,79,127
199,79,135
199,79,143
199,79,151
199,79,159
199,79,167
199,79,175
199,79,183
199,79,191
199,79,199
199,79,207
199,79,215
199,79,223
199,79,231
199,79,239
199,79,247
199,79,255
199,87,0
199,87,7
199,87,15
199,87,23
199,87,31
199,87,39
199,87,47
199,87,55
199,87,63
199,87,71
199,87,79
199,87,87
199,87,95
199,87,103
199,87,111
199,87,119
199,87,127
199,87,135
199,87,143
199,87,151
199,87,159
199,87,167
199,87,175
199,87,183
199,87,191
199,87,199
199,87,207
199,87,215
199,87,223
199,87,231
199,87,239
199,87,247
199,87,255
199,95,0
199,95,7
199,95,15
199,95,23
199,95,31
199,95,39
199,95,47
199,95,55
199,95,63
199,95,71
199,95,79
199,95,87
199,95,95
199,95,103
199,95,111
199,95,119
199,95,127
199,95,135
199,95,143
199,95,151
199,95,159
199,95,167
199,95,175
199,95,183
199,95,191
199,95,199
199,95,207
199,95,215
199,95,223
199,95,231
199,95,239
199,95,247
199,95,255
199,103,0
199,103,7
199,103,15
199,103,23
199,103,31
199,103,39
199,103,47
199,103,55
199,103,63
199,103,71
199,103,79
199,103,87
199,103,95
199,103,103
199,103,111
199,103,119
199,103,127
199,103,135
199,103,143
199,103,151
199,103,159
199,103,167
199,103,175
199,103,183
199,103,191
199,103,199
199,103,207
199,103,215
199,103,223
199,103,231
199,103,239
199,103,247
199,103,255
199,111,0
199,111,7
199,111,15
199,111,23
199,111,31
199,111,39
199,111,47
199,111,55
199,111,63
199,111,71
199,111,79
199,111,87
199,111,95
199,111,103
199,111,111
199,111,119
199,111,127
199,111,135
199,111,143
199,111,151
199,111,159
199,111,167
199,111,175
199,111,183
199,111,191
199,111,199
199,111,207
199,111,215
199,111,223
199,111,231
199,111,239
199,111,247
199,111,255
199,119,0
199,119,7
199,119,15
199,119,23
199,119,31
199,119,39
199,119,47
199,119,55
199,119,63
199,119,71
199,119,79
199,119,87
199,119,95
199,119,103
199,119,111
199,119,119
199,119,127
199,119,135
199,119,143
199,119,151
199,119,159
199,119,167
199,119,175
199,119,183
199,119,191
199,119,199
199,119,207
199,119,215
199,119,223
199,119,231
199,119,239
199,119,247
199,119,255
199,127,0
199,127,7
199,127,15
199,127,23
199,127,31
199,127,39
199,127,47
199,127,55
199,127,63
199,127,71
199,127,79
199,127,87
199,127,95
199,127,103
199,127,111
199,127,119
199,127,127
199,127,135
199,127,143
199,127,151
199,127,159
199,127,167
199,127,175
199,127,183
199,127,191
199,127,199
199,127,207
199,127,215
199,127,223
199,127,231
199,127,239
199,127,247
199,127,255
199,135,0
199,135,7
199,135,15
199,135,23
199,135,31
199,135,39
199,135,47
199,135,55
199,135,63
199,135,71
199,135,79
199,135,87
199,135,95
199,135,103
199,135,111
199,135,119
199,135,127
199,135,135
199,135,143
199,135,151
199,135,159
199,135,167
199,135,175
199,135,183
199,135,191
199,135,199
199,135,207
199,135,215
199,135,223
199,135,231
199,135,239
199,135,247
199,135,255
199,143,0
199,143,7
199,143,15
199,143,23
199,143,31
199,143,39
199,143,47
199,143,55
199,143,63
199,143,71
199,143,79
199,143,87
199,143,95
199,143,103
199,143,111
199,143,119
199,143,127
199,143,135
199,143,143
199,143,151
199,143,159
199,143,167
199,143,175
199,143,183
199,143,191
199,143,199
199,143,207
199,143,215
199,143,223
199,143,231
199,143,239
199,143,247
199,143,255
199,151,0
199,151,7
199,151,15
199,151,23
199,151,31
199,151,39
199,151,47
199,151,55
199,151,63
199,151,71
199,151,79
199,151,87
199,151,95
199,151,103
199,151,111
199,151,119
199,151,127
199,151,135
199,151,143
199,151,151
199,151,159
199,151,167
199,151,175
199,151,183
199,151,191
199,151,199
199,151,207
199,151,215
199,151,223
199,151,231
199,151,239
199,151,247
199,151,255
199,159,0
199,159,7
199,159,15
199,159,23
199,159,31
199,159,39
199,159,47
199,159,55
199,159,63
199,159,71
199,159,79
199,159,87
199,159,95
199,159,103
199,159,111
199,159,119
199,159,127
199,159,135
199,159,143
199,159,151
199,159,159
199,159,167
199,159,175
199,159,183
199,159,191
199,159,199
199,159,207
199,159,215
199,159,223
199,159,231
199,159,239
199,159,247
199,159,255
199,167,0
199,167,7
199,167,15
199,167,23
199,167,31
199,167,39
199,167,47
199,167,55
199,167,63
199,167,71
199,167,79
199,167,87
199,167,95
199,167,103
199,167,111
199,167,119
199,167,127
199,167,135
199,167,143
199,167,151
199,167,159
199,167,167
199,167,175
199,167,183
199,167,191
199,167,199
199,167,207
199,167,215
199,167,223
199,167,231
199,167,239
199,167,247
199,167,255
199,175,0
199,175,7
199,175,15
199,175,23
199,175,31
199,175,39
199,175,47
199,175,55
199,175,63
199,175,71
199,175,79
199,175,87
199,175,95
199,175,103
199,175,111
199,175,119
199,175,127
199,175,135
199,175,143
199,175,151
199,175,159
199,175,167
199,175,175
199,175,183
199,175,191
199,175,199
199,175,207
199,175,215
199,175,223
199,175,231
199,175,239
199,175,247
199,175,255
199,183,0
199,183,7
199,183,15
199,183,23
199,183,31
199,183,39
199,183,47
199,183,55
199,183,63
199,183,71
199,183,79
199,183,87
199,183,95
199,183,103
199,183,111
199,183,119
199,183,127
199,183,135
199,183,143
199,183,151
199,183,159
199,183,167
199,183,175
199,183,183
199,183,191
199,183,199
199,183,207
199,183,215
199,183,223
199,183,231
199,183,239
199,183,247
199,183,255
199,191,0
199,191,7
199,191,15
199,191,23
199,191,31
199,191,39
199,191,47
199,191,55
199,191,63
199,191,71
199,191,79
199,191,87
199,191,95
199,191,103
199,191,111
199,191,119
199,191,127
199,191,135
199,191,143
199,191,151
199,191,159
199,191,167
199,191,175
199,191,183
199,191,191
199,191,199
199,191,207
199,191,215
199,191,223
199,191,231
199,191,239
199,191,247
199,191,255
199,199,0
199,199,7
199,199,15
199,199,23
199,199,31
199,199,39
199,199,47
199,199,55
199,199,63
199,199,71
199,199,79
199,199,87
199,199,95
199,199,103
199,199,111
199,199,119
199,199,127
199,199,135
199,199,143
199,199,151
199,199,159
199,199,167
199,199,175
199,199,183
199,199,191
199,199,199
199,199,207
199,199,215
199,199,223
199,199,231
199,199,239
199,199,247
199,199,255
199,207,0
199,207,7
199,207,15
199,207,23
199,207,31
199,207,39
199,207,47
199,207,55
199,207,63
199,207,71
199,207,79
199,207,87
199,207,95
199,207,103
199,207,111
199,207,119
199,207,127
199,207,135
199,207,143
199,207,151
199,207,159
199,207,167
199,207,175
199,207,183
199,207,191
199,207,199
199,207,207
199,207,215
199,207,223
199,207,231
199,207,239
199,207,247
199,207,255
199,215,0
199,215,7
199,215,15
199,215,23
199,215,31
199,215,39
199,215,47
199,215,55
199,215,63
199,215,71
199,215,79
199,215,87
199,215,95
199,215,103
199,215,111
199,215,119
199,215,127
199,215,135
199,215,143
199,215,151
199,215,159
199,215,167
199,215,175
199,215,183
199,215,191
199,215,199
199,215,207
199,215,215
199,215,223
199,215,231
199,215,239
199,215,247
199,215,255
199,223,0
199,223,7
199,223,15
199,223,23
199,223,31
199,223,39
199,223,47
199,223,55
199,223,63
199,223,71
199,223,79
199,223,87
199,223,95
199,223,103
199,223,111
199,223,119
199,223,127
199,223,135
199,223,143
199,223,151
199,223,159
199,223,167
199,223,175
199,223,183
199,223,191
199,223,199
199,223,207
199,223,215
199,223,223
199,223,231
199,223,239
199,223,247
199,223,255
199,231,0
199,231,7
199,231,15
199,231,23
199,231,31
199,231,39
199,231,47
199,231,55
199,231,63
199,231,71
199,231,79
199,231,87
199,231,95
199,231,103
199,231,111
199,231,119
199,231,127
199,231,135
199,231,143
199,231,151
199,231,159
199,231,167
199,231,175
199,231,183
199,231,191
199,231,199
199,231,207
199,231,215
199,231,223
199,231,231
199,231,239
199,231,247
199,231,255
199,239,0
199,239,7
199,239,15
199,239,23
199,239,31
199,239,39
199,239,47
199,239,55
199,239,63
199,239,71
199,239,79
199,239,87
199,239,95
199,239,103
199,239,111
199,239,119
199,239,127
199,239,135
199,239,143
199,239,151
199,239,159
199,239,167
199,239,175
199,239,183
199,239,191
199,239,199
199,239,207
199,239,215
199,239,223
199,239,231
199,239,239
199,239,247
199,239,255
199,247,0
199,247,7
199,247,15
199,247,23
199,247,31
199,247,39
199,247,47
199,247,55
199,247,63
199,247,71
199,247,79
199,247,87
199,247,95
199,247,103
199,247,111
199,247,119
199,247,127
199,247,135
199,247,143
199,247,151
199,247,159
199,247,167
199,247,175
199,247,183
199,247,191
199,247,199
199,247,207
199,247,215
199,247,223
199,247,231
199,247,239
199,247,247
199,247,255
199,255,0
199,255,7
199,255,15
199,255,23
199,255,31
199,255,39
199,255,47
199,255,55
199,255,63
199,255,71
199,255,79
199,255,87
199,255,95
199,255,103
199,255,111
199,255,119
199,255,127
199,255,135
199,255,143
199,255,151
199,255,159
199,255,167
199,255,175
199,255,183
199,255,191
199,255,199
199,255,207
199,255,215
199,255,223
199,255,231
199,255,239
199,255,247
199,255,255
207,0,0
207,0,7
207,0,15
207,0,23
207,0,31
207,0,39
207,0,47
207,0,55
207,0,63
207,0,71
207,0,79
207,0,87
207,0,95
207,0,103
207,0,111
207,0,119
207,0,127
207,0,135
207,0,143
207,0,151
207,0,159
207,0,167
207,0,175
207,0,183
207,0,191
207,0,199
207,0,207
207,0,215
207,0,223
207,0,231
207,0,239
207,0,247
207,0,255
207,7,0
207,7,7
207,7,15
207,7,23
207,7,31
207,7,39
207,7,47
207,7,55
207,7,63
207,7,71
207,7,79
207,7,87
207,7,95
207,7,103
207,7,111
207,7,119
207,7,127
207,7,135
207,7,143
207,7,151
207,7,159
207,7,167
207,7,175
207,7,183
207,7,191
207,7,199
207,7,207
207,7,215
207,7,223
207,7,231
207,7,239
207,7,247
207,7,255
207,15,0
207,15,7
207,15,15
207,15,23
207,15,31
207,15,39
207,15,47
207,15,55
207,15,63
207,15,71
207,15,79
207,15,87
207,15,95
207,15,103
207,15,111
207,15,119
207,15,127
207,15,135
207,15,143
207,15,151
207,15,159
207,15,167
207,15,175
207,15,183
207,15,191
207,15,199
207,15,207
207,15,215
207,15,223
207,15,231
207,15,239
207,15,247
207,15,255
207,23,0
207,23,7
207,23,15
207,23,23
207,23,31
207,23,39
207,23,47
207,23,55
207,23,63
207,23,71
207,23,79
207,23,87
207,23,95
207,23,103
207,23,111
207,23,119
207,23,127
207,23,135
207,23,143
207,23,151
207,23,159
207,23,167
207,23,175
207,23,183
207,23,191
207,23,199
207,23,207
207,23,215
207,23,223
207,23,231
207,23,239
207,23,247
207,23,255
207,31,0
207,31,7
207,31,15
207,31,23
207,31,31
207,31,39
207,31,47
207,31,55
207,31,63
207,31,71
207,31,79
207,31,87
207,31,95
207,31,103
207,31,111
207,31,119
207,31,127
207,31,135
207,31,143
207,31,151
207,31,159
207,31,167
207,31,175
207,31,183
207,31,191
207,31,199
207,31,207
207,31,215
207,31,223
207,31,231
207,31,239
207,31,247
207,31,255
207,39,0
207,39,7
207,39,15
207,39,23
207,39,31
207,39,39
207,39,47
207,39,55
207,39,63
207,39,71
207,39,79
207,39,87
207,39,95
207,39,103
207,39,111
207,39,119
207,39,127
207,39,135
207,39,143
207,39,151
207,39,159
207,39,167
207,39,175
207,39,183
207,39,191
207,39,199
207,39,207
207,39,215
207,39,223
207,39,231
207,39,239
207,39,247
207,39,255
207,47,0
207,47,7
207,47,15
207,47,23
207,47,31
207,47,39
207,47,47
207,47,55
207,47,63
207,47,71
207,47,79
207,47,87
207,47,95
207,47,103
207,47,111
207,47,119
207,47,127
207,47,135
207,47,143
207,47,151
207,47,159
207,47,167
207,47,175
207,47,183
207,47,191
207,47,199
207,47,207
207,47,215
207,47,223
207,47,231
207,47,239
207,47,247
207,47,255
207,55,0
207,55,7
207,55,15
207,55,23
207,55,31
207,55,39
207,55,47
207,55,55
207,55,63
207,55,71
207,55,79
207,55,87
207,55,95
207,55,103
207,55,111
207,55,119
207,55,127
207,55,135
207,55,143
207,55,151
207,55,159
207,55,167
207,55,175
207,55,183
207,55,191
207,55,199
207,55,207
207,55,215
207,55,223
207,55,231
207,55,239
207,55,247
207,55,255
207,63,0
207,63,7
207,63,15
207,63,23
207,63,31
207,63,39
207,63,47
207,63,55
207,63,63
207,63,71
207,63,79
207,63,87
207,63,95
207,63,103
207,63,111
207,63,119
207,63,127
207,63,135
207,63,143
207,63,151
207,63,159
207,63,167
207,63,175
207,63,183
207,63,191
207,63,199
207,63,207
207,63,215
207,63,223
207,63,231
207,63,239
207,63,247
207,63,255
207,71,0
207,71,7
207,71,15
207,71,23
207,71,31
207,71,39
207,71,47
207,71,55
207,71,63
207,71,71
207,71,79
207,71,87
207,71,95
207,71,103
207,71,111
207,71,119
207,71,127
207,71,135
207,71,143
207,71,151
207,71,159
207,71,167
207,71,175
207,71,183
207,71,191
207,71,199
207,71,207
207,71,215
207,71,223
207,71,231
207,71,239
207,71,247
207,71,255
207,79,0
207,79,7
207,79,15
207,79,23
207,79,31
207,79,39
207,79,47
207,79,55
207,79,63
207,79,71
207,79,79
207,79,87
207,79,95
207,79,103
207,79,111
207,79,119
207,79,127
207,79,135
207,79,143
207,79,151
207,79,159
207,79,167
207,79,175
207,79,183
207,79,191
207,79,199
207,79,207
207,79,215
207,79,223
207,79,231
207,79,239
207,79,247
207,79,255
207,87,0
207,87,7
207,87,15
207,87,23
207,87,31
207,87,39
207,87,47
207,87,55
207,87,63
207,87,71
207,87,79
207,87,87
207,87,95
207,87,103
207,87,111
207,87,119
207,87,127
207,87,135
207,87,143
207,87,151
207,87,159
207,87,167
207,87,175
207,87,183
207,87,191
207,87,199
207,87,207
207,87,215
207,87,223
207,87,231
207,87,239
207,87,247
207,87,255
207,95,0
207,95,7
207,95,15
207,95,23
207,95,31
207,95,39
207,95,47
207,95,55
207,95,63
207,95,71
207,95,79
207,95,87
207,95,95
207,95,103
207,95,111
207,95,119
207,95,127
207,95,135
207,95,143
207,95,151
207,95,159
207,95,167
207,95,175
207,95,183
207,95,191
207,95,199
207,95,207
207,95,215
207,95,223
207,95,231
207,95,239
207,95,247
207,95,255
207,103,0
207,103,7
207,103,15
207,103,23
207,103,31
207,103,39
207,103,47
207,103,55
207,103,63
207,103,71
207,103,79
207,103,87
207,103,95
207,103,103
207,103,111
207,103,119
207,103,127
207,103,135
207,103,143
207,103,151
207,103,159
207,103,167
207,103,175
207,103,183
207,103,191
207,103,199
207,103,207
207,103,215
207,103,223
207,103,231
207,103,239
207,103,247
207,103,255
207,111,0
207,111,7
207,111,15
207,111,23
207,111,31
207,111,39
207,111,47
207,111,55
207,111,63
207,111,71
207,111,79
207,111,87
207,111,95
207,111,103
207,111,111
207,111,119
207,111,127
207,111,135
207,111,143
207,111,151
207,111,159
207,111,167
207,111,175
207,111,183
207,111,191
207,111,199
207,111,207
207,111,215
207,111,223
207,111,231
207,111,239
207,111,247
207,111,255
207,119,0
207,119,7
207,119,15
207,119,23
207,119,31
207,119,39
207,119,47
207,119,55
207,119,63
207,119,71
207,119,79
207,119,87
207,119,95
207,119,103
207,119,111
207,119,119
207,119,127
207,119,135
207,119,143
207,119,151
207,119,159
207,119,167
207,119,175
207,119,183
207,119,191
207,119,199
207,119,207
207,119,215
207,119,223
207,119,231
207,119,239
207,119,247
207,119,255
207,127,0
207,127,7
207,127,15
207,127,23
207,127,31
207,127,39
207,127,47
207,127,55
207,127,63
207,127,71
207,127,79
207,127,87
207,127,95
207,127,103
207,127,111
207,127,119
207,127,127
207,127,135
207,127,143
207,127,151
207,127,159
207,127,167
207,127,175
207,127,183
207,127,191
207,127,199
207,127,207
207,127,215
207,127,223
207,127,231
207,127,239
207,127,247
207,127,255
207,135,0
207,135,7
207,135,15
207,135,23
207,135,31
207,135,39
207,135,47
207,135,55
207,135,63
207,135,71
207,135,79
207,135,87
207,135,95
207,135,103
207,135,111
207,135,119
207,135,127
207,135,135
207,135,143
207,135,151
207,135,159
207,135,167
207,135,175
207,135,183
207,135,191
207,135,199
207,135,207
207,135,215
207,135,223
207,135,231
207,135,239
207,135,247
207,135,255
207,143,0
207,143,7
207,143,15
207,143,23
207,143,31
207,143,39
207,143,47
207,143,55
207,143,63
207,143,71
207,143,79
207,143,87
207,143,95
207,143,103
207,143,111
207,143,119
207,143,127
207,143,135
207,143,143
207,143,151
207,143,159
207,143,167
207,143,175
207,143,183
207,143,191
207,143,199
207,143,207
207,143,215
207,143,223
207,143,231
207,143,239
207,143,247
207,143,255
207,151,0
207,151,7
207,151,15
207,151,23
207,151,31
207,151,39
207,151,47
207,151,55
207,151,63
207,151,71
207,151,79
207,151,87
207,151,95
207,151,103
207,151,111
207,151,119
207,151,127
207,151,135
207,151,143
207,151,151
207,151,159
207,151,167
207,151,175
207,151,183
207,151,191
207,151,199
207,151,207
207,151,215
207,151,223
207,151,231
207,151,239
207,151,247
207,151,255
207,159,0
207,159,7
207,159,15
207,159,23
207,159,31
207,159,39
207,159,47
207,159,55
207,159,63
207,159,71
207,159,79
207,159,87
207,159,95
207,159,103
207,159,111
207,159,119
207,159,127
207,159,135
207,159,143
207,159,151
207,159,159
207,159,167
207,159,175
207,159,183
207,159,191
207,159,199
207,159,207
207,159,215
207,159,223
207,159,231
207,159,239
207,159,247
207,159,255
207,167,0
207,167,7
207,167,15
207,167,23
207,167,31
207,167,39
207,167,47
207,167,55
207,167,63
207,167,71
207,167,79
207,167,87
207,167,95
207,167,103
207,167,111
207,167,119
207,167,127
207,167,135
207,167,143
207,167,151
207,167,159
207,167,167
207,167,175
207,167,183
207,167,191
207,167,199
207,167,207
207,167,215
207,167,223
207,167,231
207,167,239
207,167,247
207,167,255
207,175,0
207,175,7
207,175,15
207,175,23
207,175,31
207,175,39
207,175,47
207,175,55
207,175,63
207,175,71
207,175,79
207,175,87
207,175,95
207,175,103
207,175,111
207,175,119
207,175,127
207,175,135
207,175,143
207,175,151
207,175,159
207,175,167
207,175,175
207,175,183
207,175,191
207,175,199
207,175,207
207,175,215
207,175,223
207,175,231
207,175,239
207,175,247
207,175,255
207,183,0
207,183,7
207,183,15
207,183,23
207,183,31
207,183,39
207,183,47
207,183,55
207,183,63
207,183,71
207,183,79
207,183,87
207,183,95
207,183,103
207,183,111
207,183,119
207,183,127
207,183,135
207,183,143
207,183,151
207,183,159
207,183,167
207,183,175
207,183,183
207,183,191
207,183,199
207,183,207
207,183,215
207,183,223
207,183,231
207,183,239
207,183,247
207,183,255
207,191,0
207,191,7
207,191,15
207,191,23
207,191,31
207,191,39
207,191,47
207,191,55
207,191,63
207,191,71
207,191,79
207,191,87
207,191,95
207,191,103
207,191,111
207,191,119
207,191,127
207,191,135
207,191,143
207,191,151
207,191,159
207,191,167
207,191,175
207,191,183
207,191,191
207,191,199
207,191,207
207,191,215
207,191,223
207,191,231
207,191,239
207,191,247
207,191,255
207,199,0
207,199,7
207,199,15
207,199,23
207,199,31
207,199,39
207,199,47
207,199,55
207,199,63
207,199,71
207,199,79
207,199,87
207,199,95
207,199,103
207,199,111
207,199,119
207,199,127
207,199,135
207,199,143
207,199,151
207,199,159
207,199,167
207,199,175
207,199,183
207,199,191
207,199,199
207,199,207
207,199,215
207,199,223
207,199,231
207,199,239
207,199,247
207,199,255
207,207,0
207,207,7
207,207,15
207,207,23
207,207,31
207,207,39
207,207,47
207,207,55
207,207,63
207,207,71
207,207,79
207,207,87
207,207,95
207,207,103
207,207,111
207,207,119
207,207,127
207,207,135
207,207,143
207,207,151
207,207,159
207,207,167
207,207,175
207,207,183
207,207,191
207,207,199
207,207,207
207,207,215
207,207,223
207,207,231
207,207,239
207,207,247
207,207,255
207,215,0
207,215,7
207,215,15
207,215,23
207,215,31
207,215,39
207,215,47
207,215,55
207,215,63
207,215,71
207,215,79
207,215,87
207,215,95
207,215,103
207,215,111
207,215,119
207,215,127
207,215,135
207,215,143
207,215,151
207,215,159
207,215,167
207,215,175
207,215,183
207,215,191
207,215,199
207,215,207
207,215,215
207,215,223
207,215,231
207,215,239
207,215,247
207,215,255
207,223,0
207,223,7
207,223,15
207,223,23
207,223,31
207,223,39
207,223,47
207,223,55
207,223,63
207,223,71
207,223,79
207,223,87
207,223,95
207,223,103
207,223,111
207,223,119
207,223,127
207,223,135
207,223,143
207,223,151
207,223,159
207,223,167
207,223,175
207,223,183
207,223,191
207,223,199
207,223,207
207,223,215
207,223,223
207,223,231
207,223,239
207,223,247
207,223,255
207,231,0
207,231,7
207,231,15
207,231,23
207,231,31
207,231,39
207,231,47
207,231,55
207,231,63
207,231,71
207,231,79
207,231,87
207,231,95
207,231,103
207,231,111
207,231,119
207,231,127
207,231,135
207,231,143
207,231,151
207,231,159
207,231,167
207,231,175
207,231,183
207,231,191
207,231,199
207,231,207
207,231,215
207,231,223
207,231,231
207,231,239
207,231,247
207,231,255
207,239,0
207,239,7
207,239,15
207,239,23
207,239,31
207,239,39
207,239,47
207,239,55
207,239,63
207,239,71
207,239,79
207,239,87
207,239,95
207,239,103
207,239,111
207,239,119
207,239,127
207,239,135
207,239,143
207,239,151
207,239,159
207,239,167
207,239,175
207,239,183
207,239,191
207,239,199
207,239,207
207,239,215
207,239,223
207,239,231
207,239,239
207,239,247
207,239,255
207,247,0
207,247,7
207,247,15
207,247,23
207,247,31
207,247,39
207,247,47
207,247,55
207,247,63
207,247,71
207,247,79
207,247,87
207,247,95
207,247,103
207,247,111
207,247,119
207,247,127
207,247,135
207,247,143
207,247,151
207,247,159
207,247,167
207,247,175
207,247,183
207,247,191
207,247,199
207,247,207
207,247,215
207,247,223
207,247,231
207,247,239
207,247,247
207,247,255
207,255,0
207,255,7
207,255,15
207,255,23
207,255,31
207,255,39
207,255,47
207,255,55
207,255,63
207,255,71
207,255,79
207,255,87
207,255,95
207,255,103
207,255,111
207,255,119
207,255,127
207,255,135
207,255,143
207,255,151
207,255,159
207,255,167
207,255,175
207,255,183
207,255,191
207,255,199
207,255,207
207,255,215
207,255,223
207,255,231
207,255,239
207,255,247
207,255,255
215,0,0
215,0,7
215,0,15
215,0,23
215,0,31
215,0,39
215,0,47
215,0,55
215,0,63
215,0,71
215,0,79
215,0,87
215,0,95
215,0,103
215,0,111
215,0,119
215,0,127
215,0,135
215,0,143
215,0,151
215,0,159
215,0,167
215,0,175
215,0,183
215,0,191
215,0,199
215,0,207
215,0,215
215,0,223
215,0,231
215,0,239
215,0,247
215,0,255
215,7,0
215,7,7
215,7,15
215,7,23
215,7,31
215,7,39
215,7,47
215,7,55
215,7,63
215,7,71
215,7,79
215,7,87
215,7,95
215,7,103
215,7,111
215,7,119
215,7,127
215,7,135
215,7,143
215,7,151
215,7,159
215,7,167
215,7,175
215,7,183
215,7,191
215,7,199
215,7,207
215,7,215
215,7,223
215,7,231
215,7,239
215,7,247
215,7,255
215,15,0
215,15,7
215,15,15
215,15,23
215,15,31
215,15,39
215,15,47
215,15,55
215,15,63
215,15,71
215,15,79
215,15,87
215,15,95
215,15,103
215,15,111
215,15,119
215,15,127
215,15,135
215,15,143
215,15,151
215,15,159
215,15,167
215,15,175
215,15,183
215,15,191
215,15,199
215,15,207
215,15,215
215,15,223
215,15,231
215,15,239
215,15,247
215,15,255
215,23,0
215,23,7
215,23,15
215,23,23
215,23,31
215,23,39
215,23,47
215,23,55
215,23,63
215,23,71
215,23,79
215,23,87
215,23,95
215,23,103
215,23,111
215,23,119
215,23,127
215,23,135
215,23,143
215,23,151
215,23,159
215,23,167
215,23,175
215,23,183
215,23,191
215,23,199
215,23,207
215,23,215
215,23,223
215,23,231
215,23,239
215,23,247
215,23,255
215,31,0
215,31,7
215,31,15
215,31,23
215,31,31
215,31,39
215,31,47
215,31,55
215,31,63
215,31,71
215,31,79
215,31,87
215,31,95
215,31,103
215,31,111
215,31,119
215,31,127
215,31,135
215,31,143
215,31,151
215,31,159
215,31,167
215,31,175
215,31,183
215,31,191
215,31,199
215,31,207
215,31,215
215,31,223
215,31,231
215,31,239
215,31,247
215,31,255
215,39,0
215,39,7
215,39,15
215,39,23
215,39,31
215,39,39
215,39,47
215,39,55
215,39,63
215,39,71
215,39,79
215,39,87
215,39,95
215,39,103
215,39,111
215,39,119
215,39,127
215,39,135
215,39,143
215,39,151
215,39,159
215,39,167
215,39,175
215,39,183
215,39,191
215,39,199
215,39,207
215,39,215
215,39,223
215,39,231
215,39,239
215,39,247
215,39,255
215,47,0
215,47,7
215,47,15
215,47,23
215,47,31
215,47,39
215,47,47
215,47,55
215,47,63
215,47,71
215,47,79
215,47,87
215,47,95
215,47,103
215,47,111
215,47,119
215,47,127
215,47,135
215,47,143
215,47,151
215,47,159
215,47,167
215,47,175
215,47,183
215,47,191
215,47,199
215,47,207
215,47,215
215,47,223
215,47,231
215,47,239
215,47,247
215,47,255
215,55,0
215,55,7
215,55,15
215,55,23
215,55,31
215,55,39
215,55,47
215,55,55
215,55,63
215,55,71
215,55,79
215,55,87
215,55,95
215,55,103
215,55,111
215,55,119
215,55,127
215,55,135
215,55,143
215,55,151
215,55,159
215,55,167
215,55,175
215,55,183
215,55,191
215,55,199
215,55,207
215,55,215
215,55,223
215,55,231
215,55,239
215,55,247
215,55,255
215,63,0
215,63,7
215,63,15
215,63,23
215,63,31
215,63,39
215,63,47
215,63,55
215,63,63
215,63,71
215,63,79
215,63,87
215,63,95
215,63,103
215,63,111
215,63,119
215,63,127
215,63,135
215,63,143
215,63,151
215,63,159
215,63,167
215,63,175
215,63,183
215,63,191
215,63,199
215,63,207
215,63,215
215,63,223
215,63,231
215,63,239
215,63,247
215,63,255
215,71,0
215,71,7
215,71,15
215,71,23
215,71,31
215,71,39
215,71,47
215,71,55
215,71,63
215,71,71
215,71,79
215,71,87
215,71,95
215,71,103
215,71,111
215,71,119
215,71,127
215,71,135
215,71,143
215,71,151
215,71,159
215,71,167
215,71,175
215,71,183
215,71,191
215,71,199
215,71,207
215,71,215
215,71,223
215,71,231
215,71,239
215,71,247
215,71,255
215,79,0
215,79,7
215,79,15
215,79,23
215,79,31
215,79,39
215,79,47
215,79,55
215,79,63
215,79,71
215,79,79
215,79,87
215,79,95
215,79,103
215,79,111
215,79,119
215,79,127
215,79,135
215,79,143
215,79,151
215,79,159
215,79,167
215,79,175
215,79,183
215,79,191
215,79,199
215,79,207
215,79,215
215,79,223
215,79,231
215,79,239
215,79,247
215,79,255
215,87,0
215,87,7
215,87,15
215,87,23
215,87,31
215,87,39
215,87,47
215,87,55
215,87,63
215,87,71
215,87,79
215,87,87
215,87,95
215,87,103
215,87,111
215,87,119
215,87,127
215,87,135
215,87,143
215,87,151
215,87,159
215,87,167
215,87,175
215,87,183
215,87,191
215,87,199
215,87,207
215,87,215
215,87,223
215,87,231
215,87,239
215,87,247
215,87,255
215,95,0
215,95,7
215,95,15
215,95,23
215,95,31
215,95,39
215,95,47
215,95,55
215,95,63
215,95,71
215,95,79
215,95,87
215,95,95
215,95,103
215,95,111
215,95,119
215,95,127
215,95,135
215,95,143
215,95,151
215,95,159
215,95,167
215,95,175
215,95,183
215,95,191
215,95,199
215,95,207
215,95,215
215,95,223
215,95,231
215,95,239
215,95,247
215,95,255
215,103,0
215,103,7
215,103,15
215,103,23
215,103,31
215,103,39
215,103,47
215,103,55
215,103,63
215,103,71
215,103,79
215,103,87
215,103,95
215,103,103
215,103,111
215,103,119
215,103,127
215,103,135
215,103,143
215,103,151
215,103,159
215,103,167
215,103,175
215,103,183
215,103,191
215,103,199
215,103,207
215,103,215
215,103,223
215,103,231
215,103,239
215,103,247
215,103,255
215,111,0
215,111,7
215,111,15
215,111,23
215,111,31
215,111,39
215,111,47
215,111,55
215,111,63
215,111,71
215,111,79
215,111,87
215,111,95
215,111,103
215,111,111
215,111,119
215,111,127
215,111,135
215,111,143
215,111,151
215,111,159
215,111,167
215,111,175
215,111,183
215,111,191
215,111,199
215,111,207
215,111,215
215,111,223
215,111,231
215,111,239
215,111,247
215,111,255
215,119,0
215,119,7
215,119,15
215,119,23
215,119,31
215,119,39
215,119,47
215,119,55
215,119,63
215,119,71
215,119,79
215,119,87
215,119,95
215,119,103
215,119,111
215,119,119
215,119,127
215,119,135
215,119,143
215,119,151
215,119,159
215,119,167
215,119,175
215,119,183
215,119,191
215,119,199
215,119,207
215,119,215
215,119,223
215,119,231
215,119,239
215,119,247
215,119,255
215,127,0
215,127,7
215,127,15
215,127,23
215,127,31
215,127,39
215,127,47
215,127,55
215,127,63
215,127,71
215,127,79
215,127,87
215,127,95
215,127,103
215,127,111
215,127,119
215,127,127
215,127,135
215,127,143
215,127,151
215,127,159
215,127,167
215,127,175
215,127,183
215,127,191
215,127,199
215,127,207
215,127,215
215,127,223
215,127,231
215,127,239
215,127,247
215,127,255
215,135,0
215,135,7
215,135,15
215,135,23
215,135,31
215,135,39
215,135,47
215,135,55
215,135,63
215,135,71
215,135,79
215,135,87
215,135,95
215,135,103
215,135,111
215,135,119
215,135,127
215,135,135
215,135,143
215,135,151
215,135,159
215,135,167
215,135,175
215,135,183
215,135,191
215,135,199
215,135,207
215,135,215
215,135,223
215,135,231
215,135,239
215,135,247
215,135,255
215,143,0
215,143,7
215,143,15
215,143,23
215,143,31
215,143,39
215,143,47
215,143,55
215,143,63
215,143,71
215,143,79
215,143,87
215,143,95
215,143,103
215,143,111
215,143,119
215,143,127
215,143,135
215,143,143
215,143,151
215,143,159
215,143,167
215,143,175
215,143,183
215,143,191
215,143,199
215,143,207
215,143,215
215,143,223
215,143,231
215,143,239
215,143,247
215,143,255
215,151,0
215,151,7
215,151,15
215,151,23
215,151,31
215,151,39
215,151,47
215,151,55
215,151,63
215,151,71
215,151,79
215,151,87
215,151,95
215,151,103
215,151,111
215,151,119
215,151,127
215,151,135
215,151,143
215,151,151
215,151,159
215,151,167
215,151,175
215,151,183
215,151,191
215,151,199
215,151,207
215,151,215
215,151,223
215,151,231
215,151,239
215,151,247
215,151,255
215,159,0
215,159,7
215,159,15
215,159,23
215,159,31
215,159,39
215,159,47
215,159,55
215,159,63
215,159,71
215,159,79
215,159,87
215,159,95
215,159,103
215,159,111
215,159,119
215,159,127
215,159,135
215,159,143
215,159,151
215,159,159
215,159,167
215,159,175
215,159,183
215,159,191
215,159,199
215,159,207
215,159,215
215,159,223
215,159,231
215,159,239
215,159,247
215,159,255
215,167,0
215,167,7
215,167,15
215,167,23
215,167,31
215,167,39
215,167,47
215,167,55
215,167,63
215,167,71
215,167,79
215,167,87
215,167,95
215,167,103
215,167,111
215,167,119
215,167,127
215,167,135
215,167,143
215,167,151
215,167,159
215,167,167
215,167,175
215,167,183
215,167,191
215,167,199
215,167,207
215,167,215
215,167,223
215,167,231
215,167,239
215,167,247
215,167,255
215,175,0
215,175,7
215,175,15
215,175,23
215,175,31
215,175,39
215,175,47
215,175,55
215,175,63
215,175,71
215,175,79
215,175,87
215,175,95
215,175,103
215,175,111
215,175,119
215,175,127
215,175,135
215,175,143
215,175,151
215,175,159
215,175,167
215,175,175
215,175,183
215,175,191
215,175,199
215,175,207
215,175,215
215,175,223
215,175,231
215,175,239
215,175,247
215,175,255
215,183,0
215,183,7
215,183,15
215,183,23
215,183,31
215,183,39
215,183,47
215,183,55
215,183,63
215,183,71
215,183,79
215,183,87
215,183,95
215,183,103
215,183,111
215,183,119
215,183,127
215,183,135
215,183,143
215,183,151
215,183,159
215,183,167
215,183,175
215,183,183
215,183,191
215,183,199
215,183,207
215,183,215
215,183,223
215,183,231
215,183,239
215,183,247
215,183,255
215,191,0
215,191,7
215,191,15
215,191,23
215,191,31
215,191,39
215,191,47
215,191,55
215,191,63
215,191,71
215,191,79
215,191,87
215,191,95
215,191,103
215,191,111
215,191,119
215,191,127
215,191,135
215,191,143
215,191,151
215,191,159
215,191,167
215,191,175
215,191,183
215,191,191
215,191,199
215,191,207
215,191,215
215,191,223
215,191,231
215,191,239
215,191,247
215,191,255
215,199,0
215,199,7
215,199,15
215,199,23
215,199,31
215,199,39
215,199,47
215,199,55
215,199,63
215,199,71
215,199,79
215,199,87
215,199,95
215,199,103
215,199,111
215,199,119
215,199,127
215,199,135
215,199,143
215,199,151
215,199,159
215,199,167
215,199,175
215,199,183
215,199,191
215,199,199
215,199,207
215,199,215
215,199,223
215,199,231
215,199,239
215,199,247
215,199,255
215,207,0
215,207,7
215,207,15
215,207,23
215,207,31
215,207,39
215,207,47
215,207,55
215,207,63
215,207,71
215,207,79
215,207,87
215,207,95
215,207,103
215,207,111
215,207,119
215,207,127
215,207,135
215,207,143
215,207,151
215,207,159
215,207,167
215,207,175
215,207,183
215,207,191
215,207,199
215,207,207
215,207,215
215,207,223
215,207,231
215,207,239
215,207,247
215,207,255
215,215,0
215,215,7
215,215,15
215,215,23
215,215,31
215,215,39
215,215,47
215,215,55
215,215,63
215,215,71
215,215,79
215,215,87
215,215,95
215,215,103
215,215,111
215,215,119
215,215,127
215,215,135
215,215,143
215,215,151
215,215,159
215,215,167
215,215,175
215,215,183
215,215,191
215,215,199
215,215,207
215,215,215
215,215,223
215,215,231
215,215,239
215,215,247
215,215,255
215,223,0
215,223,7
215,223,15
215,223,23
215,223,31
215,223,39
215,223,47
215,223,55
215,223,63
215,223,71
215,223,79
215,223,87
215,223,95
215,223,103
215,223,111
215,223,119
215,223,127
215,223,135
215,223,143
215,223,151
215,223,159
215,223,167
215,223,175
215,223,183
215,223,191
215,223,199
215,223,207
215,223,215
215,223,223
215,223,231
215,223,239
215,223,247
215,223,255
215,231,0
215,231,7
215,231,15
215,231,23
215,231,31
215,231,39
215,231,47
215,231,55
215,231,63
215,231,71
215,231,79
215,231,87
215,231,95
215,231,103
215,231,111
215,231,119
215,231,127
215,231,135
215,231,143
215,231,151
215,231,159
215,231,167
215,231,175
215,231,183
215,231,191
215,231,199
215,231,207
215,231,215
215,231,223
215,231,231
215,231,239
215,231,247
215,231,255
215,239,0
215,239,7
215,239,15
215,239,23
215,239,31
215,239,39
215,239,47
215,239,55
215,239,63
215,239,71
215,239,79
215,239,87
215,239,95
215,239,103
215,239,111
215,239,119
215,239,127
215,239,135
215,239,143
215,239,151
215,239,159
215,239,167
215,239,175
215,239,183
215,239,191
215,239,199
215,239,207
215,239,215
215,239,223
215,239,231
215,239,239
215,239,247
215,239,255
215,247,0
215,247,7
215,247,15
215,247,23
215,247,31
215,247,39
215,247,47
215,247,55
215,247,63
215,247,71
215,247,79
215,247,87
215,247,95
215,247,103
215,247,111
215,247,119
215,247,127
215,247,135
215,247,143
215,247,151
215,247,159
215,247,167
215,247,175
215,247,183
215,247,191
215,247,199
215,247,207
215,247,215
215,247,223
215,247,231
215,247,239
215,247,247
215,247,255
215,255,0
215,255,7
215,255,15
215,255,23
215,255,31
215,255,39
215,255,47
215,255,55
215,255,63
215,255,71
215,255,79
215,255,87
215,255,95
215,255,103
215,255,111
215,255,119
215,255,127
215,255,135
215,255,143
215,255,151
215,255,159
215,255,167
215,255,175
215,255,183
215,255,191
215,255,199
215,255,207
215,255,215
215,255,223
215,255,231
215,255,239
215,255,247
215,255,255
223,0,0
223,0,7
223,0,15
223,0,23
223,0,31
223,0,39
223,0,47
223,0,55
223,0,63
223,0,71
223,0,79
223,0,87
223,0,95
223,0,103
223,0,111
223,0,119
223,0,127
223,0,135
223,0,143
223,0,151
223,0,159
223,0,167
223,0,175
223,0,183
223,0,191
223,0,199
223,0,207
223,0,215
223,0,223
223,0,231
223,0,239
223,0,247
223,0,255
223,7,0
223,7,7
223,7,15
223,7,23
223,7,31
223,7,39
223,7,47
223,7,55
223,7,63
223,7,71
223,7,79
223,7,87
223,7,95
223,7,103
223,7,111
223,7,119
223,7,127
223,7,135
223,7,143
223,7,151
223,7,159
223,7,167
223,7,175
223,7,183
223,7,191
223,7,199
223,7,207
223,7,215
223,7,223
223,7,231
223,7,239
223,7,247
223,7,255
223,15,0
223,15,7
223,15,15
223,15,23
223,15,31
223,15,39
223,15,47
223,15,55
223,15,63
223,15,71
223,15,79
223,15,87
223,15,95
223,15,103
223,15,111
223,15,119
223,15,127
223,15,135
223,15,143
223,15,151
223,15,159
223,15,167
223,15,175
223,15,183
223,15,191
223,15,199
223,15,207
223,15,215
223,15,223
223,15,231
223,15,239
223,15,247
223,15,255
223,23,0
223,23,7
223,23,15
223,23,23
223,23,31
223,23,39
223,23,47
223,23,55
223,23,63
223,23,71
223,23,79
223,23,87
223,23,95
223,23,103
223,23,111
223,23,119
223,23,127
223,23,135
223,23,143
223,23,151
223,23,159
223,23,167
223,23,175
223,23,183
223,23,191
223,23,199
223,23,207
223,23,215
223,23,223
223,23,231
223,23,239
223,23,247
223,23,255
223,31,0
223,31,7
223,31,15
223,31,23
223,31,31
223,31,39
223,31,47
223,31,55
223,31,63
223,31,71
223,31,79
223,31,87
223,31,95
223,31,103
223,31,111
223,31,119
223,31,127
223,31,135
223,31,143
223,31,151
223,31,159
223,31,167
223,31,175
223,31,183
223,31,191
223,31,199
223,31,207
223,31,215
223,31,223
223,31,231
223,31,239
223,31,247
223,31,255
223,39,0
223,39,7
223,39,15
223,39,23
223,39,31
223,39,39
223,39,47
223,39,55
223,39,63
223,39,71
223,39,79
223,39,87
223,39,95
223,39,103
223,39,111
223,39,119
223,39,127
223,39,135
223,39,143
223,39,151
223,39,159
223,39,167
223,39,175
223,39,183
223,39,191
223,39,199
223,39,207
223,39,215
223,39,223
223,39,231
223,39,239
223,39,247
223,39,255
223,47,0
223,47,7
223,47,15
223,47,23
223,47,31
223,47,39
223,47,47
223,47,55
223,47,63
223,47,71
223,47,79
223,47,87
223,47,95
223,47,103
223,47,111
223,47,119
223,47,127
223,47,135
223,47,143
223,47,151
223,47,159
223,47,167
223,47,175
223,47,183
223,47,191
223,47,199
223,47,207
223,47,215
223,47,223
223,47,231
223,47,239
223,47,247
223,47,255
223,55,0
223,55,7
223,55,15
223,55,23
223,55,31
223,55,39
223,55,47
223,55,55
223,55,63
223,55,71
223,55,79
223,55,87
223,55,95
223,55,103
223,55,111
223,55,119
223,55,127
223,55,135
223,55,143
223,55,151
223,55,159
223,55,167
223,55,175
223,55,183
223,55,191
223,55,199
223,55,207
223,55,215
223,55,223
223,55,231
223,55,239
223,55,247
223,55,255
223,63,0
223,63,7
223,63,15
223,63,23
223,63,31
223,63,39
223,63,47
223,63,55
223,63,63
223,63,71
223,63,79
223,63,87
223,63,95
223,63,103
223,63,111
223,63,119
223,63,127
223,63,135
223,63,143
223,63,151
223,63,159
223,63,167
223,63,175
223,63,183
223,63,191
223,63,199
223,63,207
223,63,215
223,63,223
223,63,231
223,63,239
223,63,247
223,63,255
223,71,0
223,71,7
223,71,15
223,71,23
223,71,31
223,71,39
223,71,47
223,71,55
223,71,63
223,71,71
223,71,79
223,71,87
223,71,95
223,71,103
223,71,111
223,71,119
223,71,127
223,71,135
223,71,143
223,71,151
223,71,159
223,71,167
223,71,175
223,71,183
223,71,191
223,71,199
223,71,207
223,71,215
223,71,223
223,71,231
223,71,239
223,71,247
223,71,255
223,79,0
223,79,7
223,79,15
223,79,23
223,79,31
223,79,39
223,79,47
223,79,55
223,79,63
223,79,71
223,79,79
223,79,87
223,79,95
223,79,103
223,79,111
223,79,119
223,79,127
223,79,135
223,79,143
223,79,151
223,79,159
223,79,167
223,79,175
223,79,183
223,79,191
223,79,199
223,79,207
223,79,215
223,79,223
223,79,231
223,79,239
223,79,247
223,79,255
223,87,0
223,87,7
223,87,15
223,87,23
223,87,31
223,87,39
223,87,47
223,87,55
223,87,63
223,87,71
223,87,79
223,87,87
223,87,95
223,87,103
223,87,111
223,87,119
223,87,127
223,87,135
223,87,143
223,87,151
223,87,159
223,87,167
223,87,175
223,87,183
223,87,191
223,87,199
223,87,207
223,87,215
223,87,223
223,87,231
223,87,239
223,87,247
223,87,255
223,95,0
223,95,7
223,95,15
223,95,23
223,95,31
223,95,39
223,95,47
223,95,55
223,95,63
223,95,71
223,95,79
223,95,87
223,95,95
223,95,103
223,95,111
223,95,119
223,95,127
223,95,135
223,95,143
223,95,151
223,95,159
223,95,167
223,95,175
223,95,183
223,95,191
223,95,199
223,95,207
223,95,215
223,95,223
223,95,231
223,95,239
223,95,247
223,95,255
223,103,0
223,103,7
223,103,15
223,103,23
223,103,31
223,103,39
223,103,47
223,103,55
223,103,63
223,103,71
223,103,79
223,103,87
223,103,95
223,103,103
223,103,111
223,103,119
223,103,127
223,103,135
223,103,143
223,103,151
223,103,159
223,103,167
223,103,175
223,103,183
223,103,191
223,103,199
223,103,207
223,103,215
223,103,223
223,103,231
223,103,239
223,103,247
223,103,255
223,111,0
223,111,7
223,111,15
223,111,23
223,111,31
223,111,39
223,111,47
223,111,55
223,111,63
223,111,71
223,111,79
223,111,87
223,111,95
223,111,103
223,111,111
223,111,119
223,111,127
223,111,135
223,111,143
223,111,151
223,111,159
223,111,167
223,111,175
223,111,183
223,111,191
223,111,199
223,111,207
223,111,215
223,111,223
223,111,231
223,111,239
223,111,247
223,111,255
223,119,0
223,119,7
223,119,15
223,119,23
223,119,31
223,119,39
223,119,47
223,119,55
223,119,63
223,119,71
223,119,79
223,119,87
223,119,95
223,119,103
223,119,111
223,119,119
223,119,127
223,119,135
223,119,143
223,119,151
223,119,159
223,119,167
223,119,175
223,119,183
223,119,191
223,119,199
223,119,207
223,119,215
223,119,223
223,119,231
223,119,239
223,119,247
223,119,255
223,127,0
223,127,7
223,127,15
223,127,23
223,127,31
223,127,39
223,127,47
223,127,55
223,127,63
223,127,71
223,127,79
223,127,87
223,127,95
223,127,103
223,127,111
223,127,119
223,127,127
223,127,135
223,127,143
223,127,151
223,127,159
223,127,167
223,127,175
223,127,183
223,127,191
223,127,199
223,127,207
223,127,215
223,127,223
223,127,231
223,127,239
223,127,247
223,127,255
223,135,0
223,135,7
223,135,15
223,135,23
223,135,31
223,135,39
223,135,47
223,135,55
223,135,63
223,135,71
223,135,79
223,135,87
223,135,95
223,135,103
223,135,111
223,135,119
223,135,127
223,135,135
223,135,143
223,135,151
223,135,159
223,135,167
223,135,175
223,135,183
223,135,191
223,135,199
223,135,207
223,135,215
223,135,223
223,135,231
223,135,239
223,135,247
223,135,255
223,143,0
223,143,7
223,143,15
223,143,23
223,143,31
223,143,39
223,143,47
223,143,55
223,143,63
223,143,71
223,143,79
223,143,87
223,143,95
223,143,103
223,143,111
223,143,119
223,143,127
223,143,135
223,143,143
223,143,151
223,143,159
223,143,167
223,143,175
223,143,183
223,143,191
223,143,199
223,143,207
223,143,215
223,143,223
223,143,231
223,143,239
223,143,247
223,143,255
223,151,0
223,151,7
223,151,15
223,151,23
223,151,31
223,151,39
223,151,47
223,151,55
223,151,63
223,151,71
223,151,79
223,151,87
223,151,95
223,151,103
223,151,111
223,151,119
223,151,127
223,151,135
223,151,143
223,151,151
223,151,159
223,151,167
223,151,175
223,151,183
223,151,191
223,151,199
223,151,207
223,151,215
223,151,223
223,151,231
223,151,239
223,151,247
223,151,255
223,159,0
223,159,7
223,159,15
223,159,23
223,159,31
223,159,39
223,159,47
223,159,55
223,159,63
223,159,71
223,159,79
223,159,87
223,159,95
223,159,103
223,159,111
223,159,119
223,159,127
223,159,135
223,159,143
223,159,151
223,159,159
223,159,167
223,159,175
223,159,183
223,159,191
223,159,199
223,159,207
223,159,215
223,159,223
223,159,231
223,159,239
223,159,247
223,159,255
223,167,0
223,167,7
223,167,15
223,167,23
223,167,31
223,167,39
223,167,47
223,167,55
223,167,63
223,167,71
223,167,79
223,167,87
223,167,95
223,167,103
223,167,111
223,167,119
223,167,127
223,167,135
223,167,143
223,167,151
223,167,159
223,167,167
223,167,175
223,167,183
223,167,191
223,167,199
223,167,207
223,167,215
223,167,223
223,167,231
223,167,239
223,167,247
223,167,255
223,175,0
223,175,7
223,175,15
223,175,23
223,175,31
223,175,39
223,175,47
223,175,55
223,175,63
223,175,71
223,175,79
223,175,87
223,175,95
223,175,103
223,175,111
223,175,119
223,175,127
223,175,135
223,175,143
223,175,151
223,175,159
223,175,167
223,175,175
223,175,183
223,175,191
223,175,199
223,175,207
223,175,215
223,175,223
223,175,231
223,175,239
223,175,247
223,175,255
223,183,0
223,183,7
223,183,15
223,183,23
223,183,31
223,183,39
223,183,47
223,183,55
223,183,63
223,183,71
223,183,79
223,183,87
223,183,95
223,183,103
223,183,111
223,183,119
223,183,127
223,183,135
223,183,143
223,183,151
223,183,159
223,183,167
223,183,175
223,183,183
223,183,191
223,183,199
223,183,207
223,183,215
223,183,223
223,183,231
223,183,239
223,183,247
223,183,255
223,191,0
223,191,7
223,191,15
223,191,23
223,191,31
223,191,39
223,191,47
223,191,55
223,191,63
223,191,71
223,191,79
223,191,87
223,191,95
223,191,103
223,191,111
223,191,119
223,191,127
223,191,135
223,191,143
223,191,151
223,191,159
223,191,167
223,191,175
223,191,183
223,191,191
223,191,199
223,191,207
223,191,215
223,191,223
223,191,231
223,191,239
223,191,247
223,191,255
223,199,0
223,199,7
223,199,15
223,199,23
223,199,31
223,199,39
223,199,47
223,199,55
223,199,63
223,199,71
223,199,79
223,199,87
223,199,95
223,199,103
223,199,111
223,199,119
223,199,127
223,199,135
223,199,143
223,199,151
223,199,159
223,199,167
223,199,175
223,199,183
223,199,191
223,199,199
223,199,207
223,199,215
223,199,223
223,199,231
223,199,239
223,199,247
223,199,255
223,207,0
223,207,7
223,207,15
223,207,23
223,207,31
223,207,39
223,207,47
223,207,55
223,207,63
223,207,71
223,207,79
223,207,87
223,207,95
223,207,103
223,207,111
223,207,119
223,207,127
223,207,135
223,207,143
223,207,151
223,207,159
223,207,167
223,207,175
223,207,183
223,207,191
223,207,199
223,207,207
223,207,215
223,207,223
223,207,231
223,207,239
223,207,247
223,207,255
223,215,0
223,215,7
223,215,15
223,215,23
223,215,31
223,215,39
223,215,47
223,215,55
223,215,63
223,215,71
223,215,79
223,215,87
223,215,95
223,215,103
223,215,111
223,215,119
223,215,127
223,215,135
223,215,143
223,215,151
223,215,159
223,215,167
223,215,175
223,215,183
223,215,191
223,215,199
223,215,207
223,215,215
223,215,223
223,215,231
223,215,239
223,215,247
223,215,255
223,223,0
223,223,7
223,223,15
223,223,23
223,223,31
223,223,39
223,223,47
223,223,55
223,223,63
223,223,71
223,223,79
223,223,87
223,223,95
223,223,103
223,223,111
223,223,119
223,223,127
223,223,135
223,223,143
223,223,151
223,223,159
223,223,167
223,223,175
223,223,183
223,223,191
223,223,199
223,223,207
223,223,215
223,223,223
223,223,231
223,223,239
223,223,247
223,223,255
223,231,0
223,231,7
223,231,15
223,231,23
223,231,31
223,231,39
223,231,47
223,231,55
223,231,63
223,231,71
223,231,79
223,231,87
223,231,95
223,231,103
223,231,111
223,231,119
223,231,127
223,231,135
223,231,143
223,231,151
223,231,159
223,231,167
223,231,175
223,231,183
223,231,191
223,231,199
223,231,207
223,231,215
223,231,223
223,231,231
223,231,239
223,231,247
223,231,255
223,239,0
223,239,7
223,239,15
223,239,23
223,239,31
223,239,39
223,239,47
223,239,55
223,239,63
223,239,71
223,239,79
223,239,87
223,239,95
223,239,103
223,239,111
223,239,119
223,239,127
223,239,135
223,239,143
223,239,151
223,239,159
223,239,167
223,239,175
223,239,183
223,239,191
223,239,199
223,239,207
223,239,215
223,239,223
223,239,231
223,239,239
223,239,247
223,239,255
223,247,0
223,247,7
223,247,15
223,247,23
223,247,31
223,247,39
223,247,47
223,247,55
223,247,63
223,247,71
223,247,79
223,247,87
223,247,95
223,247,103
223,247,111
223,247,119
223,247,127
223,247,135
223,247,143
223,247,151
223,247,159
223,247,167
223,247,175
223,247,183
223,247,191
223,247,199
223,247,207
223,247,215
223,247,223
223,247,231
223,247,239
223,247,247
223,247,255
223,255,0
223,255,7
223,255,15
223,255,23
223,255,31
223,255,39
223,255,47
223,255,55
223,255,63
223,255,71
223,255,79
223,255,87
223,255,95
223,255,103
223,255,111
223,255,119
223,255,127
223,255,135
223,255,143
223,255,151
223,255,159
223,255,167
223,255,175
223,255,183
223,255,191
223,255,199
223,255,207
223,255,215
223,255,223
223,255,231
223,255,239
223,255,247
223,255,255
231,0,0
231,0,7
231,0,15
231,0,23
231,0,31
231,0,39
231,0,47
231,0,55
231,0,63
231,0,71
231,0,79
231,0,87
231,0,95
231,0,103
231,0,111
231,0,119
231,0,127
231,0,135
231,0,143
231,0,151
231,0,159
231,0,167
231,0,175
231,0,183
231,0,191
231,0,199
231,0,207
231,0,215
231,0,223
231,0,231
231,0,239
231,0,247
231,0,255
231,7,0
231,7,7
231,7,15
231,7,23
231,7,31
231,7,39
231,7,47
231,7,55
231,7,63
231,7,71
231,7,79
231,7,87
231,7,95
231,7,103
231,7,111
231,7,119
231,7,127
231,7,135
231,7,143
231,7,151
231,7,159
231,7,167
231,7,175
231,7,183
231,7,191
231,7,199
231,7,207
231,7,215
231,7,223
231,7,231
231,7,239
231,7,247
231,7,255
231,15,0
231,15,7
231,15,15
231,15,23
231,15,31
231,15,39
231,15,47
231,15,55
231,15,63
231,15,71
231,15,79
231,15,87
231,15,95
231,15,103
231,15,111
231,15,119
231,15,127
231,15,135
231,15,143
231,15,151
231,15,159
231,15,167
231,15,175
231,15,183
231,15,191
231,15,199
231,15,207
231,15,215
231,15,223
231,15,231
231,15,239
231,15,247
231,15,255
231,23,0
231,23,7
231,23,15
231,23,23
231,23,31
231,23,39
231,23,47
231,23,55
231,23,63
231,23,71
231,23,79
231,23,87
231,23,95
231,23,103
231,23,111
231,23,119
231,23,127
231,23,135
231,23,143
231,23,151
231,23,159
231,23,167
231,23,175
231,23,183
231,23,191
231,23,199
231,23,207
231,23,215
231,23,223
231,23,231
231,23,239
231,23,247
231,23,255
231,31,0
231,31,7
231,31,15
231,31,23
231,31,31
231,31,39
231,31,47
231,31,55
231,31,63
231,31,71
231,31,79
231,31,87
231,31,95
231,31,103
231,31,111
231,31,119
231,31,127
231,31,135
231,31,143
231,31,151
231,31,159
231,31,167
231,31,175
231,31,183
231,31,191
231,31,199
231,31,207
231,31,215
231,31,223
231,31,231
231,31,239
231,31,247
231,31,255
231,39,0
231,39,7
231,39,15
231,39,23
231,39,31
231,39,39
231,39,47
231,39,55
231,39,63
231,39,71
231,39,79
231,39,87
231,39,95
231,39,103
231,39,111
231,39,119
231,39,127
231,39,135
231,39,143
231,39,151
231,39,159
231,39,167
231,39,175
231,39,183
231,39,191
231,39,199
231,39,207
231,39,215
231,39,223
231,39,231
231,39,239
231,39,247
231,39,255
231,47,0
231,47,7
231,47,15
231,47,23
231,47,31
231,47,39
231,47,47
231,47,55
231,47,63
231,47,71
231,47,79
231,47,87
231,47,95
231,47,103
231,47,111
231,47,119
231,47,127
231,47,135
231,47,143
231,47,151
231,47,159
231,47,167
231,47,175
231,47,183
231,47,191
231,47,199
231,47,207
231,47,215
231,47,223
231,47,231
231,47,239
231,47,247
231,47,255
231,55,0
231,55,7
231,55,15
231,55,23
231,55,31
231,55,39
231,55,47
231,55,55
231,55,63
231,55,71
231,55,79
231,55,87
231,55,95
231,55,103
231,55,111
231,55,119
231,55,127
231,55,135
231,55,143
231,55,151
231,55,159
231,55,167
231,55,175
231,55,183
231,55,191
231,55,199
231,55,207
231,55,215
231,55,223
231,55,231
231,55,239
231,55,247
231,55,255
231,63,0
231,63,7
231,63,15
231,63,23
231,63,31
231,63,39
231,63,47
231,63,55
231,63,63
231,63,71
231,63,79
231,63,87
231,63,95
231,63,103
231,63,111
231,63,119
231,63,127
231,63,135
231,63,143
231,63,151
231,63,159
231,63,167
231,63,175
231,63,183
231,63,191
231,63,199
231,63,207
231,63,215
231,63,223
231,63,231
231,63,239
231,63,247
231,63,255
231,71,0
231,71,7
231,71,15
231,71,23
231,71,31
231,71,39
231,71,47
231,71,55
231,71,63
231,71,71
231,71,79
231,71,87
231,71,95
231,71,103
231,71,111
231,71,119
231,71,127
231,71,135
231,71,143
231,71,151
231,71,159
231,71,167
231,71,175
231,71,183
231,71,191
231,71,199
231,71,207
231,71,215
231,71,223
231,71,231
231,71,239
231,71,247
231,71,255
231,79,0
231,79,7
231,79,15
231,79,23
231,79,31
231,79,39
231,79,47
231,79,55
231,79,63
231,79,71
231,79,79
231,79,87
231,79,95
231,79,103
231,79,111
231,79,119
231,79,127
231,79,135
231,79,143
231,79,151
231,79,159
231,79,167
231,79,175
231,79,183
231,79,191
231,79,199
231,79,207
231,79,215
231,79,223
231,79,231
231,79,239
231,79,247
231,79,255
231,87,0
231,87,7
231,87,15
231,87,23
231,87,31
231,87,39
231,87,47
231,87,55
231,87,63
231,87,71
231,87,79
231,87,87
231,87,95
231,87,103
231,87,111
231,87,119
231,87,127
231,87,135
231,87,143
231,87,151
231,87,159
231,87,167
231,87,175
231,87,183
231,87,191
231,87,199
231,87,207
231,87,215
231,87,223
231,87,231
231,87,239
231,87,247
231,87,255
231,95,0
231,95,7
231,95,15
231,95,23
231,95,31
231,95,39
231,95,47
231,95,55
231,95,63
231,95,71
231,95,79
231,95,87
231,95,95
231,95,103
231,95,111
231,95,119
231,95,127
231,95,135
231,95,143
231,95,151
231,95,159
231,95,167
231,95,175
231,95,183
231,95,191
231,95,199
231,95,207
231,95,215
231,95,223
231,95,231
231,95,239
231,95,247
231,95,255
231,103,0
231,103,7
231,103,15
231,103,23
231,103,31
231,103,39
231,103,47
231,103,55
231,103,63
231,103,71
231,103,79
231,103,87
231,103,95
231,103,103
231,103,111
231,103,119
231,103,127
231,103,135
231,103,143
231,103,151
231,103,159
231,103,167
231,103,175
231,103,183
231,103,191
231,103,199
231,103,207
231,103,215
231,103,223
231,103,231
231,103,239
231,103,247
231,103,255
231,111,0
231,111,7
231,111,15
231,111,23
231,111,31
231,111,39
231,111,47
231,111,55
231,111,63
231,111,71
231,111,79
231,111,87
231,111,95
231,111,103
231,111,111
231,111,119
231,111,127
231,111,135
231,111,143
231,111,151
231,111,159
231,111,167
231,111,175
231,111,183
231,111,191
231,111,199
231,111,207
231,111,215
231,111,223
231,111,231
231,111,239
231,111,247
231,111,255
231,119,0
231,119,7
231,119,15
231,119,23
231,119,31
231,119,39
231,119,47
231,119,55
231,119,63
231,119,71
231,119,79
231,119,87
231,119,95
231,119,103
231,119,111
231,119,119
231,119,127
231,119,135
231,119,143
231,119,151
231,119,159
231,119,167
231,119,175
231,119,183
231,119,191
231,119,199
231,119,207
231,119,215
231,119,223
231,119,231
231,119,239
231,119,247
231,119,255
231,127,0
231,127,7
231,127,15
231,127,23
231,127,31
231,127,39
231,127,47
231,127,55
231,127,63
231,127,71
231,127,79
231,127,87
231,127,95
231,127,103
231,127,111
231,127,119
231,127,127
231,127,135
231,127,143
231,127,151
231,127,159
231,127,167
231,127,175
231,127,183
231,127,191
231,127,199
231,127,207
231,127,215
231,127,223
231,127,231
231,127,239
231,127,247
231,127,255
231,135,0
231,135,7
231,135,15
231,135,23
231,135,31
231,135,39
231,135,47
231,135,55
231,135,63
231,135,71
231,135,79
231,135,87
231,135,95
231,135,103
231,135,111
231,135,119
231,135,127
231,135,135
231,135,143
231,135,151
231,135,159
231,135,167
231,135,175
231,135,183
231,135,191
231,135,199
231,135,207
231,135,215
231,135,223
231,135,231
231,135,239
231,135,247
231,135,255
231,143,0
231,143,7
231,143,15
231,143,23
231,143,31
231,143,39
231,143,47
231,143,55
231,143,63
231,143,71
231,143,79
231,143,87
231,143,95
231,143,103
231,143,111
231,143,119
231,143,127
231,143,135
231,143,143
231,143,151
231,143,159
231,143,167
231,143,175
231,143,183
231,143,191
231,143,199
231,143,207
231,143,215
231,143,223
231,143,231
231,143,239
231,143,247
231,143,255
231,151,0
231,151,7
231,151,15
231,151,23
231,151,31
231,151,39
231,151,47
231,151,55
231,151,63
231,151,71
231,151,79
231,151,87
231,151,95
231,151,103
231,151,111
231,151,119
231,151,127
231,151,135
231,151,143
231,151,151
231,151,159
231,151,167
231,151,175
231,151,183
231,151,191
231,151,199
231,151,207
231,151,215
231,151,223
231,151,231
231,151,239
231,151,247
231,151,255
231,159,0
231,159,7
231,159,15
231,159,23
231,159,31
231,159,39
231,159,47
231,159,55
231,159,63
231,159,71
231,159,79
231,159,87
231,159,95
231,159,103
231,159,111
231,159,119
231,159,127
231,159,135
231,159,143
231,159,151
231,159,159
231,159,167
231,159,175
231,159,183
231,159,191
231,159,199
231,159,207
231,159,215
231,159,223
231,159,231
231,159,239
231,159,247
231,159,255
231,167,0
231,167,7
231,167,15
231,167,23
231,167,31
231,167,39
231,167,47
231,167,55
231,167,63
231,167,71
231,167,79
231,167,87
231,167,95
231,167,103
231,167,111
231,167,119
231,167,127
231,167,135
231,167,143
231,167,151
231,167,159
231,167,167
231,167,175
231,167,183
231,167,191
231,167,199
231,167,207
231,167,215
231,167,223
231,167,231
231,167,239
231,167,247
231,167,255
231,175,0
231,175,7
231,175,15
231,175,23
231,175,31
231,175,39
231,175,47
231,175,55
231,175,63
231,175,71
231,175,79
231,175,87
231,175,95
231,175,103
231,175,111
231,175,119
231,175,127
231,175,135
231,175,143
231,175,151
231,175,159
231,175,167
231,175,175
231,175,183
231,175,191
231,175,199
231,175,207
231,175,215
231,175,223
231,175,231
231,175,239
231,175,247
231,175,255
231,183,0
231,183,7
231,183,15
231,183,23
231,183,31
231,183,39
231,183,47
231,183,55
231,183,63
231,183,71
231,183,79
231,183,87
231,183,95
231,183,103
231,183,111
231,183,119
231,183,127
231,183,135
231,183,143
231,183,151
231,183,159
231,183,167
231,183,175
231,183,183
231,183,191
231,183,199
231,183,207
231,183,215
231,183,223
231,183,231
231,183,239
231,183,247
231,183,255
231,191,0
231,191,7
231,191,15
231,191,23
231,191,31
231,191,39
231,191,47
231,191,55
231,191,63
231,191,71
231,191,79
231,191,87
231,191,95
231,191,103
231,191,111
231,191,119
231,191,127
231,191,135
231,191,143
231,191,151
231,191,159
231,191,167
231,191,175
231,191,183
231,191,191
231,191,199
231,191,207
231,191,215
231,191,223
231,191,231
231,191,239
231,191,247
231,191,255
231,199,0
231,199,7
231,199,15
231,199,23
231,199,31
231,199,39
231,199,47
231,199,55
231,199,63
231,199,71
231,199,79
231,199,87
231,199,95
231,199,103
231,199,111
231,199,119
231,199,127
231,199,135
231,199,143
231,199,151
231,199,159
231,199,167
231,199,175
231,199,183
231,199,191
231,199,199
231,199,207
231,199,215
231,199,223
231,199,231
231,199,239
231,199,247
231,199,255
231,207,0
231,207,7
231,207,15
231,207,23
231,207,31
231,207,39
231,207,47
231,207,55
231,207,63
231,207,71
231,207,79
231,207,87
231,207,95
231,207,103
231,207,111
231,207,119
231,207,127
231,207,135
231,207,143
231,207,151
231,207,159
231,207,167
231,207,175
231,207,183
231,207,191
231,207,199
231,207,207
231,207,215
231,207,223
231,207,231
231,207,239
231,207,247
231,207,255
231,215,0
231,215,7
231,215,15
231,215,23
231,215,31
231,215,39
231,215,47
231,215,55
231,215,63
231,215,71
231,215,79
231,215,87
231,215,95
231,215,103
231,215,111
231,215,119
231,215,127
231,215,135
231,215,143
231,215,151
231,215,159
231,215,167
231,215,175
231,215,183
231,215,191
231,215,199
231,215,207
231,215,215
231,215,223
231,215,231
231,215,239
231,215,247
231,215,255
231,223,0
231,223,7
231,223,15
231,223,23
231,223,31
231,223,39
231,223,47
231,223,55
231,223,63
231,223,71
231,223,79
231,223,87
231,223,95
231,223,103
231,223,111
231,223,119
231,223,127
231,223,135
231,223,143
231,223,151
231,223,159
231,223,167
231,223,175
231,223,183
231,223,191
231,223,199
231,223,207
231,223,215
231,223,223
231,223,231
231,223,239
231,223,247
231,223,255
231,231,0
231,231,7
231,231,15
231,231,23
231,231,31
231,231,39
231,231,47
231,231,55
231,231,63
231,231,71
231,231,79
231,231,87
231,231,95
231,231,103
231,231,111
231,231,119
231,231,127
231,231,135
231,231,143
231,231,151
231,231,159
231,231,167
231,231,175
231,231,183
231,231,191
231,231,199
231,231,207
231,231,215
231,231,223
231,231,231
231,231,239
231,231,247
231,231,255
231,239,0
231,239,7
231,239,15
231,239,23
231,239,31
231,239,39
231,239,47
231,239,55
231,239,63
231,239,71
231,239,79
231,239,87
231,239,95
231,239,103
231,239,111
231,239,119
231,239,127
231,239,135
231,239,143
231,239,151
231,239,159
231,239,167
231,239,175
231,239,183
231,239,191
231,239,199
231,239,207
231,239,215
231,239,223
231,239,231
231,239,239
231,239,247
231,239,255
231,247,0
231,247,7
231,247,15
231,247,23
231,247,31
231,247,39
231,247,47
231,247,55
231,247,63
231,247,71
231,247,79
231,247,87
231,247,95
231,247,103
231,247,111
231,247,119
231,247,127
231,247,135
231,247,143
231,247,151
231,247,159
231,247,167
231,247,175
231,247,183
231,247,191
231,247,199
231,247,207
231,247,215
231,247,223
231,247,231
231,247,239
231,247,247
231,247,255
231,255,0
231,255,7
231,255,15
231,255,23
231,255,31
231,255,39
231,255,47
231,255,55
231,255,63
231,255,71
231,255,79
231,255,87
231,255,95
231,255,103
231,255,111
231,255,119
231,255,127
231,255,135
231,255,143
231,255,151
231,255,159
231,255,167
231,255,175
231,255,183
231,255,191
231,255,199
231,255,207
231,255,215
231,255,223
231,255,231
231,255,239
231,255,247
231,255,255
239,0,0
239,0,7
239,0,15
239,0,23
239,0,31
239,0,39
239,0,47
239,0,55
239,0,63
239,0,71
239,0,79
239,0,87
239,0,95
239,0,103
239,0,111
239,0,119
239,0,127
239,0,135
239,0,143
239,0,151
239,0,159
239,0,167
239,0,175
239,0,183
239,0,191
239,0,199
239,0,207
239,0,215
239,0,223
239,0,231
239,0,239
239,0,247
239,0,255
239,7,0
239,7,7
239,7,15
239,7,23
239,7,31
239,7,39
239,7,47
239,7,55
239,7,63
239,7,71
239,7,79
239,7,87
239,7,95
239,7,103
239,7,111
239,7,119
239,7,127
239,7,135
239,7,143
239,7,151
239,7,159
239,7,167
239,7,175
239,7,183
239,7,191
239,7,199
239,7,207
239,7,215
239,7,223
239,7,231
239,7,239
239,7,247
239,7,255
239,15,0
239,15,7
239,15,15
239,15,23
239,15,31
239,15,39
239,15,47
239,15,55
239,15,63
239,15,71
239,15,79
239,15,87
239,15,95
239,15,103
239,15,111
239,15,119
239,15,127
239,15,135
239,15,143
239,15,151
239,15,159
239,15,167
239,15,175
239,15,183
239,15,191
239,15,199
239,15,207
239,15,215
239,15,223
239,15,231
239,15,239
239,15,247
239,15,255
239,23,0
239,23,7
239,23,15
239,23,23
239,23,31
239,23,39
239,23,47
239,23,55
239,23,63
239,23,71
239,23,79
239,23,87
239,23,95
239,23,103
239,23,111
239,23,119
239,23,127
239,23,135
239,23,143
239,23,151
239,23,159
239,23,167
239,23,175
239,23,183
239,23,191
239,23,199
239,23,207
239,23,215
239,23,223
239,23,231
239,23,239
239,23,247
239,23,255
239,31,0
239,31,7
239,31,15
239,31,23
239,31,31
239,31,39
239,31,47
239,31,55
239,31,63
239,31,71
239,31,79
239,31,87
239,31,95
239,31,103
239,31,111
239,31,119
239,31,127
239,31,135
239,31,143
239,31,151
239,31,159
239,31,167
239,31,175
239,31,183
239,31,191
239,31,199
239,31,207
239,31,215
239,31,223
239,31,231
239,31,239
239,31,247
239,31,255
239,39,0
239,39,7
239,39,15
239,39,23
239,39,31
239,39,39
239,39,47
239,39,55
239,39,63
239,39,71
239,39,79
239,39,87
239,39,95
239,39,103
239,39,111
239,39,119
239,39,127
239,39,135
239,39,143
239,39,151
239,39,159
239,39,167
239,39,175
239,39,183
239,39,191
239,39,199
239,39,207
239,39,215
239,39,223
239,39,231
239,39,239
239,39,247
239,39,255
239,47,0
239,47,7
239,47,15
239,47,23
239,47,31
239,47,39
239,47,47
239,47,55
239,47,63
239,47,71
239,47,79
239,47,87
239,47,95
239,47,103
239,47,111
239,47,119
239,47,127
239,47,135
239,47,143
239,47,151
239,47,159
239,47,167
239,47,175
239,47,183
239,47,191
239,47,199
239,47,207
239,47,215
239,47,223
239,47,231
239,47,239
239,47,247
239,47,255
239,55,0
239,55,7
239,55,15
239,55,23
239,55,31
239,55,39
239,55,47
239,55,55
239,55,63
239,55,71
239,55,79
239,55,87
239,55,95
239,55,103
239,55,111
239,55,119
239,55,127
239,55,135
239,55,143
239,55,151
239,55,159
239,55,167
239,55,175
239,55,183
239,55,191
239,55,199
239,55,207
239,55,215
239,55,223
239,55,231
239,55,239
239,55,247
239,55,255
239,63,0
239,63,7
239,63,15
239,63,23
239,63,31
239,63,39
239,63,47
239,63,55
239,63,63
239,63,71
239,63,79
239,63,87
239,63,95
239,63,103
239,63,111
239,63,119
239,63,127
239,63,135
239,63,143
239,63,151
239,63,159
239,63,167
239,63,175
239,63,183
239,63,191
239,63,199
239,63,207
239,63,215
239,63,223
239,63,231
239,63,239
239,63,247
239,63,255
239,71,0
239,71,7
239,71,15
239,71,23
239,71,31
239,71,39
239,71,47
239,71,55
239,71,63
239,71,71
239,71,79
239,71,87
239,71,95
239,71,103
239,71,111
239,71,119
239,71,127
239,71,135
239,71,143
239,71,151
239,71,159
239,71,167
239,71,175
239,71,183
239,71,191
239,71,199
239,71,207
239,71,215
239,71,223
239,71,231
239,71,239
239,71,247
239,71,255
239,79,0
239,79,7
239,79,15
239,79,23
239,79,31
239,79,39
239,79,47
239,79,55
239,79,63
239,79,71
239,79,79
239,79,87
239,79,95
239,79,103
239,79,111
239,79,119
239,79,127
239,79,135
239,79,143
239,79,151
239,79,159
239,79,167
239,79,175
239,79,183
239,79,191
239,79,199
239,79,207
239,79,215
239,79,223
239,79,231
239,79,239
239,79,247
239,79,255
239,87,0
239,87,7
239,87,15
239,87,23
239,87,31
239,87,39
239,87,47
239,87,55
239,87,63
239,87,71
239,87,79
239,87,87
239,87,95
239,87,103
239,87,111
239,87,119
239,87,127
239,87,135
239,87,143
239,87,151
239,87,159
239,87,167
239,87,175
239,87,183
239,87,191
239,87,199
239,87,207
239,87,215
239,87,223
239,87,231
239,87,239
239,87,247
239,87,255
239,95,0
239,95,7
239,95,15
239,95,23
239,95,31
239,95,39
239,95,47
239,95,55
239,95,63
239,95,71
239,95,79
239,95,87
239,95,95
239,95,103
239,95,111
239,95,119
239,95,127
239,95,135
239,95,143
239,95,151
239,95,159
239,95,167
239,95,175
239,95,183
239,95,191
239,95,199
239,95,207
239,95,215
239,95,223
239,95,231
239,95,239
239,95,247
239,95,255
239,103,0
239,103,7
239,103,15
239,103,23
239,103,31
239,103,39
239,103,47
239,103,55
239,103,63
239,103,71
239,103,79
239,103,87
239,103,95
239,103,103
239,103,111
239,103,119
239,103,127
239,103,135
239,103,143
239,103,151
239,103,159
239,103,167
239,103,175
239,103,183
239,103,191
239,103,199
239,103,207
239,103,215
239,103,223
239,103,231
239,103,239
239,103,247
239,103,255
239,111,0
239,111,7
239,111,15
239,111,23
239,111,31
239,111,39
239,111,47
239,111,55
239,111,63
239,111,71
239,111,79
239,111,87
239,111,95
239,111,103
239,111,111
239,111,119
239,111,127
239,111,135
239,111,143
239,111,151
239,111,159
239,111,167
239,111,175
239,111,183
239,111,191
239,111,199
239,111,207
239,111,215
239,111,223
239,111,231
239,111,239
239,111,247
239,111,255
239,119,0
239,119,7
239,119,15
239,119,23
239,119,31
239,119,39
239,119,47
239,119,55
239,119,63
239,119,71
239,119,79
239,119,87
239,119,95
239,119,103
239,119,111
239,119,119
239,119,127
239,119,135
239,119,143
239,119,151
239,119,159
239,119,167
239,119,175
239,119,183
239,119,191
239,119,199
239,119,207
239,119,215
239,119,223
239,119,231
239,119,239
239,119,247
239,119,255
239,127,0
239,127,7
239,127,15
239,127,23
239,127,31
239,127,39
239,127,47
239,127,55
239,127,63
239,127,71
239,127,79
239,127,87
239,127,95
239,127,103
239,127,111
239,127,119
239,127,127
239,127,135
239,127,143
239,127,151
239,127,159
239,127,167
239,127,175
239,127,183
239,127,191
239,127,199
239,127,207
239,127,215
239,127,223
239,127,231
239,127,239
239,127,247
239,127,255
239,135,0
239,135,7
239,135,15
239,135,23
239,135,31
239,135,39
239,135,47
239,135,55
239,135,63
239,135,71
239,135,79
239,135,87
239,135,95
239,135,103
239,135,111
239,135,119
239,135,127
239,135,135
239,135,143
239,135,151
239,135,159
239,135,167
239,135,175
239,135,183
239,135,191
239,135,199
239,135,207
239,135,215
239,135,223
239,135,231
239,135,239
239,135,247
239,135,255
239,143,0
239,143,7
239,143,15
239,143,23
239,143,31
239,143,39
239,143,47
239,143,55
239,143,63
239,143,71
239,143,79
239,143,87
239,143,95
239,143,103
239,143,111
239,143,119
239,143,127
239,143,135
239,143,143
239,143,151
239,143,159
239,143,167
239,143,175
239,143,183
239,143,191
239,143,199
239,143,207
239,143,215
239,143,223
239,143,231
239,143,239
239,143,247
239,143,255
239,151,0
239,151,7
239,151,15
239,151,23
239,151,31
239,151,39
239,151,47
239,151,55
239,151,63
239,151,71
239,151,79
239,151,87
239,151,95
239,151,103
239,151,111
239,151,119
239,151,127
239,151,135
239,151,143
239,151,151
239,151,159
239,151,167
239,151,175
239,151,183
239,151,191
239,151,199
239,151,207
239,151,215
239,151,223
239,151,231
239,151,239
239,151,247
239,151,255
239,159,0
239,159,7
239,159,15
239,159,23
239,159,31
239,159,39
239,159,47
239,159,55
239,159,63
239,159,71
239,159,79
239,159,87
239,159,95
239,159,103
239,159,111
239,159,119
239,159,127
239,159,135
239,159,143
239,159,151
239,159,159
239,159,167
239,159,175
239,159,183
239,159,191
239,159,199
239,159,207
239,159,215
239,159,223
239,159,231
239,159,239
239,159,247
239,159,255
239,167,0
239,167,7
239,167,15
239,167,23
239,167,31
239,167,39
239,167,47
239,167,55
239,167,63
239,167,71
239,167,79
239,167,87
239,167,95
239,167,103
239,167,111
239,167,119
239,167,127
239,167,135
239,167,143
239,167,151
239,167,159
239,167,167
239,167,175
239,167,183
239,167,191
239,167,199
239,167,207
239,167,215
239,167,223
239,167,231
239,167,239
239,167,247
239,167,255
239,175,0
239,175,7
239,175,15
239,175,23
239,175,31
239,175,39
239,175,47
239,175,55
239,175,63
239,175,71
239,175,79
239,175,87
239,175,95
239,175,103
239,175,111
239,175,119
239,175,127
239,175,135
239,175,143
239,175,151
239,175,159
239,175,167
239,175,175
239,175,183
239,175,191
239,175,199
239,175,207
239,175,215
239,175,223
239,175,231
239,175,239
239,175,247
239,175,255
239,183,0
239,183,7
239,183,15
239,183,23
239,183,31
239,183,39
239,183,47
239,183,55
239,183,63
239,183,71
239,183,79
239,183,87
239,183,95
239,183,103
239,183,111
239,183,119
239,183,127
239,183,135
239,183,143
239,183,151
239,183,159
239,183,167
239,183,175
239,183,183
239,183,191
239,183,199
239,183,207
239,183,215
239,183,223
239,183,231
239,183,239
239,183,247
239,183,255
239,191,0
239,191,7
239,191,15
239,191,23
239,191,31
239,191,39
239,191,47
239,191,55
239,191,63
239,191,71
239,191,79
239,191,87
239,191,95
239,191,103
239,191,111
239,191,119
239,191,127
239,191,135
239,191,143
239,191,151
239,191,159
239,191,167
239,191,175
239,191,183
239,191,191
239,191,199
239,191,207
239,191,215
239,191,223
239,191,231
239,191,239
239,191,247
239,191,255
239,199,0
239,199,7
239,199,15
239,199,23
239,199,31
239,199,39
239,199,47
239,199,55
239,199,63
239,199,71
239,199,79
239,199,87
239,199,95
239,199,103
239,199,111
239,199,119
239,199,127
239,199,135
239,199,143
239,199,151
239,199,159
239,199,167
239,199,175
239,199,183
239,199,191
239,199,199
239,199,207
239,199,215
239,199,223
239,199,231
239,199,239
239,199,247
239,199,255
239,207,0
239,207,7
239,207,15
239,207,23
239,207,31
239,207,39
239,207,47
239,207,55
239,207,63
239,207,71
239,207,79
239,207,87
239,207,95
239,207,103
239,207,111
239,207,119
239,207,127
239,207,135
239,207,143
239,207,151
239,207,159
239,207,167
239,207,175
239,207,183
239,207,191
239,207,199
239,207,207
239,207,215
239,207,223
239,207,231
239,207,239
239,207,247
239,207,255
239,215,0
239,215,7
239,215,15
239,215,23
239,215,31
239,215,39
239,215,47
239,215,55
239,215,63
239,215,71
239,215,79
239,215,87
239,215,95
239,215,103
239,215,111
239,215,119
239,215,127
239,215,135
239,215,143
239,215,151
239,215,159
239,215,167
239,215,175
239,215,183
239,215,191
239,215,199
239,215,207
239,215,215
239,215,223
239,215,231
239,215,239
239,215,247
239,215,255
239,223,0
239,223,7
239,223,15
239,223,23
239,223,31
239,223,39
239,223,47
239,223,55
239,223,63
239,223,71
239,223,79
239,223,87
239,223,95
239,223,103
239,223,111
239,223,119
239,223,127
239,223,135
239,223,143
239,223,151
239,223,159
239,223,167
239,223,175
239,223,183
239,223,191
239,223,199
239,223,207
239,223,215
239,223,223
239,223,231
239,223,239
239,223,247
239,223,255
239,231,0
239,231,7
239,231,15
239,231,23
239,231,31
239,231,39
239,231,47
239,231,55
239,231,63
239,231,71
239,231,79
239,231,87
239,231,95
239,231,103
239,231,111
239,231,119
239,231,127
239,231,135
239,231,143
239,231,151
239,231,159
239,231,167
239,231,175
239,231,183
239,231,191
239,231,199
239,231,207
239,231,215
239,231,223
239,231,231
239,231,239
239,231,247
239,231,255
239,239,0
239,239,7
239,239,15
239,239,23
239,239,31
239,239,39
239,239,47
239,239,55
239,239,63
239,239,71
239,239,79
239,239,87
239,239,95
239,239,103
239,239,111
239,239,119
239,239,127
239,239,135
239,239,143
239,239,151
239,239,159
239,239,167
239,239,175
239,239,183
239,239,191
239,239,199
239,239,207
239,239,215
239,239,223
239,239,231
239,239,239
239,239,247
239,239,255
239,247,0
239,247,7
239,247,15
239,247,23
239,247,31
239,247,39
239,247,47
239,247,55
239,247,63
239,247,71
239,247,79
239,247,87
239,247,95
239,247,103
239,247,111
239,247,119
239,247,127
239,247,135
239,247,143
239,247,151
239,247,159
239,247,167
239,247,175
239,247,183
239,247,191
239,247,199
239,247,207
239,247,215
239,247,223
239,247,231
239,247,239
239,247,247
239,247,255
239,255,0
239,255,7
239,255,15
239,255,23
239,255,31
239,255,39
239,255,47
239,255,55
239,255,63
239,255,71
239,255,79
239,255,87
239,255,95
239,255,103
239,255,111
239,255,119
239,255,127
239,255,135
239,255,143
239,255,151
239,255,159
239,255,167
239,255,175
239,255,183
239,255,191
239,255,199
239,255,207
239,255,215
239,255,223
239,255,231
239,255,239
239,255,247
239,255,255
247,0,0
247,0,7
247,0,15
247,0,23
247,0,31
247,0,39
247,0,47
247,0,55
247,0,63
247,0,71
247,0,79
247,0,87
247,0,95
247,0,103
247,0,111
247,0,119
247,0,127
247,0,135
247,0,143
247,0,151
247,0,159
247,0,167
247,0,175
247,0,183
247,0,191
247,0,199
247,0,207
247,0,215
247,0,223
247,0,231
247,0,239
247,0,247
247,0,255
247,7,0
247,7,7
247,7,15
247,7,23
247,7,31
247,7,39
247,7,47
247,7,55
247,7,63
247,7,71
247,7,79
247,7,87
247,7,95
247,7,103
247,7,111
247,7,119
247,7,127
247,7,135
247,7,143
247,7,151
247,7,159
247,7,167
247,7,175
247,7,183
247,7,191
247,7,199
247,7,207
247,7,215
247,7,223
247,7,231
247,7,239
247,7,247
247,7,255
247,15,0
247,15,7
247,15,15
247,15,23
247,15,31
247,15,39
247,15,47
247,15,55
247,15,63
247,15,71
247,15,79
247,15,87
247,15,95
247,15,103
247,15,111
247,15,119
247,15,127
247,15,135
247,15,143
247,15,151
247,15,159
247,15,167
247,15,175
247,15,183
247,15,191
247,15,199
247,15,207
247,15,215
247,15,223
247,15,231
247,15,239
247,15,247
247,15,255
247,23,0
247,23,7
247,23,15
247,23,23
247,23,31
247,23,39
247,23,47
247,23,55
247,23,63
247,23,71
247,23,79
247,23,87
247,23,95
247,23,103
247,23,111
247,23,119
247,23,127
247,23,135
247,23,143
247,23,151
247,23,159
247,23,167
247,23,175
247,23,183
247,23,191
247,23,199
247,23,207
247,23,215
247,23,223
247,23,231
247,23,239
247,23,247
247,23,255
247,31,0
247,31,7
247,31,15
247,31,23
247,31,31
247,31,39
247,31,47
247,31,55
247,31,63
247,31,71
247,31,79
247,31,87
247,31,95
247,31,103
247,31,111
247,31,119
247,31,127
247,31,135
247,31,143
247,31,151
247,31,159
247,31,167
247,31,175
247,31,183
247,31,191
247,31,199
247,31,207
247,31,215
247,31,223
247,31,231
247,31,239
247,31,247
247,31,255
247,39,0
247,39,7
247,39,15
247,39,23
247,39,31
247,39,39
247,39,47
247,39,55
247,39,63
247,39,71
247,39,79
247,39,87
247,39,95
247,39,103
247,39,111
247,39,119
247,39,127
247,39,135
247,39,143
247,39,151
247,39,159
247,39,167
247,39,175
247,39,183
247,39,191
247,39,199
247,39,207
247,39,215
247,39,223
247,39,231
247,39,239
247,39,247
247,39,255
247,47,0
247,47,7
247,47,15
247,47,23
247,47,31
247,47,39
247,47,47
247,47,55
247,47,63
247,47,71
247,47,79
247,47,87
247,47,95
247,47,103
247,47,111
247,47,119
247,47,127
247,47,135
247,47,143
247,47,151
247,47,159
247,47,167
247,47,175
247,47,183
247,47,191
247,47,199
247,47,207
247,47,215
247,47,223
247,47,231
247,47,239
247,47,247
247,47,255
247,55,0
247,55,7
247,55,15
247,55,23
247,55,31
247,55,39
247,55,47
247,55,55
247,55,63
247,55,71
247,55,79
247,55,87
247,55,95
247,55,103
247,55,111
247,55,119
247,55,127
247,55,135
247,55,143
247,55,151
247,55,159
247,55,167
247,55,175
247,55,183
247,55,191
247,55,199
247,55,207
247,55,215
247,55,223
247,55,231
247,55,239
247,55,247
247,55,255
247,63,0
247,63,7
247,63,15
247,63,23
247,63,31
247,63,39
247,63,47
247,63,55
247,63,63
247,63,71
247,63,79
247,63,87
247,63,95
247,63,103
247,63,111
247,63,119
247,63,127
247,63,135
247,63,143
247,63,151
247,63,159
247,63,167
247,63,175
247,63,183
247,63,191
247,63,199
247,63,207
247,63,215
247,63,223
247,63,231
247,63,239
247,63,247
247,63,255
247,71,0
247,71,7
247,71,15
247,71,23
247,71,31
247,71,39
247,71,47
247,71,55
247,71,63
247,71,71
247,71,79
247,71,87
247,71,95
247,71,103
247,71,111
247,71,119
247,71,127
247,71,135
247,71,143
247,71,151
247,71,159
247,71,167
247,71,175
247,71,183
247,71,191
247,71,199
247,71,207
247,71,215
247,71,223
247,71,231
247,71,239
247,71,247
247,71,255
247,79,0
247,79,7
247,79,15
247,79,23
247,79,31
247,79,39
247,79,47
247,79,55
247,79,63
247,79,71
247,79,79
247,79,87
247,79,95
247,79,103
247,79,111
247,79,119
247,79,127
247,79,135
247,79,143
247,79,151
247,79,159
247,79,167
247,79,175
247,79,183
247,79,191
247,79,199
247,79,207
247,79,215
247,79,223
247,79,231
247,79,239
247,79,247
247,79,255
247,87,0
247,87,7
247,87,15
247,87,23
247,87,31
247,87,39
247,87,47
247,87,55
247,87,63
247,87,71
247,87,79
247,87,87
247,87,95
247,87,103
247,87,111
247,87,119
247,87,127
247,87,135
247,87,143
247,87,151
247,87,159
247,87,167
247,87,175
247,87,183
247,87,191
247,87,199
247,87,207
247,87,215
247,87,223
247,87,231
247,87,239
247,87,247
247,87,255
247,95,0
247,95,7
247,95,15
247,95,23
247,95,31
247,95,39
247,95,47
247,95,55
247,95,63
247,95,71
247,95,79
247,95,87
247,95,95
247,95,103
247,95,111
247,95,119
247,95,127
247,95,135
247,95,143
247,95,151
247,95,159
247,95,167
247,95,175
247,95,183
247,95,191
247,95,199
247,95,207
247,95,215
247,95,223
247,95,231
247,95,239
247,95,247
247,95,255
247,103,0
247,103,7
247,103,15
247,103,23
247,103,31
247,103,39
247,103,47
247,103,55
247,103,63
247,103,71
247,103,79
247,103,87
247,103,95
247,103,103
247,103,111
247,103,119
247,103,127
247,103,135
247,103,143
247,103,151
247,103,159
247,103,167
247,103,175
247,103,183
247,103,191
247,103,199
247,103,207
247,103,215
247,103,223
247,103,231
247,103,239
247,103,247
247,103,255
247,111,0
247,111,7
247,111,15
247,111,23
247,111,31
247,111,39
247,111,47
247,111,55
247,111,63
247,111,71
247,111,79
247,111,87
247,111,95
247,111,103
247,111,111
247,111,119
247,111,127
247,111,135
247,111,143
247,111,151
247,111,159
247,111,167
247,111,175
247,111,183
247,111,191
247,111,199
247,111,207
247,111,215
247,111,223
247,111,231
247,111,239
247,111,247
247,111,255
247,119,0
247,119,7
247,119,15
247,119,23
247,119,31
247,119,39
247,119,47
247,119,55
247,119,63
247,119,71
247,119,79
247,119,87
247,119,95
247,119,103
247,119,111
247,119,119
247,119,127
247,119,135
247,119,143
247,119,151
247,119,159
247,119,167
247,119,175
247,119,183
247,119,191
247,119,199
247,119,207
247,119,215
247,119,223
247,119,231
247,119,239
247,119,247
247,119,255
247,127,0
247,127,7
247,127,15
247,127,23
247,127,31
247,127,39
247,127,47
247,127,55
247,127,63
247,127,71
247,127,79
247,127,87
247,127,95
247,127,103
247,127,111
247,127,119
247,127,127
247,127,135
247,127,143
247,127,151
247,127,159
247,127,167
247,127,175
247,127,183
247,127,191
247,127,199
247,127,207
247,127,215
247,127,223
247,127,231
247,127,239
247,127,247
247,127,255
247,135,0
247,135,7
247,135,15
247,135,23
247,135,31
247,135,39
247,135,47
247,135,55
247,135,63
247,135,71
247,135,79
247,135,87
247,135,95
247,135,103
247,135,111
247,135,119
247,135,127
247,135,135
247,135,143
247,135,151
247,135,159
247,135,167
247,135,175
247,135,183
247,135,191
247,135,199
247,135,207
247,135,215
247,135,223
247,135,231
247,135,239
247,135,247
247,135,255
247,143,0
247,143,7
247,143,15
247,143,23
247,143,31
247,143,39
247,143,47
247,143,55
247,143,63
247,143,71
247,143,79
247,143,87
247,143,95
247,143,103
247,143,111
247,143,119
247,143,127
247,143,135
247,143,143
247,143,151
247,143,159
247,143,167
247,143,175
247,143,183
247,143,191
247,143,199
247,143,207
247,143,215
247,143,223
247,143,231
247,143,239
247,143,247
247,143,255
247,151,0
247,151,7
247,151,15
247,151,23
247,151,31
247,151,39
247,151,47
247,151,55
247,151,63
247,151,71
247,151,79
247,151,87
247,151,95
247,151,103
247,151,111
247,151,119
247,151,127
247,151,135
247,151,143
247,151,151
247,151,159
247,151,167
247,151,175
247,151,183
247,151,191
247,151,199
247,151,207
247,151,215
247,151,223
247,151,231
247,151,239
247,151,247
247,151,255
247,159,0
247,159,7
247,159,15
247,159,23
247,159,31
247,159,39
247,159,47
247,159,55
247,159,63
247,159,71
247,159,79
247,159,87
247,159,95
247,159,103
247,159,111
247,159,119
247,159,127
247,159,135
247,159,143
247,159,151
247,159,159
247,159,167
247,159,175
247,159,183
247,159,191
247,159,199
247,159,207
247,159,215
247,159,223
247,159,231
247,159,239
247,159,247
247,159,255
247,167,0
247,167,7
247,167,15
247,167,23
247,167,31
247,167,39
247,167,47
247,167,55
247,167,63
247,167,71
247,167,79
247,167,87
247,167,95
247,167,103
247,167,111
247,167,119
247,167,127
247,167,135
247,167,143
247,167,151
247,167,159
247,167,167
247,167,175
247,167,183
247,167,191
247,167,199
247,167,207
247,167,215
247,167,223
247,167,231
247,167,239
247,167,247
247,167,255
247,175,0
247,175,7
247,175,15
247,175,23
247,175,31
247,175,39
247,175,47
247,175,55
247,175,63
247,175,71
247,175,79
247,175,87
247,175,95
247,175,103
247,175,111
247,175,119
247,175,127
247,175,135
247,175,143
247,175,151
247,175,159
247,175,167
247,175,175
247,175,183
247,175,191
247,175,199
247,175,207
247,175,215
247,175,223
247,175,231
247,175,239
247,175,247
247,175,255
247,183,0
247,183,7
247,183,15
247,183,23
247,183,31
247,183,39
247,183,47
247,183,55
247,183,63
247,183,71
247,183,79
247,183,87
247,183,95
247,183,103
247,183,111
247,183,119
247,183,127
247,183,135
247,183,143
247,183,151
247,183,159
247,183,167
247,183,175
247,183,183
247,183,191
247,183,199
247,183,207
247,183,215
247,183,223
247,183,231
247,183,239
247,183,247
247,183,255
247,191,0
247,191,7
247,191,15
247,191,23
247,191,31
247,191,39
247,191,47
247,191,55
247,191,63
247,191,71
247,191,79
247,191,87
247,191,95
247,191,103
247,191,111
247,191,119
247,191,127
247,191,135
247,191,143
247,191,151
247,191,159
247,191,167
247,191,175
247,191,183
247,191,191
247,191,199
247,191,207
247,191,215
247,191,223
247,191,231
247,191,239
247,191,247
247,191,255
247,199,0
247,199,7
247,199,15
247,199,23
247,199,31
247,199,39
247,199,47
247,199,55
247,199,63
247,199,71
247,199,79
247,199,87
247,199,95
247,199,103
247,199,111
247,199,119
247,199,127
247,199,135
247,199,143
247,199,151
247,199,159
247,199,167
247,199,175
247,199,183
247,199,191
247,199,199
247,199,207
247,199,215
247,199,223
247,199,231
247,199,239
247,199,247
247,199,255
247,207,0
247,207,7
247,207,15
247,207,23
247,207,31
247,207,39
247,207,47
247,207,55
247,207,63
247,207,71
247,207,79
247,207,87
247,207,95
247,207,103
247,207,111
247,207,119
247,207,127
247,207,135
247,207,143
247,207,151
247,207,159
247,207,167
247,207,175
247,207,183
247,207,191
247,207,199
247,207,207
247,207,215
247,207,223
247,207,231
247,207,239
247,207,247
247,207,255
247,215,0
247,215,7
247,215,15
247,215,23
247,215,31
247,215,39
247,215,47
247,215,55
247,215,63
247,215,71
247,215,79
247,215,87
247,215,95
247,215,103
247,215,111
247,215,119
247,215,127
247,215,135
247,215,143
247,215,151
247,215,159
247,215,167
247,215,175
247,215,183
247,215,191
247,215,199
247,215,207
247,215,215
247,215,223
247,215,231
247,215,239
247,215,247
247,215,255
247,223,0
247,223,7
247,223,15
247,223,23
247,223,31
247,223,39
247,223,47
247,223,55
247,223,63
247,223,71
247,223,79
247,223,87
247,223,95
247,223,103
247,223,111
247,223,119
247,223,127
247,223,135
247,223,143
247,223,151
247,223,159
247,223,167
247,223,175
247,223,183
247,223,191
247,223,199
247,223,207
247,223,215
247,223,223
247,223,231
247,223,239
247,223,247
247,223,255
247,231,0
247,231,7
247,231,15
247,231,23
247,231,31
247,231,39
247,231,47
247,231,55
247,231,63
247,231,71
247,231,79
247,231,87
247,231,95
247,231,103
247,231,111
247,231,119
247,231,127
247,231,135
247,231,143
247,231,151
247,231,159
247,231,167
247,231,175
247,231,183
247,231,191
247,231,199
247,231,207
247,231,215
247,231,223
247,231,231
247,231,239
247,231,247
247,231,255
247,239,0
247,239,7
247,239,15
247,239,23
247,239,31
247,239,39
247,239,47
247,239,55
247,239,63
247,239,71
247,239,79
247,239,87
247,239,95
247,239,103
247,239,111
247,239,119
247,239,127
247,239,135
247,239,143
247,239,151
247,239,159
247,239,167
247,239,175
247,239,183
247,239,191
247,239,199
247,239,207
247,239,215
247,239,223
247,239,231
247,239,239
247,239,247
247,239,255
247,247,0
247,247,7
247,247,15
247,247,23
247,247,31
247,247,39
247,247,47
247,247,55
247,247,63
247,247,71
247,247,79
247,247,87
247,247,95
247,247,103
247,247,111
247,247,119
247,247,127
247,247,135
247,247,143
247,247,151
247,247,159
247,247,167
247,247,175
247,247,183
247,247,191
247,247,199
247,247,207
247,247,215
247,247,223
247,247,231
247,247,239
247,247,247
247,247,255
247,255,0
247,255,7
247,255,15
247,255,23
247,255,31
247,255,39
247,255,47
247,255,55
247,255,63
247,255,71
247,255,79
247,255,87
247,255,95
247,255,103
247,255,111
247,255,119
247,255,127
247,255,135
247,255,143
247,255,151
247,255,159
247,255,167
247,255,175
247,255,183
247,255,191
247,255,199
247,255,207
247,255,215
247,255,223
247,255,231
247,255,239
247,255,247
247,255,255
255,0,0
255,0,7
255,0,15
255,0,23
255,0,31
255,0,39
255,0,47
255,0,55
255,0,63
255,0,71
255,0,79
255,0,87
255,0,95
255,0,103
255,0,111
255,0,119
255,0,127
255,0,135
255,0,143
255,0,151
255,0,159
255,0,167
255,0,175
255,0,183
255,0,191
255,0,199
255,0,207
255,0,215
255,0,223
255,0,231
255,0,239
255,0,247
255,0,255
255,7,0
255,7,7
255,7,15
255,7,23
255,7,31
255,7,39
255,7,47
255,7,55
255,7,63
255,7,71
255,7,79
255,7,87
255,7,95
255,7,103
255,7,111
255,7,119
255,7,127
255,7,135
255,7,143
255,7,151
255,7,159
255,7,167
255,7,175
255,7,183
255,7,191
255,7,199
255,7,207
255,7,215
255,7,223
255,7,231
255,7,239
255,7,247
255,7,255
255,15,0
255,15,7
255,15,15
255,15,23
255,15,31
255,15,39
255,15,47
255,15,55
255,15,63
255,15,71
255,15,79
255,15,87
255,15,95
255,15,103
255,15,111
255,15,119
255,15,127
255,15,135
255,15,143
255,15,151
255,15,159
255,15,167
255,15,175
255,15,183
255,15,191
255,15,199
255,15,207
255,15,215
255,15,223
255,15,231
255,15,239
255,15,247
255,15,255
255,23,0
255,23,7
255,23,15
255,23,23
255,23,31
255,23,39
255,23,47
255,23,55
255,23,63
255,23,71
255,23,79
255,23,87
255,23,95
255,23,103
255,23,111
255,23,119
255,23,127
255,23,135
255,23,143
255,23,151
255,23,159
255,23,167
255,23,175
255,23,183
255,23,191
255,23,199
255,23,207
255,23,215
255,23,223
255,23,231
255,23,239
255,23,247
255,23,255
255,31,0
255,31,7
255,31,15
255,31,23
255,31,31
255,31,39
255,31,47
255,31,55
255,31,63
255,31,71
255,31,79
255,31,87
255,31,95
255,31,103
255,31,111
255,31,119
255,31,127
255,31,135
255,31,143
255,31,151
255,31,159
255,31,167
255,31,175
255,31,183
255,31,191
255,31,199
255,31,207
255,31,215
255,31,223
255,31,231
255,31,239
255,31,247
255,31,255
255,39,0
255,39,7
255,39,15
255,39,23
255,39,31
255,39,39
255,39,47
255,39,55
255,39,63
255,39,71
255,39,79
255,39,87
255,39,95
255,39,103
255,39,111
255,39,119
255,39,127
255,39,135
255,39,143
255,39,151
255,39,159
255,39,167
255,39,175
255,39,183
255,39,191
255,39,199
255,39,207
255,39,215
255,39,223
255,39,231
255,39,239
255,39,247
255,39,255
255,47,0
255,47,7
255,47,15
255,47,23
255,47,31
255,47,39
255,47,47
255,47,55
255,47,63
255,47,71
255,47,79
255,47,87
255,47,95
255,47,103
255,47,111
255,47,119
255,47,127
255,47,135
255,47,143
255,47,151
255,47,159
255,47,167
255,47,175
255,47,183
255,47,191
255,47,199
255,47,207
255,47,215
255,47,223
255,47,231
255,47,239
255,47,247
255,47,255
255,55,0
255,55,7
255,55,15
255,55,23
255,55,31
255,55,39
255,55,47
255,55,55
255,55,63
255,55,71
255,55,79
255,55,87
255,55,95
255,55,103
255,55,111
255,55,119
255,55,127
255,55,135
255,55,143
255,55,151
255,55,159
255,55,167
255,55,175
255,55,183
255,55,191
255,55,199
255,55,207
255,55,215
255,55,223
255,55,231
255,55,239
255,55,247
255,55,255
255,63,0
255,63,7
255,63,15
255,63,23
255,63,31
255,63,39
255,63,47
255,63,55
255,63,63
255,63,71
255,63,79
255,63,87
255,63,95
255,63,103
255,63,111
255,63,119
255,63,127
255,63,135
255,63,143
255,63,151
255,63,159
255,63,167
255,63,175
255,63,183
255,63,191
255,63,199
255,63,207
255,63,215
255,63,223
255,63,231
255,63,239
255,63,247
255,63,255
255,71,0
255,71,7
255,71,15
255,71,23
255,71,31
255,71,39
255,71,47
255,71,55
255,71,63
255,71,71
255,71,79
255,71,87
255,71,95
255,71,103
255,71,111
255,71,119
255,71,127
255,71,135
255,71,143
255,71,151
255,71,159
255,71,167
255,71,175
255,71,183
255,71,191
255,71,199
255,71,207
255,71,215
255,71,223
255,71,231
255,71,239
255,71,247
255,71,255
255,79,0
255,79,7
255,79,15
255,79,23
255,79,31
255,79,39
255,79,47
255,79,55
255,79,63
255,79,71
255,79,79
255,79,87
255,79,95
255,79,103
255,79,111
255,79,119
255,79,127
255,79,135
255,79,143
255,79,151
255,79,159
255,79,167
255,79,175
255,79,183
255,79,191
255,79,199
255,79,207
255,79,215
255,79,223
255,79,231
255,79,239
255,79,247
255,79,255
255,87,0
255,87,7
255,87,15
255,87,23
255,87,31
255,87,39
255,87,47
255,87,55
255,87,63
255,87,71
255,87,79
255,87,87
255,87,95
255,87,103
255,87,111
255,87,119
255,87,127
255,87,135
255,87,143
255,87,151
255,87,159
255,87,167
255,87,175
255,87,183
255,87,191
255,87,199
255,87,207
255,87,215
255,87,223
255,87,231
255,87,239
255,87,247
255,87,255
255,95,0
255,95,7
255,95,15
255,95,23
255,95,31
255,95,39
255,95,47
255,95,55
255,95,63
255,95,71
255,95,79
255,95,87
255,95,95
255,95,103
255,95,111
255,95,119
255,95,127
255,95,135
255,95,143
255,95,151
255,95,159
255,95,167
255,95,175
255,95,183
255,95,191
255,95,199
255,95,207
255,95,215
255,95,223
255,95,231
255,95,239
255,95,247
255,95,255
255,103,0
255,103,7
255,103,15
255,103,23
255,103,31
255,103,39
255,103,47
255,103,55
255,103,63
255,103,71
255,103,79
255,103,87
255,103,95
255,103,103
255,103,111
255,103,119
255,103,127
255,103,135
255,103,143
255,103,151
255,103,159
255,103,167
255,103,175
255,103,183
255,103,191
255,103,199
255,103,207
255,103,215
255,103,223
255,103,231
255,103,239
255,103,247
255,103,255
255,111,0
255,111,7
255,111,15
255,111,23
255,111,31
255,111,39
255,111,47
255,111,55
255,111,63
255,111,71
255,111,79
255,111,87
255,111,95
255,111,103
255,111,111
255,111,119
255,111,127
255,111,135
255,111,143
255,111,151
255,111,159
255,111,167
255,111,175
255,111,183
255,111,191
255,111,199
255,111,207
255,111,215
255,111,223
255,111,231
255,111,239
255,111,247
255,111,255
255,119,0
255,119,7
255,119,15
255,119,23
255,119,31
255,119,39
255,119,47
255,119,55
255,119,63
255,119,71
255,119,79
255,119,87
255,119,95
255,119,103
255,119,111
255,119,119
255,119,127
255,119,135
255,119,143
255,119,151
255,119,159
255,119,167
255,119,175
255,119,183
255,119,191
255,119,199
255,119,207
255,119,215
255,119,223
255,119,231
255,119,239
255,119,247
255,119,255
255,127,0
255,127,7
255,127,15
255,127,23
255,127,31
255,127,39
255,127,47
255,127,55
255,127,63
255,127,71
255,127,79
255,127,87
255,127,95
255,127,103
255,127,111
255,127,119
255,127,127
255,127,135
255,127,143
255,127,151
255,127,159
255,127,167
255,127,175
255,127,183
255,127,191
255,127,199
255,127,207
255,127,215
255,127,223
255,127,231
255,127,239
255,127,247
255,127,255
255,135,0
255,135,7
255,135,15
255,135,23
255,135,31
255,135,39
255,135,47
255,135,55
255,135,63
255,135,71
255,135,79
255,135,87
255,135,95
255,135,103
255,135,111
255,135,119
255,135,127
255,135,135
255,135,143
255,135,151
255,135,159
255,135,167
255,135,175
255,135,183
255,135,191
255,135,199
255,135,207
255,135,215
255,135,223
255,135,231
255,135,239
255,135,247
255,135,255
255,143,0
255,143,7
255,143,15
255,143,23
255,143,31
255,143,39
255,143,47
255,143,55
255,143,63
255,143,71
255,143,79
255,143,87
255,143,95
255,143,103
255,143,111
255,143,119
255,143,127
255,143,135
255,143,143
255,143,151
255,143,159
255,143,167
255,143,175
255,143,183
255,143,191
255,143,199
255,143,207
255,143,215
255,143,223
255,143,231
255,143,239
255,143,247
255,143,255
255,151,0
255,151,7
255,151,15
255,151,23
255,151,31
255,151,39
255,151,47
255,151,55
255,151,63
255,151,71
255,151,79
255,151,87
255,151,95
255,151,103
255,151,111
255,151,119
255,151,127
255,151,135
255,151,143
255,151,151
255,151,159
255,151,167
255,151,175
255,151,183
255,151,191
255,151,199
255,151,207
255,151,215
255,151,223
255,151,231
255,151,239
255,151,247
255,151,255
255,159,0
255,159,7
255,159,15
255,159,23
255,159,31
255,159,39
255,159,47
255,159,55
255,159,63
255,159,71
255,159,79
255,159,87
255,159,95
255,159,103
255,159,111
255,159,119
255,159,127
255,159,135
255,159,143
255,159,151
255,159,159
255,159,167
255,159,175
255,159,183
255,159,191
255,159,199
255,159,207
255,159,215
255,159,223
255,159,231
255,159,239
255,159,247
255,159,255
255,167,0
255,167,7
255,167,15
255,167,23
255,167,31
255,167,39
255,167,47
255,167,55
255,167,63
255,167,71
255,167,79
255,167,87
255,167,95
255,167,103
255,167,111
255,167,119
255,167,127
255,167,135
255,167,143
255,167,151
255,167,159
255,167,167
255,167,175
255,167,183
255,167,191
255,167,199
255,167,207
255,167,215
255,167,223
255,167,231
255,167,239
255,167,247
255,167,255
255,175,0
255,175,7
255,175,15
255,175,23
255,175,31
255,175,39
255,175,47
255,175,55
255,175,63
255,175,71
255,175,79
255,175,87
255,175,95
255,175,103
255,175,111
255,175,119
255,175,127
255,175,135
255,175,143
255,175,151
255,175,159
255,175,167
255,175,175
255,175,183
255,175,191
255,175,199
255,175,207
255,175,215
255,175,223
255,175,231
255,175,239
255,175,247
255,175,255
255,183,0
255,183,7
255,183,15
255,183,23
255,183,31
255,183,39
255,183,47
255,183,55
255,183,63
255,183,71
255,183,79
255,183,87
255,183,95
255,183,103
255,183,111
255,183,119
255,183,127
255,183,135
255,183,143
255,183,151
255,183,159
255,183,167
255,183,175
255,183,183
255,183,191
255,183,199
255,183,207
255,183,215
255,183,223
255,183,231
255,183,239
255,183,247
255,183,255
255,191,0
255,191,7
255,191,15
255,191,23
255,191,31
255,191,39
255,191,47
255,191,55
255,191,63
255,191,71
255,191,79
255,191,87
255,191,95
255,191,103
255,191,111
255,191,119
255,191,127
255,191,135
255,191,143
255,191,151
255,191,159
255,191,167
255,191,175
255,191,183
255,191,191
255,191,199
255,191,207
255,191,215
255,191,223
255,191,231
255,191,239
255,191,247
255,191,255
255,199,0
255,199,7
255,199,15
255,199,23
255,199,31
255,199,39
255,199,47
255,199,55
255,199,63
255,199,71
255,199,79
255,199,87
255,199,95
255,199,103
255,199,111
255,199,119
255,199,127
255,199,135
255,199,143
255,199,151
255,199,159
255,199,167
255,199,175
255,199,183
255,199,191
255,199,199
255,199,207
255,199,215
255,199,223
255,199,231
255,199,239
255,199,247
255,199,255
255,207,0
255,207,7
255,207,15
255,207,23
255,207,31
255,207,39
255,207,47
255,207,55
255,207,63
255,207,71
255,207,79
255,207,87
255,207,95
255,207,103
255,207,111
255,207,119
255,207,127
255,207,135
255,207,143
255,207,151
255,207,159
255,207,167
255,207,175
255,207,183
255,207,191
255,207,199
255,207,207
255,207,215
255,207,223
255,207,231
255,207,239
255,207,247
255,207,255
255,215,0
255,215,7
255,215,15
255,215,23
255,215,31
255,215,39
255,215,47
255,215,55
255,215,63
255,215,71
255,215,79
255,215,87
255,215,95
255,215,103
255,215,111
255,215,119
255,215,127
255,215,135
255,215,143
255,215,151
255,215,159
255,215,167
255,215,175
255,215,183
255,215,191
255,215,199
255,215,207
255,215,215
255,215,223
255,215,231
255,215,239
255,215,247
255,215,255
255,223,0
255,223,7
255,223,15
255,223,23
255,223,31
255,223,39
255,223,47
255,223,55
255,223,63
255,223,71
255,223,79
255,223,87
255,223,95
255,223,103
255,223,111
255,223,119
255,223,127
255,223,135
255,223,143
255,223,151
255,223,159
255,223,167
255,223,175
255,223,183
255,223,191
255,223,199
255,223,207
255,223,215
255,223,223
255,223,231
255,223,239
255,223,247
255,223,255
255,231,0
255,231,7
255,231,15
255,231,23
255,231,31
255,231,39
255,231,47
255,231,55
255,231,63
255,231,71
255,231,79
255,231,87
255,231,95
255,231,103
255,231,111
255,231,119
255,231,127
255,231,135
255,231,143
255,231,151
255,231,159
255,231,167
255,231,175
255,231,183
255,231,191
255,231,199
255,231,207
255,231,215
255,231,223
255,231,231
255,231,239
255,231,247
255,231,255
255,239,0
255,239,7
255,239,15
255,239,23
255,239,31
255,239,39
255,239,47
255,239,55
255,239,63
255,239,71
255,239,79
255,239,87
255,239,95
255,239,103
255,239,111
255,239,119
255,239,127
255,239,135
255,239,143
255,239,151
255,239,159
255,239,167
255,239,175
255,239,183
255,239,191
255,239,199
255,239,207
255,239,215
255,239,223
255,239,231
255,239,239
255,239,247
255,239,255
255,247,0
255,247,7
255,247,15
255,247,23
255,247,31
255,247,39
255,247,47
255,247,55
255,247,63
255,247,71
255,247,79
255,247,87
255,247,95
255,247,103
255,247,111
255,247,119
255,247,127
255,247,135
255,247,143
255,247,151
255,247,159
255,247,167
255,247,175
255,247,183
255,247,191
255,247,199
255,247,207
255,247,215
255,247,223
255,247,231
255,247,239
255,247,247
255,247,255
255,255,0
255,255,7
255,255,15
255,255,23
255,255,31
255,255,39
255,255,47
255,255,55
255,255,63
255,255,71
255,255,79
255,255,87
255,255,95
255,255,103
255,255,111
255,255,119
255,255,127
255,255,135
255,255,143
255,255,151
255,255,159
255,255,167
255,255,175
255,255,183
255,255,191
255,255,199
255,255,207
255,255,215
255,255,223
255,255,231
255,255,239
255,255,247
255,255,255
